-- phpMyAdmin SQL Dump
-- version 4.0.10.14
-- http://www.phpmyadmin.net
--
-- Host: localhost:3306
-- Generation Time: Nov 28, 2016 at 12:53 PM
-- Server version: 5.6.34-log
-- PHP Version: 5.6.20

SET SQL_MODE = "NO_AUTO_VALUE_ON_ZERO";
SET time_zone = "+00:00";


/*!40101 SET @OLD_CHARACTER_SET_CLIENT=@@CHARACTER_SET_CLIENT */;
/*!40101 SET @OLD_CHARACTER_SET_RESULTS=@@CHARACTER_SET_RESULTS */;
/*!40101 SET @OLD_COLLATION_CONNECTION=@@COLLATION_CONNECTION */;
/*!40101 SET NAMES utf8 */;

--
-- Database: `conquero_crunchyv5`
--

-- --------------------------------------------------------

--
-- Table structure for table `dn_addons`
--

CREATE TABLE IF NOT EXISTS `dn_addons` (
  `addon_id` int(11) NOT NULL AUTO_INCREMENT,
  `addon_name` varchar(50) DEFAULT NULL,
  `price` decimal(10,2) NOT NULL,
  `description` varchar(100) DEFAULT NULL,
  `addon_image` varchar(50) NOT NULL,
  `status` enum('Active','Inactive') DEFAULT 'Active',
  PRIMARY KEY (`addon_id`)
) ENGINE=InnoDB  DEFAULT CHARSET=latin1 AUTO_INCREMENT=29 ;

--
-- Dumping data for table `dn_addons`
--

INSERT INTO `dn_addons` (`addon_id`, `addon_name`, `price`, `description`, `addon_image`, `status`) VALUES
(3, 'Lemons', '20.00', 'These are lemons for addons in Biryani', 'addon_3.jpg', 'Active'),
(4, 'Onions', '10.00', 'These are the extra onions', 'addon_4.jpg', 'Active'),
(6, 'Chicken Reshmi Kabab', '80.00', 'Course Chicken Reshmi Kabab   ', 'addon_6.jpg', 'Inactive'),
(7, 'Chickent Boti', '90.00', 'Chickent Boti', 'addon_7.jpg', 'Active'),
(8, 'Chicken Steam Roast', '100.00', 'chicken steam roast', 'addon_8.jpg', 'Active'),
(9, 'Chicken Haleem', '40.00', 'Chicken Haleem', 'addon_9.jpg', 'Active'),
(12, 'Masala', '25.00', 'This is extra masala', 'addon_12.jpg', 'Active'),
(15, 'Chicken Cutlets', '30.00', 'Chicken Cutlets', 'addon_15.jpg', 'Active'),
(16, 'MASOOR BIRYANI', '25.00', 'MASOOR BIRYANI', 'addon_16.jpg', 'Active'),
(17, 'CHICKEN DRUM STICKS', '100.00', 'CHICKEN DRUM STICKS', 'addon_17.jpg', 'Active'),
(18, 'CHICKEN GINGER', '60.00', 'CHICKEN GINGER', 'addon_18.jpg', 'Inactive'),
(19, 'MUTTON BOTI', '30.00', 'MUTTON BOTI', 'addon_19.jpg', 'Active'),
(20, 'KASHMIRI TEA', '40.00', 'KASHMIRI TEA', 'addon_20.jpg', 'Active'),
(21, 'CHICKEN CORN SOUP', '40.00', 'CHICKEN CORN SOUP', 'addon_21.jpg', 'Active'),
(22, 'GREEN TEA', '25.00', 'GREEN TEA', 'addon_22.jpg', 'Active'),
(25, 'DODH DULARI', '50.00', 'DODH DULARI', 'addon_25.jpg', 'Active'),
(26, 'MATKA KULFI', '50.00', 'MATKA KULFI', 'addon_26.jpg', 'Active'),
(27, 'bvmbnvmnb', '567.99', 'hbgkhjjhvjhv', 'addon_27.jpg', 'Active'),
(28, 'Test Addong', '10.00', 'Nice fgfgf', 'addon_28.png', 'Active');

-- --------------------------------------------------------

--
-- Table structure for table `dn_calendar_timezones`
--

CREATE TABLE IF NOT EXISTS `dn_calendar_timezones` (
  `CountryCode` char(2) NOT NULL,
  `Coordinates` char(15) NOT NULL,
  `TimeZone` char(32) NOT NULL,
  `Comments` varchar(85) NOT NULL,
  `UTC_offset` char(8) NOT NULL,
  `UTC_DST_offset` char(8) NOT NULL,
  `Notes` varchar(79) DEFAULT NULL
) ENGINE=InnoDB DEFAULT CHARSET=utf8;

--
-- Dumping data for table `dn_calendar_timezones`
--

INSERT INTO `dn_calendar_timezones` (`CountryCode`, `Coordinates`, `TimeZone`, `Comments`, `UTC_offset`, `UTC_DST_offset`, `Notes`) VALUES
('CI', '+0519-00402', 'Africa/Abidjan', '', '+00:00', '+00:00', ''),
('GH', '+0533-00013', 'Africa/Accra', '', '+00:00', '+00:00', ''),
('ET', '+0902+03842', 'Africa/Addis_Ababa', '', '+03:00', '+03:00', ''),
('DZ', '+3647+00303', 'Africa/Algiers', '', '+01:00', '+01:00', ''),
('ER', '+1520+03853', 'Africa/Asmara', '', '+03:00', '+03:00', ''),
('', '', 'Africa/Asmera', '', '+03:00', '+03:00', 'Link to Africa/Asmara'),
('ML', '+1239-00800', 'Africa/Bamako', '', '+00:00', '+00:00', ''),
('CF', '+0422+01835', 'Africa/Bangui', '', '+01:00', '+01:00', ''),
('GM', '+1328-01639', 'Africa/Banjul', '', '+00:00', '+00:00', ''),
('GW', '+1151-01535', 'Africa/Bissau', '', '+00:00', '+00:00', ''),
('MW', '-1547+03500', 'Africa/Blantyre', '', '+02:00', '+02:00', ''),
('CG', '-0416+01517', 'Africa/Brazzaville', '', '+01:00', '+01:00', ''),
('BI', '-0323+02922', 'Africa/Bujumbura', '', '+02:00', '+02:00', ''),
('EG', '+3003+03115', 'Africa/Cairo', '', '+02:00', '+02:00', 'DST has been canceled since 2011'),
('MA', '+3339-00735', 'Africa/Casablanca', '', '+00:00', '+01:00', ''),
('ES', '+3553-00519', 'Africa/Ceuta', 'Ceuta & Melilla', '+01:00', '+02:00', ''),
('GN', '+0931-01343', 'Africa/Conakry', '', '+00:00', '+00:00', ''),
('SN', '+1440-01726', 'Africa/Dakar', '', '+00:00', '+00:00', ''),
('TZ', '-0648+03917', 'Africa/Dar_es_Salaam', '', '+03:00', '+03:00', ''),
('DJ', '+1136+04309', 'Africa/Djibouti', '', '+03:00', '+03:00', ''),
('CM', '+0403+00942', 'Africa/Douala', '', '+01:00', '+01:00', ''),
('EH', '+2709-01312', 'Africa/El_Aaiun', '', '+00:00', '+00:00', ''),
('SL', '+0830-01315', 'Africa/Freetown', '', '+00:00', '+00:00', ''),
('BW', '-2439+02555', 'Africa/Gaborone', '', '+02:00', '+02:00', ''),
('ZW', '-1750+03103', 'Africa/Harare', '', '+02:00', '+02:00', ''),
('ZA', '-2615+02800', 'Africa/Johannesburg', '', '+02:00', '+02:00', ''),
('SS', '+0451+03136', 'Africa/Juba', '', '+03:00', '+03:00', ''),
('UG', '+0019+03225', 'Africa/Kampala', '', '+03:00', '+03:00', ''),
('SD', '+1536+03232', 'Africa/Khartoum', '', '+03:00', '+03:00', ''),
('RW', '-0157+03004', 'Africa/Kigali', '', '+02:00', '+02:00', ''),
('CD', '-0418+01518', 'Africa/Kinshasa', 'west Dem. Rep. of Congo', '+01:00', '+01:00', ''),
('NG', '+0627+00324', 'Africa/Lagos', '', '+01:00', '+01:00', ''),
('GA', '+0023+00927', 'Africa/Libreville', '', '+01:00', '+01:00', ''),
('TG', '+0608+00113', 'Africa/Lome', '', '+00:00', '+00:00', ''),
('AO', '-0848+01314', 'Africa/Luanda', '', '+01:00', '+01:00', ''),
('CD', '-1140+02728', 'Africa/Lubumbashi', 'east Dem. Rep. of Congo', '+02:00', '+02:00', ''),
('ZM', '-1525+02817', 'Africa/Lusaka', '', '+02:00', '+02:00', ''),
('GQ', '+0345+00847', 'Africa/Malabo', '', '+01:00', '+01:00', ''),
('MZ', '-2558+03235', 'Africa/Maputo', '', '+02:00', '+02:00', ''),
('LS', '-2928+02730', 'Africa/Maseru', '', '+02:00', '+02:00', ''),
('SZ', '-2618+03106', 'Africa/Mbabane', '', '+02:00', '+02:00', ''),
('SO', '+0204+04522', 'Africa/Mogadishu', '', '+03:00', '+03:00', ''),
('LR', '+0618-01047', 'Africa/Monrovia', '', '+00:00', '+00:00', ''),
('KE', '-0117+03649', 'Africa/Nairobi', '', '+03:00', '+03:00', ''),
('TD', '+1207+01503', 'Africa/Ndjamena', '', '+01:00', '+01:00', ''),
('NE', '+1331+00207', 'Africa/Niamey', '', '+01:00', '+01:00', ''),
('MR', '+1806-01557', 'Africa/Nouakchott', '', '+00:00', '+00:00', ''),
('BF', '+1222-00131', 'Africa/Ouagadougou', '', '+00:00', '+00:00', ''),
('BJ', '+0629+00237', 'Africa/Porto-Novo', '', '+01:00', '+01:00', ''),
('ST', '+0020+00644', 'Africa/Sao_Tome', '', '+00:00', '+00:00', ''),
('', '', 'Africa/Timbuktu', '', '+00:00', '+00:00', 'Link to Africa/Bamako'),
('LY', '+3254+01311', 'Africa/Tripoli', '', '+01:00', '+02:00', ''),
('TN', '+3648+01011', 'Africa/Tunis', '', '+01:00', '+01:00', ''),
('NA', '-2234+01706', 'Africa/Windhoek', '', '+01:00', '+02:00', ''),
('', '', 'AKST9AKDT', '', '−09:00', '−08:00', 'Link to America/Anchorage'),
('US', '+515248-1763929', 'America/Adak', 'Aleutian Islands', '−10:00', '−09:00', ''),
('US', '+611305-1495401', 'America/Anchorage', 'Alaska Time', '−09:00', '−08:00', ''),
('AI', '+1812-06304', 'America/Anguilla', '', '−04:00', '−04:00', ''),
('AG', '+1703-06148', 'America/Antigua', '', '−04:00', '−04:00', ''),
('BR', '-0712-04812', 'America/Araguaina', 'Tocantins', '−03:00', '−03:00', ''),
('AR', '-3436-05827', 'America/Argentina/Buenos_Aires', 'Buenos Aires (BA, CF)', '−03:00', '−03:00', ''),
('AR', '-2828-06547', 'America/Argentina/Catamarca', 'Catamarca (CT), Chubut (CH)', '−03:00', '−03:00', ''),
('', '', 'America/Argentina/ComodRivadavia', '', '−03:00', '−03:00', 'Link to America/Argentina/Catamarca'),
('AR', '-3124-06411', 'America/Argentina/Cordoba', 'most locations (CB, CC, CN, ER, FM, MN, SE, SF)', '−03:00', '−03:00', ''),
('AR', '-2411-06518', 'America/Argentina/Jujuy', 'Jujuy (JY)', '−03:00', '−03:00', ''),
('AR', '-2926-06651', 'America/Argentina/La_Rioja', 'La Rioja (LR)', '−03:00', '−03:00', ''),
('AR', '-3253-06849', 'America/Argentina/Mendoza', 'Mendoza (MZ)', '−03:00', '−03:00', ''),
('AR', '-5138-06913', 'America/Argentina/Rio_Gallegos', 'Santa Cruz (SC)', '−03:00', '−03:00', ''),
('AR', '-2447-06525', 'America/Argentina/Salta', '(SA, LP, NQ, RN)', '−03:00', '−03:00', ''),
('AR', '-3132-06831', 'America/Argentina/San_Juan', 'San Juan (SJ)', '−03:00', '−03:00', ''),
('AR', '-3319-06621', 'America/Argentina/San_Luis', 'San Luis (SL)', '−03:00', '−03:00', ''),
('AR', '-2649-06513', 'America/Argentina/Tucuman', 'Tucuman (TM)', '−03:00', '−03:00', ''),
('AR', '-5448-06818', 'America/Argentina/Ushuaia', 'Tierra del Fuego (TF)', '−03:00', '−03:00', ''),
('AW', '+1230-06958', 'America/Aruba', '', '−04:00', '−04:00', ''),
('PY', '-2516-05740', 'America/Asuncion', '', '−04:00', '−03:00', ''),
('CA', '+484531-0913718', 'America/Atikokan', 'Eastern Standard Time - Atikokan, Ontario and Southampton I, Nunavut', '−05:00', '−05:00', ''),
('', '', 'America/Atka', '', '−10:00', '−09:00', 'Link to America/Adak'),
('BR', '-1259-03831', 'America/Bahia', 'Bahia', '−03:00', '−03:00', ''),
('MX', '+2048-10515', 'America/Bahia_Banderas', 'Mexican Central Time - Bahia de Banderas', '−06:00', '−05:00', ''),
('BB', '+1306-05937', 'America/Barbados', '', '−04:00', '−04:00', ''),
('BR', '-0127-04829', 'America/Belem', 'Amapa, E Para', '−03:00', '−03:00', ''),
('BZ', '+1730-08812', 'America/Belize', '', '−06:00', '−06:00', ''),
('CA', '+5125-05707', 'America/Blanc-Sablon', 'Atlantic Standard Time - Quebec - Lower North Shore', '−04:00', '−04:00', ''),
('BR', '+0249-06040', 'America/Boa_Vista', 'Roraima', '−04:00', '−04:00', ''),
('CO', '+0436-07405', 'America/Bogota', '', '−05:00', '−05:00', ''),
('US', '+433649-1161209', 'America/Boise', 'Mountain Time - south Idaho & east Oregon', '−07:00', '−06:00', ''),
('', '', 'America/Buenos_Aires', '', '−03:00', '−03:00', 'Link to America/Argentina/Buenos_Aires'),
('CA', '+690650-1050310', 'America/Cambridge_Bay', 'Mountain Time - west Nunavut', '−07:00', '−06:00', ''),
('BR', '-2027-05437', 'America/Campo_Grande', 'Mato Grosso do Sul', '−04:00', '−03:00', ''),
('MX', '+2105-08646', 'America/Cancun', 'Central Time - Quintana Roo', '−06:00', '−05:00', ''),
('VE', '+1030-06656', 'America/Caracas', '', '−04:30', '−04:30', ''),
('', '', 'America/Catamarca', '', '−03:00', '−03:00', 'Link to America/Argentina/Catamarca'),
('GF', '+0456-05220', 'America/Cayenne', '', '−03:00', '−03:00', ''),
('KY', '+1918-08123', 'America/Cayman', '', '−05:00', '−05:00', ''),
('US', '+415100-0873900', 'America/Chicago', 'Central Time', '−06:00', '−05:00', ''),
('MX', '+2838-10605', 'America/Chihuahua', 'Mexican Mountain Time - Chihuahua away from US border', '−07:00', '−06:00', ''),
('', '', 'America/Coral_Harbour', '', '−05:00', '−05:00', 'Link to America/Atikokan'),
('', '', 'America/Cordoba', '', '−03:00', '−03:00', 'Link to America/Argentina/Cordoba'),
('CR', '+0956-08405', 'America/Costa_Rica', '', '−06:00', '−06:00', ''),
('CA', '+4906-11631', 'America/Creston', 'Mountain Standard Time - Creston, British Columbia', '−07:00', '−07:00', ''),
('BR', '-1535-05605', 'America/Cuiaba', 'Mato Grosso', '−04:00', '−03:00', ''),
('CW', '+1211-06900', 'America/Curacao', '', '−04:00', '−04:00', ''),
('GL', '+7646-01840', 'America/Danmarkshavn', 'east coast, north of Scoresbysund', '+00:00', '+00:00', ''),
('CA', '+6404-13925', 'America/Dawson', 'Pacific Time - north Yukon', '−08:00', '−07:00', ''),
('CA', '+5946-12014', 'America/Dawson_Creek', 'Mountain Standard Time - Dawson Creek & Fort Saint John, British Columbia', '−07:00', '−07:00', ''),
('US', '+394421-1045903', 'America/Denver', 'Mountain Time', '−07:00', '−06:00', ''),
('US', '+421953-0830245', 'America/Detroit', 'Eastern Time - Michigan - most locations', '−05:00', '−04:00', ''),
('DM', '+1518-06124', 'America/Dominica', '', '−04:00', '−04:00', ''),
('CA', '+5333-11328', 'America/Edmonton', 'Mountain Time - Alberta, east British Columbia & west Saskatchewan', '−07:00', '−06:00', ''),
('BR', '-0640-06952', 'America/Eirunepe', 'W Amazonas', '−04:00', '−04:00', ''),
('SV', '+1342-08912', 'America/El_Salvador', '', '−06:00', '−06:00', ''),
('', '', 'America/Ensenada', '', '−08:00', '−07:00', 'Link to America/Tijuana'),
('BR', '-0343-03830', 'America/Fortaleza', 'NE Brazil (MA, PI, CE, RN, PB)', '−03:00', '−03:00', ''),
('', '', 'America/Fort_Wayne', '', '−05:00', '−04:00', 'Link to America/Indiana/Indianapolis'),
('CA', '+4612-05957', 'America/Glace_Bay', 'Atlantic Time - Nova Scotia - places that did not observe DST 1966-1971', '−04:00', '−03:00', ''),
('GL', '+6411-05144', 'America/Godthab', 'most locations', '−03:00', '−02:00', ''),
('CA', '+5320-06025', 'America/Goose_Bay', 'Atlantic Time - Labrador - most locations', '−04:00', '−03:00', ''),
('TC', '+2128-07108', 'America/Grand_Turk', '', '−05:00', '−04:00', ''),
('GD', '+1203-06145', 'America/Grenada', '', '−04:00', '−04:00', ''),
('GP', '+1614-06132', 'America/Guadeloupe', '', '−04:00', '−04:00', ''),
('GT', '+1438-09031', 'America/Guatemala', '', '−06:00', '−06:00', ''),
('EC', '-0210-07950', 'America/Guayaquil', 'mainland', '−05:00', '−05:00', ''),
('GY', '+0648-05810', 'America/Guyana', '', '−04:00', '−04:00', ''),
('CA', '+4439-06336', 'America/Halifax', 'Atlantic Time - Nova Scotia (most places), PEI', '−04:00', '−03:00', ''),
('CU', '+2308-08222', 'America/Havana', '', '−05:00', '−04:00', ''),
('MX', '+2904-11058', 'America/Hermosillo', 'Mountain Standard Time - Sonora', '−07:00', '−07:00', ''),
('US', '+394606-0860929', 'America/Indiana/Indianapolis', 'Eastern Time - Indiana - most locations', '−05:00', '−04:00', ''),
('US', '+411745-0863730', 'America/Indiana/Knox', 'Central Time - Indiana - Starke County', '−06:00', '−05:00', ''),
('US', '+382232-0862041', 'America/Indiana/Marengo', 'Eastern Time - Indiana - Crawford County', '−05:00', '−04:00', ''),
('US', '+382931-0871643', 'America/Indiana/Petersburg', 'Eastern Time - Indiana - Pike County', '−05:00', '−04:00', ''),
('US', '+375711-0864541', 'America/Indiana/Tell_City', 'Central Time - Indiana - Perry County', '−06:00', '−05:00', ''),
('US', '+384452-0850402', 'America/Indiana/Vevay', 'Eastern Time - Indiana - Switzerland County', '−05:00', '−04:00', ''),
('US', '+384038-0873143', 'America/Indiana/Vincennes', 'Eastern Time - Indiana - Daviess, Dubois, Knox & Martin Counties', '−05:00', '−04:00', ''),
('US', '+410305-0863611', 'America/Indiana/Winamac', 'Eastern Time - Indiana - Pulaski County', '−05:00', '−04:00', ''),
('', '', 'America/Indianapolis', '', '−05:00', '−04:00', 'Link to America/Indiana/Indianapolis'),
('CA', '+682059-1334300', 'America/Inuvik', 'Mountain Time - west Northwest Territories', '−07:00', '−06:00', ''),
('CA', '+6344-06828', 'America/Iqaluit', 'Eastern Time - east Nunavut - most locations', '−05:00', '−04:00', ''),
('JM', '+1800-07648', 'America/Jamaica', '', '−05:00', '−05:00', ''),
('', '', 'America/Jujuy', '', '−03:00', '−03:00', 'Link to America/Argentina/Jujuy'),
('US', '+581807-1342511', 'America/Juneau', 'Alaska Time - Alaska panhandle', '−09:00', '−08:00', ''),
('US', '+381515-0854534', 'America/Kentucky/Louisville', 'Eastern Time - Kentucky - Louisville area', '−05:00', '−04:00', ''),
('US', '+364947-0845057', 'America/Kentucky/Monticello', 'Eastern Time - Kentucky - Wayne County', '−05:00', '−04:00', ''),
('', '', 'America/Knox_IN', '', '−06:00', '−05:00', 'Link to America/Indiana/Knox'),
('BQ', '+120903-0681636', 'America/Kralendijk', '', '−04:00', '−04:00', 'Link to America/Curacao'),
('BO', '-1630-06809', 'America/La_Paz', '', '−04:00', '−04:00', ''),
('PE', '-1203-07703', 'America/Lima', '', '−05:00', '−05:00', ''),
('US', '+340308-1181434', 'America/Los_Angeles', 'Pacific Time', '−08:00', '−07:00', ''),
('', '', 'America/Louisville', '', '−05:00', '−04:00', 'Link to America/Kentucky/Louisville'),
('SX', '+180305-0630250', 'America/Lower_Princes', '', '−04:00', '−04:00', 'Link to America/Curacao'),
('BR', '-0940-03543', 'America/Maceio', 'Alagoas, Sergipe', '−03:00', '−03:00', ''),
('NI', '+1209-08617', 'America/Managua', '', '−06:00', '−06:00', ''),
('BR', '-0308-06001', 'America/Manaus', 'E Amazonas', '−04:00', '−04:00', ''),
('MF', '+1804-06305', 'America/Marigot', '', '−04:00', '−04:00', 'Link to America/Guadeloupe'),
('MQ', '+1436-06105', 'America/Martinique', '', '−04:00', '−04:00', ''),
('MX', '+2550-09730', 'America/Matamoros', 'US Central Time - Coahuila, Durango, Nuevo León, Tamaulipas near US border', '−06:00', '−05:00', ''),
('MX', '+2313-10625', 'America/Mazatlan', 'Mountain Time - S Baja, Nayarit, Sinaloa', '−07:00', '−06:00', ''),
('', '', 'America/Mendoza', '', '−03:00', '−03:00', 'Link to America/Argentina/Mendoza'),
('US', '+450628-0873651', 'America/Menominee', 'Central Time - Michigan - Dickinson, Gogebic, Iron & Menominee Counties', '−06:00', '−05:00', ''),
('MX', '+2058-08937', 'America/Merida', 'Central Time - Campeche, Yucatán', '−06:00', '−05:00', ''),
('US', '+550737-1313435', 'America/Metlakatla', 'Metlakatla Time - Annette Island', '−08:00', '−08:00', ''),
('MX', '+1924-09909', 'America/Mexico_City', 'Central Time - most locations', '−06:00', '−05:00', ''),
('PM', '+4703-05620', 'America/Miquelon', '', '−03:00', '−02:00', ''),
('CA', '+4606-06447', 'America/Moncton', 'Atlantic Time - New Brunswick', '−04:00', '−03:00', ''),
('MX', '+2540-10019', 'America/Monterrey', 'Mexican Central Time - Coahuila, Durango, Nuevo León, Tamaulipas away from US border', '−06:00', '−05:00', ''),
('UY', '-3453-05611', 'America/Montevideo', '', '−03:00', '−02:00', ''),
('CA', '+4531-07334', 'America/Montreal', 'Eastern Time - Quebec - most locations', '−05:00', '−04:00', ''),
('MS', '+1643-06213', 'America/Montserrat', '', '−04:00', '−04:00', ''),
('BS', '+2505-07721', 'America/Nassau', '', '−05:00', '−04:00', ''),
('US', '+404251-0740023', 'America/New_York', 'Eastern Time', '−05:00', '−04:00', ''),
('CA', '+4901-08816', 'America/Nipigon', 'Eastern Time - Ontario & Quebec - places that did not observe DST 1967-1973', '−05:00', '−04:00', ''),
('US', '+643004-1652423', 'America/Nome', 'Alaska Time - west Alaska', '−09:00', '−08:00', ''),
('BR', '-0351-03225', 'America/Noronha', 'Atlantic islands', '−02:00', '−02:00', ''),
('US', '+471551-1014640', 'America/North_Dakota/Beulah', 'Central Time - North Dakota - Mercer County', '−06:00', '−05:00', ''),
('US', '+470659-1011757', 'America/North_Dakota/Center', 'Central Time - North Dakota - Oliver County', '−06:00', '−05:00', ''),
('US', '+465042-1012439', 'America/North_Dakota/New_Salem', 'Central Time - North Dakota - Morton County (except Mandan area)', '−06:00', '−05:00', ''),
('MX', '+2934-10425', 'America/Ojinaga', 'US Mountain Time - Chihuahua near US border', '−07:00', '−06:00', ''),
('PA', '+0858-07932', 'America/Panama', '', '−05:00', '−05:00', ''),
('CA', '+6608-06544', 'America/Pangnirtung', 'Eastern Time - Pangnirtung, Nunavut', '−05:00', '−04:00', ''),
('SR', '+0550-05510', 'America/Paramaribo', '', '−03:00', '−03:00', ''),
('US', '+332654-1120424', 'America/Phoenix', 'Mountain Standard Time - Arizona', '−07:00', '−07:00', ''),
('HT', '+1832-07220', 'America/Port-au-Prince', '', '−05:00', '−04:00', ''),
('', '', 'America/Porto_Acre', '', '−04:00', '−04:00', 'Link to America/Rio_Branco'),
('BR', '-0846-06354', 'America/Porto_Velho', 'Rondonia', '−04:00', '−04:00', ''),
('TT', '+1039-06131', 'America/Port_of_Spain', '', '−04:00', '−04:00', ''),
('PR', '+182806-0660622', 'America/Puerto_Rico', '', '−04:00', '−04:00', ''),
('CA', '+4843-09434', 'America/Rainy_River', 'Central Time - Rainy River & Fort Frances, Ontario', '−06:00', '−05:00', ''),
('CA', '+624900-0920459', 'America/Rankin_Inlet', 'Central Time - central Nunavut', '−06:00', '−05:00', ''),
('BR', '-0803-03454', 'America/Recife', 'Pernambuco', '−03:00', '−03:00', ''),
('CA', '+5024-10439', 'America/Regina', 'Central Standard Time - Saskatchewan - most locations', '−06:00', '−06:00', ''),
('CA', '+744144-0944945', 'America/Resolute', 'Central Standard Time - Resolute, Nunavut', '−06:00', '−05:00', ''),
('BR', '-0958-06748', 'America/Rio_Branco', 'Acre', '−04:00', '−04:00', ''),
('', '', 'America/Rosario', '', '−03:00', '−03:00', 'Link to America/Argentina/Cordoba'),
('BR', '-0226-05452', 'America/Santarem', 'W Para', '−03:00', '−03:00', ''),
('MX', '+3018-11452', 'America/Santa_Isabel', 'Mexican Pacific Time - Baja California away from US border', '−08:00', '−07:00', ''),
('CL', '-3327-07040', 'America/Santiago', 'most locations', '−04:00', '−03:00', ''),
('DO', '+1828-06954', 'America/Santo_Domingo', '', '−04:00', '−04:00', ''),
('BR', '-2332-04637', 'America/Sao_Paulo', 'S & SE Brazil (GO, DF, MG, ES, RJ, SP, PR, SC, RS)', '−03:00', '−02:00', ''),
('GL', '+7029-02158', 'America/Scoresbysund', 'Scoresbysund / Ittoqqortoormiit', '−01:00', '+00:00', ''),
('US', '+364708-1084111', 'America/Shiprock', 'Mountain Time - Navajo', '−07:00', '−06:00', 'Link to America/Denver'),
('US', '+571035-1351807', 'America/Sitka', 'Alaska Time - southeast Alaska panhandle', '−09:00', '−08:00', ''),
('BL', '+1753-06251', 'America/St_Barthelemy', '', '−04:00', '−04:00', 'Link to America/Guadeloupe'),
('CA', '+4734-05243', 'America/St_Johns', 'Newfoundland Time, including SE Labrador', '−03:30', '−02:30', ''),
('KN', '+1718-06243', 'America/St_Kitts', '', '−04:00', '−04:00', ''),
('LC', '+1401-06100', 'America/St_Lucia', '', '−04:00', '−04:00', ''),
('VI', '+1821-06456', 'America/St_Thomas', '', '−04:00', '−04:00', ''),
('VC', '+1309-06114', 'America/St_Vincent', '', '−04:00', '−04:00', ''),
('CA', '+5017-10750', 'America/Swift_Current', 'Central Standard Time - Saskatchewan - midwest', '−06:00', '−06:00', ''),
('HN', '+1406-08713', 'America/Tegucigalpa', '', '−06:00', '−06:00', ''),
('GL', '+7634-06847', 'America/Thule', 'Thule / Pituffik', '−04:00', '−03:00', ''),
('CA', '+4823-08915', 'America/Thunder_Bay', 'Eastern Time - Thunder Bay, Ontario', '−05:00', '−04:00', ''),
('MX', '+3232-11701', 'America/Tijuana', 'US Pacific Time - Baja California near US border', '−08:00', '−07:00', ''),
('CA', '+4339-07923', 'America/Toronto', 'Eastern Time - Ontario - most locations', '−05:00', '−04:00', ''),
('VG', '+1827-06437', 'America/Tortola', '', '−04:00', '−04:00', ''),
('CA', '+4916-12307', 'America/Vancouver', 'Pacific Time - west British Columbia', '−08:00', '−07:00', ''),
('', '', 'America/Virgin', '', '−04:00', '−04:00', 'Link to America/St_Thomas'),
('CA', '+6043-13503', 'America/Whitehorse', 'Pacific Time - south Yukon', '−08:00', '−07:00', ''),
('CA', '+4953-09709', 'America/Winnipeg', 'Central Time - Manitoba & west Ontario', '−06:00', '−05:00', ''),
('US', '+593249-1394338', 'America/Yakutat', 'Alaska Time - Alaska panhandle neck', '−09:00', '−08:00', ''),
('CA', '+6227-11421', 'America/Yellowknife', 'Mountain Time - central Northwest Territories', '−07:00', '−06:00', ''),
('AQ', '-6617+11031', 'Antarctica/Casey', 'Casey Station, Bailey Peninsula', '+11:00', '+08:00', ''),
('AQ', '-6835+07758', 'Antarctica/Davis', 'Davis Station, Vestfold Hills', '+05:00', '+07:00', ''),
('AQ', '-6640+14001', 'Antarctica/DumontDUrville', 'Dumont-d''Urville Station, Terre Adelie', '+10:00', '+10:00', ''),
('AQ', '-5430+15857', 'Antarctica/Macquarie', 'Macquarie Island Station, Macquarie Island', '+11:00', '+11:00', ''),
('AQ', '-6736+06253', 'Antarctica/Mawson', 'Mawson Station, Holme Bay', '+05:00', '+05:00', ''),
('AQ', '-7750+16636', 'Antarctica/McMurdo', 'McMurdo Station, Ross Island', '+12:00', '+13:00', ''),
('AQ', '-6448-06406', 'Antarctica/Palmer', 'Palmer Station, Anvers Island', '−04:00', '−03:00', ''),
('AQ', '-6734-06808', 'Antarctica/Rothera', 'Rothera Station, Adelaide Island', '−03:00', '−03:00', ''),
('AQ', '-9000+00000', 'Antarctica/South_Pole', 'Amundsen-Scott Station, South Pole', '+12:00', '+13:00', 'Link to Antarctica/McMurdo'),
('AQ', '-690022+0393524', 'Antarctica/Syowa', 'Syowa Station, E Ongul I', '+03:00', '+03:00', ''),
('AQ', '-7824+10654', 'Antarctica/Vostok', 'Vostok Station, Lake Vostok', '+06:00', '+06:00', ''),
('SJ', '+7800+01600', 'Arctic/Longyearbyen', '', '+01:00', '+02:00', 'Link to Europe/Oslo'),
('YE', '+1245+04512', 'Asia/Aden', '', '+03:00', '+03:00', ''),
('KZ', '+4315+07657', 'Asia/Almaty', 'most locations', '+06:00', '+06:00', ''),
('JO', '+3157+03556', 'Asia/Amman', '', '+03:00', '+03:00', ''),
('RU', '+6445+17729', 'Asia/Anadyr', 'Moscow+08 - Bering Sea', '+12:00', '+12:00', ''),
('KZ', '+4431+05016', 'Asia/Aqtau', 'Atyrau (Atirau, Gur''yev), Mangghystau (Mankistau)', '+05:00', '+05:00', ''),
('KZ', '+5017+05710', 'Asia/Aqtobe', 'Aqtobe (Aktobe)', '+05:00', '+05:00', ''),
('TM', '+3757+05823', 'Asia/Ashgabat', '', '+05:00', '+05:00', ''),
('', '', 'Asia/Ashkhabad', '', '+05:00', '+05:00', 'Link to Asia/Ashgabat'),
('IQ', '+3321+04425', 'Asia/Baghdad', '', '+03:00', '+03:00', ''),
('BH', '+2623+05035', 'Asia/Bahrain', '', '+03:00', '+03:00', ''),
('AZ', '+4023+04951', 'Asia/Baku', '', '+04:00', '+05:00', ''),
('TH', '+1345+10031', 'Asia/Bangkok', '', '+07:00', '+07:00', ''),
('LB', '+3353+03530', 'Asia/Beirut', '', '+02:00', '+03:00', ''),
('KG', '+4254+07436', 'Asia/Bishkek', '', '+06:00', '+06:00', ''),
('BN', '+0456+11455', 'Asia/Brunei', '', '+08:00', '+08:00', ''),
('', '', 'Asia/Calcutta', '', '+05:30', '+05:30', 'Link to Asia/Kolkata'),
('MN', '+4804+11430', 'Asia/Choibalsan', 'Dornod, Sukhbaatar', '+08:00', '+08:00', ''),
('CN', '+2934+10635', 'Asia/Chongqing', 'central China - Sichuan, Yunnan, Guangxi, Shaanxi, Guizhou, etc.', '+08:00', '+08:00', 'Covering historic Kansu-Szechuan time zone.'),
('', '', 'Asia/Chungking', '', '+08:00', '+08:00', 'Link to Asia/Chongqing'),
('LK', '+0656+07951', 'Asia/Colombo', '', '+05:30', '+05:30', ''),
('', '', 'Asia/Dacca', '', '+06:00', '+06:00', 'Link to Asia/Dhaka'),
('SY', '+3330+03618', 'Asia/Damascus', '', '+02:00', '+03:00', ''),
('BD', '+2343+09025', 'Asia/Dhaka', '', '+06:00', '+06:00', ''),
('TL', '-0833+12535', 'Asia/Dili', '', '+09:00', '+09:00', ''),
('AE', '+2518+05518', 'Asia/Dubai', '', '+04:00', '+04:00', ''),
('TJ', '+3835+06848', 'Asia/Dushanbe', '', '+05:00', '+05:00', ''),
('PS', '+3130+03428', 'Asia/Gaza', 'Gaza Strip', '+02:00', '+03:00', ''),
('CN', '+4545+12641', 'Asia/Harbin', 'Heilongjiang (except Mohe), Jilin', '+08:00', '+08:00', 'Covering historic Changpai time zone.'),
('PS', '+313200+0350542', 'Asia/Hebron', 'West Bank', '+02:00', '+03:00', ''),
('HK', '+2217+11409', 'Asia/Hong_Kong', '', '+08:00', '+08:00', ''),
('MN', '+4801+09139', 'Asia/Hovd', 'Bayan-Olgiy, Govi-Altai, Hovd, Uvs, Zavkhan', '+07:00', '+07:00', ''),
('VN', '+1045+10640', 'Asia/Ho_Chi_Minh', '', '+07:00', '+07:00', ''),
('RU', '+5216+10420', 'Asia/Irkutsk', 'Moscow+05 - Lake Baikal', '+09:00', '+09:00', ''),
('', '', 'Asia/Istanbul', '', '+02:00', '+03:00', 'Link to Europe/Istanbul'),
('ID', '-0610+10648', 'Asia/Jakarta', 'Java & Sumatra', '+07:00', '+07:00', ''),
('ID', '-0232+14042', 'Asia/Jayapura', 'west New Guinea (Irian Jaya) & Malukus (Moluccas)', '+09:00', '+09:00', ''),
('IL', '+3146+03514', 'Asia/Jerusalem', '', '+02:00', '+03:00', ''),
('AF', '+3431+06912', 'Asia/Kabul', '', '+04:30', '+04:30', ''),
('RU', '+5301+15839', 'Asia/Kamchatka', 'Moscow+08 - Kamchatka', '+12:00', '+12:00', ''),
('PK', '+2452+06703', 'Asia/Karachi', '', '+05:00', '+05:00', ''),
('CN', '+3929+07559', 'Asia/Kashgar', 'west Tibet & Xinjiang', '+08:00', '+08:00', 'Covering historic Kunlun time zone.'),
('NP', '+2743+08519', 'Asia/Kathmandu', '', '+05:45', '+05:45', ''),
('', '', 'Asia/Katmandu', '', '+05:45', '+05:45', 'Link to Asia/Kathmandu'),
('IN', '+2232+08822', 'Asia/Kolkata', '', '+05:30', '+05:30', 'Note: Different zones in history, see Time in India.'),
('RU', '+5601+09250', 'Asia/Krasnoyarsk', 'Moscow+04 - Yenisei River', '+08:00', '+08:00', ''),
('MY', '+0310+10142', 'Asia/Kuala_Lumpur', 'peninsular Malaysia', '+08:00', '+08:00', ''),
('MY', '+0133+11020', 'Asia/Kuching', 'Sabah & Sarawak', '+08:00', '+08:00', ''),
('KW', '+2920+04759', 'Asia/Kuwait', '', '+03:00', '+03:00', ''),
('', '', 'Asia/Macao', '', '+08:00', '+08:00', 'Link to Asia/Macau'),
('MO', '+2214+11335', 'Asia/Macau', '', '+08:00', '+08:00', ''),
('RU', '+5934+15048', 'Asia/Magadan', 'Moscow+08 - Magadan', '+12:00', '+12:00', ''),
('ID', '-0507+11924', 'Asia/Makassar', 'east & south Borneo, Sulawesi (Celebes), Bali, Nusa Tenggara, west Timor', '+08:00', '+08:00', ''),
('PH', '+1435+12100', 'Asia/Manila', '', '+08:00', '+08:00', ''),
('OM', '+2336+05835', 'Asia/Muscat', '', '+04:00', '+04:00', ''),
('CY', '+3510+03322', 'Asia/Nicosia', '', '+02:00', '+03:00', ''),
('RU', '+5345+08707', 'Asia/Novokuznetsk', 'Moscow+03 - Novokuznetsk', '+07:00', '+07:00', ''),
('RU', '+5502+08255', 'Asia/Novosibirsk', 'Moscow+03 - Novosibirsk', '+07:00', '+07:00', ''),
('RU', '+5500+07324', 'Asia/Omsk', 'Moscow+03 - west Siberia', '+07:00', '+07:00', ''),
('KZ', '+5113+05121', 'Asia/Oral', 'West Kazakhstan', '+05:00', '+05:00', ''),
('KH', '+1133+10455', 'Asia/Phnom_Penh', '', '+07:00', '+07:00', ''),
('ID', '-0002+10920', 'Asia/Pontianak', 'west & central Borneo', '+07:00', '+07:00', ''),
('KP', '+3901+12545', 'Asia/Pyongyang', '', '+09:00', '+09:00', ''),
('QA', '+2517+05132', 'Asia/Qatar', '', '+03:00', '+03:00', ''),
('KZ', '+4448+06528', 'Asia/Qyzylorda', 'Qyzylorda (Kyzylorda, Kzyl-Orda)', '+06:00', '+06:00', ''),
('MM', '+1647+09610', 'Asia/Rangoon', '', '+06:30', '+06:30', ''),
('SA', '+2438+04643', 'Asia/Riyadh', '', '+03:00', '+03:00', ''),
('', '', 'Asia/Saigon', '', '+07:00', '+07:00', 'Link to Asia/Ho_Chi_Minh'),
('RU', '+4658+14242', 'Asia/Sakhalin', 'Moscow+07 - Sakhalin Island', '+11:00', '+11:00', ''),
('UZ', '+3940+06648', 'Asia/Samarkand', 'west Uzbekistan', '+05:00', '+05:00', ''),
('KR', '+3733+12658', 'Asia/Seoul', '', '+09:00', '+09:00', ''),
('CN', '+3114+12128', 'Asia/Shanghai', 'east China - Beijing, Guangdong, Shanghai, etc.', '+08:00', '+08:00', 'Covering historic Chungyuan time zone.'),
('SG', '+0117+10351', 'Asia/Singapore', '', '+08:00', '+08:00', ''),
('TW', '+2503+12130', 'Asia/Taipei', '', '+08:00', '+08:00', ''),
('UZ', '+4120+06918', 'Asia/Tashkent', 'east Uzbekistan', '+05:00', '+05:00', ''),
('GE', '+4143+04449', 'Asia/Tbilisi', '', '+04:00', '+04:00', ''),
('IR', '+3540+05126', 'Asia/Tehran', '', '+03:30', '+04:30', ''),
('', '', 'Asia/Tel_Aviv', '', '+02:00', '+03:00', 'Link to Asia/Jerusalem'),
('', '', 'Asia/Thimbu', '', '+06:00', '+06:00', 'Link to Asia/Thimphu'),
('BT', '+2728+08939', 'Asia/Thimphu', '', '+06:00', '+06:00', ''),
('JP', '+353916+1394441', 'Asia/Tokyo', '', '+09:00', '+09:00', ''),
('', '', 'Asia/Ujung_Pandang', '', '+08:00', '+08:00', 'Link to Asia/Makassar'),
('MN', '+4755+10653', 'Asia/Ulaanbaatar', 'most locations', '+08:00', '+08:00', ''),
('', '', 'Asia/Ulan_Bator', '', '+08:00', '+08:00', 'Link to Asia/Ulaanbaatar'),
('CN', '+4348+08735', 'Asia/Urumqi', 'most of Tibet & Xinjiang', '+08:00', '+08:00', 'Covering historic Sinkiang-Tibet time zone.'),
('LA', '+1758+10236', 'Asia/Vientiane', '', '+07:00', '+07:00', ''),
('RU', '+4310+13156', 'Asia/Vladivostok', 'Moscow+07 - Amur River', '+11:00', '+11:00', ''),
('RU', '+6200+12940', 'Asia/Yakutsk', 'Moscow+06 - Lena River', '+10:00', '+10:00', ''),
('RU', '+5651+06036', 'Asia/Yekaterinburg', 'Moscow+02 - Urals', '+06:00', '+06:00', ''),
('AM', '+4011+04430', 'Asia/Yerevan', '', '+04:00', '+04:00', ''),
('PT', '+3744-02540', 'Atlantic/Azores', 'Azores', '−01:00', '+00:00', ''),
('BM', '+3217-06446', 'Atlantic/Bermuda', '', '−04:00', '−03:00', ''),
('ES', '+2806-01524', 'Atlantic/Canary', 'Canary Islands', '+00:00', '+01:00', ''),
('CV', '+1455-02331', 'Atlantic/Cape_Verde', '', '−01:00', '−01:00', ''),
('', '', 'Atlantic/Faeroe', '', '+00:00', '+01:00', 'Link to Atlantic/Faroe'),
('FO', '+6201-00646', 'Atlantic/Faroe', '', '+00:00', '+01:00', ''),
('', '', 'Atlantic/Jan_Mayen', '', '+01:00', '+02:00', 'Link to Europe/Oslo'),
('PT', '+3238-01654', 'Atlantic/Madeira', 'Madeira Islands', '+00:00', '+01:00', ''),
('IS', '+6409-02151', 'Atlantic/Reykjavik', '', '+00:00', '+00:00', ''),
('GS', '-5416-03632', 'Atlantic/South_Georgia', '', '−02:00', '−02:00', ''),
('FK', '-5142-05751', 'Atlantic/Stanley', '', '−03:00', '−03:00', ''),
('SH', '-1555-00542', 'Atlantic/St_Helena', '', '+00:00', '+00:00', ''),
('', '', 'Australia/ACT', '', '+10:00', '+11:00', 'Link to Australia/Sydney'),
('AU', '-3455+13835', 'Australia/Adelaide', 'South Australia', '+09:30', '+10:30', ''),
('AU', '-2728+15302', 'Australia/Brisbane', 'Queensland - most locations', '+10:00', '+10:00', ''),
('AU', '-3157+14127', 'Australia/Broken_Hill', 'New South Wales - Yancowinna', '+09:30', '+10:30', ''),
('', '', 'Australia/Canberra', '', '+10:00', '+11:00', 'Link to Australia/Sydney'),
('AU', '-3956+14352', 'Australia/Currie', 'Tasmania - King Island', '+10:00', '+11:00', ''),
('AU', '-1228+13050', 'Australia/Darwin', 'Northern Territory', '+09:30', '+09:30', ''),
('AU', '-3143+12852', 'Australia/Eucla', 'Western Australia - Eucla area', '+08:45', '+08:45', ''),
('AU', '-4253+14719', 'Australia/Hobart', 'Tasmania - most locations', '+10:00', '+11:00', ''),
('', '', 'Australia/LHI', '', '+10:30', '+11:00', 'Link to Australia/Lord_Howe'),
('AU', '-2016+14900', 'Australia/Lindeman', 'Queensland - Holiday Islands', '+10:00', '+10:00', ''),
('AU', '-3133+15905', 'Australia/Lord_Howe', 'Lord Howe Island', '+10:30', '+11:00', ''),
('AU', '-3749+14458', 'Australia/Melbourne', 'Victoria', '+10:00', '+11:00', ''),
('', '', 'Australia/North', '', '+09:30', '+09:30', 'Link to Australia/Darwin'),
('', '', 'Australia/NSW', '', '+10:00', '+11:00', 'Link to Australia/Sydney'),
('AU', '-3157+11551', 'Australia/Perth', 'Western Australia - most locations', '+08:00', '+08:00', ''),
('', '', 'Australia/Queensland', '', '+10:00', '+10:00', 'Link to Australia/Brisbane'),
('', '', 'Australia/South', '', '+09:30', '+10:30', 'Link to Australia/Adelaide'),
('AU', '-3352+15113', 'Australia/Sydney', 'New South Wales - most locations', '+10:00', '+11:00', ''),
('', '', 'Australia/Tasmania', '', '+10:00', '+11:00', 'Link to Australia/Hobart'),
('', '', 'Australia/Victoria', '', '+10:00', '+11:00', 'Link to Australia/Melbourne'),
('', '', 'Australia/West', '', '+08:00', '+08:00', 'Link to Australia/Perth'),
('', '', 'Australia/Yancowinna', '', '+09:30', '+10:30', 'Link to Australia/Broken_Hill'),
('', '', 'Brazil/Acre', '', '−04:00', '−04:00', 'Link to America/Rio_Branco'),
('', '', 'Brazil/DeNoronha', '', '−02:00', '−02:00', 'Link to America/Noronha'),
('', '', 'Brazil/East', '', '−03:00', '−02:00', 'Link to America/Sao_Paulo'),
('', '', 'Brazil/West', '', '−04:00', '−04:00', 'Link to America/Manaus'),
('', '', 'Canada/Atlantic', '', '−04:00', '−03:00', 'Link to America/Halifax'),
('', '', 'Canada/Central', '', '−06:00', '−05:00', 'Link to America/Winnipeg'),
('', '', 'Canada/East-Saskatchewan', '', '−06:00', '−06:00', 'Link to America/Regina'),
('', '', 'Canada/Eastern', '', '−05:00', '−04:00', 'Link to America/Toronto'),
('', '', 'Canada/Mountain', '', '−07:00', '−06:00', 'Link to America/Edmonton'),
('', '', 'Canada/Newfoundland', '', '−03:30', '−02:30', 'Link to America/St_Johns'),
('', '', 'Canada/Pacific', '', '−08:00', '−07:00', 'Link to America/Vancouver'),
('', '', 'Canada/Saskatchewan', '', '−06:00', '−06:00', 'Link to America/Regina'),
('', '', 'Canada/Yukon', '', '−08:00', '−07:00', 'Link to America/Whitehorse'),
('', '', 'CET', '', '+01:00', '+02:00', ''),
('', '', 'Chile/Continental', '', '−04:00', '−03:00', 'Link to America/Santiago'),
('', '', 'Chile/EasterIsland', '', '−06:00', '−05:00', 'Link to Pacific/Easter'),
('', '', 'CST6CDT', '', '−06:00', '−05:00', ''),
('', '', 'Cuba', '', '−05:00', '−04:00', 'Link to America/Havana'),
('', '', 'EET', '', '+02:00', '+03:00', ''),
('', '', 'Egypt', '', '+02:00', '+02:00', 'Link to Africa/Cairo'),
('', '', 'Eire', '', '+00:00', '+01:00', 'Link to Europe/Dublin'),
('', '', 'EST', '', '−05:00', '−05:00', ''),
('', '', 'EST5EDT', '', '−05:00', '−04:00', ''),
('', '', 'Etc./GMT', '', '+00:00', '+00:00', 'Link to UTC'),
('', '', 'Etc./GMT+0', '', '+00:00', '+00:00', 'Link to UTC'),
('', '', 'Etc./UCT', '', '+00:00', '+00:00', 'Link to UTC'),
('', '', 'Etc./Universal', '', '+00:00', '+00:00', 'Link to UTC'),
('', '', 'Etc./UTC', '', '+00:00', '+00:00', 'Link to UTC'),
('', '', 'Etc./Zulu', '', '+00:00', '+00:00', 'Link to UTC'),
('NL', '+5222+00454', 'Europe/Amsterdam', '', '+01:00', '+02:00', ''),
('AD', '+4230+00131', 'Europe/Andorra', '', '+01:00', '+02:00', ''),
('GR', '+3758+02343', 'Europe/Athens', '', '+02:00', '+03:00', ''),
('', '', 'Europe/Belfast', '', '+00:00', '+01:00', 'Link to Europe/London'),
('RS', '+4450+02030', 'Europe/Belgrade', '', '+01:00', '+02:00', ''),
('DE', '+5230+01322', 'Europe/Berlin', '', '+01:00', '+02:00', 'In 1945, the Trizone did not follow Berlin''s switch to DST, see Time in Germany'),
('SK', '+4809+01707', 'Europe/Bratislava', '', '+01:00', '+02:00', 'Link to Europe/Prague'),
('BE', '+5050+00420', 'Europe/Brussels', '', '+01:00', '+02:00', ''),
('RO', '+4426+02606', 'Europe/Bucharest', '', '+02:00', '+03:00', ''),
('HU', '+4730+01905', 'Europe/Budapest', '', '+01:00', '+02:00', ''),
('MD', '+4700+02850', 'Europe/Chisinau', '', '+02:00', '+03:00', ''),
('DK', '+5540+01235', 'Europe/Copenhagen', '', '+01:00', '+02:00', ''),
('IE', '+5320-00615', 'Europe/Dublin', '', '+00:00', '+01:00', ''),
('GI', '+3608-00521', 'Europe/Gibraltar', '', '+01:00', '+02:00', ''),
('GG', '+4927-00232', 'Europe/Guernsey', '', '+00:00', '+01:00', 'Link to Europe/London'),
('FI', '+6010+02458', 'Europe/Helsinki', '', '+02:00', '+03:00', ''),
('IM', '+5409-00428', 'Europe/Isle_of_Man', '', '+00:00', '+01:00', 'Link to Europe/London'),
('TR', '+4101+02858', 'Europe/Istanbul', '', '+02:00', '+03:00', ''),
('JE', '+4912-00207', 'Europe/Jersey', '', '+00:00', '+01:00', 'Link to Europe/London'),
('RU', '+5443+02030', 'Europe/Kaliningrad', 'Moscow-01 - Kaliningrad', '+03:00', '+03:00', ''),
('UA', '+5026+03031', 'Europe/Kiev', 'most locations', '+02:00', '+03:00', ''),
('PT', '+3843-00908', 'Europe/Lisbon', 'mainland', '+00:00', '+01:00', ''),
('SI', '+4603+01431', 'Europe/Ljubljana', '', '+01:00', '+02:00', 'Link to Europe/Belgrade'),
('GB', '+513030-0000731', 'Europe/London', '', '+00:00', '+01:00', ''),
('LU', '+4936+00609', 'Europe/Luxembourg', '', '+01:00', '+02:00', ''),
('ES', '+4024-00341', 'Europe/Madrid', 'mainland', '+01:00', '+02:00', ''),
('MT', '+3554+01431', 'Europe/Malta', '', '+01:00', '+02:00', ''),
('AX', '+6006+01957', 'Europe/Mariehamn', '', '+02:00', '+03:00', 'Link to Europe/Helsinki'),
('BY', '+5354+02734', 'Europe/Minsk', '', '+03:00', '+03:00', ''),
('MC', '+4342+00723', 'Europe/Monaco', '', '+01:00', '+02:00', ''),
('RU', '+5545+03735', 'Europe/Moscow', 'Moscow+00 - west Russia', '+04:00', '+04:00', ''),
('', '', 'Europe/Nicosia', '', '+02:00', '+03:00', 'Link to Asia/Nicosia'),
('NO', '+5955+01045', 'Europe/Oslo', '', '+01:00', '+02:00', ''),
('FR', '+4852+00220', 'Europe/Paris', '', '+01:00', '+02:00', ''),
('ME', '+4226+01916', 'Europe/Podgorica', '', '+01:00', '+02:00', 'Link to Europe/Belgrade'),
('CZ', '+5005+01426', 'Europe/Prague', '', '+01:00', '+02:00', ''),
('LV', '+5657+02406', 'Europe/Riga', '', '+02:00', '+03:00', ''),
('IT', '+4154+01229', 'Europe/Rome', '', '+01:00', '+02:00', ''),
('RU', '+5312+05009', 'Europe/Samara', 'Moscow+00 - Samara, Udmurtia', '+04:00', '+04:00', ''),
('SM', '+4355+01228', 'Europe/San_Marino', '', '+01:00', '+02:00', 'Link to Europe/Rome'),
('BA', '+4352+01825', 'Europe/Sarajevo', '', '+01:00', '+02:00', 'Link to Europe/Belgrade'),
('UA', '+4457+03406', 'Europe/Simferopol', 'central Crimea', '+02:00', '+03:00', ''),
('MK', '+4159+02126', 'Europe/Skopje', '', '+01:00', '+02:00', 'Link to Europe/Belgrade'),
('BG', '+4241+02319', 'Europe/Sofia', '', '+02:00', '+03:00', ''),
('SE', '+5920+01803', 'Europe/Stockholm', '', '+01:00', '+02:00', ''),
('EE', '+5925+02445', 'Europe/Tallinn', '', '+02:00', '+03:00', ''),
('AL', '+4120+01950', 'Europe/Tirane', '', '+01:00', '+02:00', ''),
('', '', 'Europe/Tiraspol', '', '+02:00', '+03:00', 'Link to Europe/Chisinau'),
('UA', '+4837+02218', 'Europe/Uzhgorod', 'Ruthenia', '+02:00', '+03:00', ''),
('LI', '+4709+00931', 'Europe/Vaduz', '', '+01:00', '+02:00', ''),
('VA', '+415408+0122711', 'Europe/Vatican', '', '+01:00', '+02:00', 'Link to Europe/Rome'),
('AT', '+4813+01620', 'Europe/Vienna', '', '+01:00', '+02:00', ''),
('LT', '+5441+02519', 'Europe/Vilnius', '', '+02:00', '+03:00', ''),
('RU', '+4844+04425', 'Europe/Volgograd', 'Moscow+00 - Caspian Sea', '+04:00', '+04:00', ''),
('PL', '+5215+02100', 'Europe/Warsaw', '', '+01:00', '+02:00', ''),
('HR', '+4548+01558', 'Europe/Zagreb', '', '+01:00', '+02:00', 'Link to Europe/Belgrade'),
('UA', '+4750+03510', 'Europe/Zaporozhye', 'Zaporozh''ye, E Lugansk / Zaporizhia, E Luhansk', '+02:00', '+03:00', ''),
('CH', '+4723+00832', 'Europe/Zurich', '', '+01:00', '+02:00', ''),
('', '', 'GB', '', '+00:00', '+01:00', 'Link to Europe/London'),
('', '', 'GB-Eire', '', '+00:00', '+01:00', 'Link to Europe/London'),
('', '', 'GMT', '', '+00:00', '+00:00', 'Link to UTC'),
('', '', 'GMT+0', '', '+00:00', '+00:00', 'Link to UTC'),
('', '', 'GMT-0', '', '+00:00', '+00:00', 'Link to UTC'),
('', '', 'GMT0', '', '+00:00', '+00:00', 'Link to UTC'),
('', '', 'Greenwich', '', '+00:00', '+00:00', 'Link to UTC'),
('', '', 'Hong Kong', '', '+08:00', '+08:00', 'Link to Asia/Hong_Kong'),
('', '', 'HST', '', '−10:00', '−10:00', ''),
('', '', 'Iceland', '', '+00:00', '+00:00', 'Link to Atlantic/Reykjavik'),
('MG', '-1855+04731', 'Indian/Antananarivo', '', '+03:00', '+03:00', ''),
('IO', '-0720+07225', 'Indian/Chagos', '', '+06:00', '+06:00', ''),
('CX', '-1025+10543', 'Indian/Christmas', '', '+07:00', '+07:00', ''),
('CC', '-1210+09655', 'Indian/Cocos', '', '+06:30', '+06:30', ''),
('KM', '-1141+04316', 'Indian/Comoro', '', '+03:00', '+03:00', ''),
('TF', '-492110+0701303', 'Indian/Kerguelen', '', '+05:00', '+05:00', ''),
('SC', '-0440+05528', 'Indian/Mahe', '', '+04:00', '+04:00', ''),
('MV', '+0410+07330', 'Indian/Maldives', '', '+05:00', '+05:00', ''),
('MU', '-2010+05730', 'Indian/Mauritius', '', '+04:00', '+04:00', ''),
('YT', '-1247+04514', 'Indian/Mayotte', '', '+03:00', '+03:00', ''),
('RE', '-2052+05528', 'Indian/Reunion', '', '+04:00', '+04:00', ''),
('', '', 'Iran', '', '+03:30', '+04:30', 'Link to Asia/Tehran'),
('', '', 'Israel', '', '+02:00', '+03:00', 'Link to Asia/Jerusalem'),
('', '', 'Jamaica', '', '−05:00', '−05:00', 'Link to America/Jamaica'),
('', '', 'Japan', '', '+09:00', '+09:00', 'Link to Asia/Tokyo'),
('', '', 'JST-9', '', '+09:00', '+09:00', 'Link to Asia/Tokyo'),
('', '', 'Kwajalein', '', '+12:00', '+12:00', 'Link to Pacific/Kwajalein'),
('', '', 'Libya', '', '+02:00', '+02:00', 'Link to Africa/Tripoli'),
('', '', 'MET', '', '+01:00', '+02:00', ''),
('', '', 'Mexico/BajaNorte', '', '−08:00', '−07:00', 'Link to America/Tijuana'),
('', '', 'Mexico/BajaSur', '', '−07:00', '−06:00', 'Link to America/Mazatlan'),
('', '', 'Mexico/General', '', '−06:00', '−05:00', 'Link to America/Mexico_City'),
('', '', 'MST', '', '−07:00', '−07:00', ''),
('', '', 'MST7MDT', '', '−07:00', '−06:00', ''),
('', '', 'Navajo', '', '−07:00', '−06:00', 'Link to America/Denver'),
('', '', 'NZ', '', '+12:00', '+13:00', 'Link to Pacific/Auckland'),
('', '', 'NZ-CHAT', '', '+12:45', '+13:45', 'Link to Pacific/Chatham'),
('WS', '-1350-17144', 'Pacific/Apia', '', '+13:00', '+14:00', ''),
('NZ', '-3652+17446', 'Pacific/Auckland', 'most locations', '+12:00', '+13:00', ''),
('NZ', '-4357-17633', 'Pacific/Chatham', 'Chatham Islands', '+12:45', '+13:45', ''),
('FM', '+0725+15147', 'Pacific/Chuuk', 'Chuuk (Truk) and Yap', '+10:00', '+10:00', ''),
('CL', '-2709-10926', 'Pacific/Easter', 'Easter Island & Sala y Gomez', '−06:00', '−05:00', ''),
('VU', '-1740+16825', 'Pacific/Efate', '', '+11:00', '+11:00', ''),
('KI', '-0308-17105', 'Pacific/Enderbury', 'Phoenix Islands', '+13:00', '+13:00', ''),
('TK', '-0922-17114', 'Pacific/Fakaofo', '', '+13:00', '+13:00', ''),
('FJ', '-1808+17825', 'Pacific/Fiji', '', '+12:00', '+13:00', ''),
('TV', '-0831+17913', 'Pacific/Funafuti', '', '+12:00', '+12:00', ''),
('EC', '-0054-08936', 'Pacific/Galapagos', 'Galapagos Islands', '−06:00', '−06:00', ''),
('PF', '-2308-13457', 'Pacific/Gambier', 'Gambier Islands', '−09:00', '−09:00', ''),
('SB', '-0932+16012', 'Pacific/Guadalcanal', '', '+11:00', '+11:00', ''),
('GU', '+1328+14445', 'Pacific/Guam', '', '+10:00', '+10:00', ''),
('US', '+211825-1575130', 'Pacific/Honolulu', 'Hawaii', '−10:00', '−10:00', ''),
('UM', '+1645-16931', 'Pacific/Johnston', 'Johnston Atoll', '−10:00', '−10:00', ''),
('KI', '+0152-15720', 'Pacific/Kiritimati', 'Line Islands', '+14:00', '+14:00', ''),
('FM', '+0519+16259', 'Pacific/Kosrae', 'Kosrae', '+11:00', '+11:00', ''),
('MH', '+0905+16720', 'Pacific/Kwajalein', 'Kwajalein', '+12:00', '+12:00', ''),
('MH', '+0709+17112', 'Pacific/Majuro', 'most locations', '+12:00', '+12:00', ''),
('PF', '-0900-13930', 'Pacific/Marquesas', 'Marquesas Islands', '−09:30', '−09:30', ''),
('UM', '+2813-17722', 'Pacific/Midway', 'Midway Islands', '−11:00', '−11:00', ''),
('NR', '-0031+16655', 'Pacific/Nauru', '', '+12:00', '+12:00', ''),
('NU', '-1901-16955', 'Pacific/Niue', '', '−11:00', '−11:00', ''),
('NF', '-2903+16758', 'Pacific/Norfolk', '', '+11:30', '+11:30', ''),
('NC', '-2216+16627', 'Pacific/Noumea', '', '+11:00', '+11:00', ''),
('AS', '-1416-17042', 'Pacific/Pago_Pago', '', '−11:00', '−11:00', ''),
('PW', '+0720+13429', 'Pacific/Palau', '', '+09:00', '+09:00', ''),
('PN', '-2504-13005', 'Pacific/Pitcairn', '', '−08:00', '−08:00', ''),
('FM', '+0658+15813', 'Pacific/Pohnpei', 'Pohnpei (Ponape)', '+11:00', '+11:00', ''),
('', '', 'Pacific/Ponape', '', '+11:00', '+11:00', 'Link to Pacific/Pohnpei'),
('PG', '-0930+14710', 'Pacific/Port_Moresby', '', '+10:00', '+10:00', ''),
('CK', '-2114-15946', 'Pacific/Rarotonga', '', '−10:00', '−10:00', ''),
('MP', '+1512+14545', 'Pacific/Saipan', '', '+10:00', '+10:00', ''),
('', '', 'Pacific/Samoa', '', '−11:00', '−11:00', 'Link to Pacific/Pago_Pago'),
('PF', '-1732-14934', 'Pacific/Tahiti', 'Society Islands', '−10:00', '−10:00', ''),
('KI', '+0125+17300', 'Pacific/Tarawa', 'Gilbert Islands', '+12:00', '+12:00', ''),
('TO', '-2110-17510', 'Pacific/Tongatapu', '', '+13:00', '+13:00', ''),
('', '', 'Pacific/Truk', '', '+10:00', '+10:00', 'Link to Pacific/Chuuk'),
('UM', '+1917+16637', 'Pacific/Wake', 'Wake Island', '+12:00', '+12:00', ''),
('WF', '-1318-17610', 'Pacific/Wallis', '', '+12:00', '+12:00', ''),
('', '', 'Pacific/Yap', '', '+10:00', '+10:00', 'Link to Pacific/Chuuk'),
('', '', 'Poland', '', '+01:00', '+02:00', 'Link to Europe/Warsaw'),
('', '', 'Portugal', '', '+00:00', '+01:00', 'Link to Europe/Lisbon'),
('', '', 'PRC', '', '+08:00', '+08:00', 'Link to Asia/Shanghai'),
('', '', 'PST8PDT', '', '−08:00', '−07:00', ''),
('', '', 'ROC', '', '+08:00', '+08:00', 'Link to Asia/Taipei'),
('', '', 'ROK', '', '+09:00', '+09:00', 'Link to Asia/Seoul'),
('', '', 'Singapore', '', '+08:00', '+08:00', 'Link to Asia/Singapore'),
('', '', 'Turkey', '', '+02:00', '+03:00', 'Link to Europe/Istanbul'),
('', '', 'UCT', '', '+00:00', '+00:00', 'Link to UTC'),
('', '', 'Universal', '', '+00:00', '+00:00', 'Link to UTC'),
('', '', 'US/Alaska', '', '−09:00', '−08:00', 'Link to America/Anchorage'),
('', '', 'US/Aleutian', '', '−10:00', '−09:00', 'Link to America/Adak'),
('', '', 'US/Arizona', '', '−07:00', '−07:00', 'Link to America/Phoenix'),
('', '', 'US/Central', '', '−06:00', '−05:00', 'Link to America/Chicago'),
('', '', 'US/East-Indiana', '', '−05:00', '−04:00', 'Link to America/Indiana/Indianapolis'),
('', '', 'US/Eastern', '', '−05:00', '−04:00', 'Link to America/New_York'),
('', '', 'US/Hawaii', '', '−10:00', '−10:00', 'Link to Pacific/Honolulu'),
('', '', 'US/Indiana-Starke', '', '−06:00', '−05:00', 'Link to America/Indiana/Knox'),
('', '', 'US/Michigan', '', '−05:00', '−04:00', 'Link to America/Detroit'),
('', '', 'US/Mountain', '', '−07:00', '−06:00', 'Link to America/Denver'),
('', '', 'US/Pacific', '', '−08:00', '−07:00', 'Link to America/Los_Angeles'),
('', '', 'US/Pacific-New', '', '−08:00', '−07:00', 'Link to America/Los_Angeles'),
('', '', 'US/Samoa', '', '−11:00', '−11:00', 'Link to Pacific/Pago_Pago'),
('', '', 'UTC', '', '+00:00', '+00:00', ''),
('', '', 'W-SU', '', '+04:00', '+04:00', 'Link to Europe/Moscow'),
('', '', 'WET', '', '+00:00', '+01:00', ''),
('', '', 'Zulu', '', '+00:00', '+00:00', 'Link to UTC');

-- --------------------------------------------------------

--
-- Table structure for table `dn_currency`
--

CREATE TABLE IF NOT EXISTS `dn_currency` (
  `currency_code_alpha` char(3) NOT NULL,
  `currency_code_numeric` varchar(3) DEFAULT NULL,
  `currency_name` varchar(80) NOT NULL
) ENGINE=InnoDB DEFAULT CHARSET=utf8 ROW_FORMAT=DYNAMIC;

--
-- Dumping data for table `dn_currency`
--

INSERT INTO `dn_currency` (`currency_code_alpha`, `currency_code_numeric`, `currency_name`) VALUES
('AFN', '971', 'Afghani'),
('DZD', '12', 'Algerian Dinar'),
('ARS', '32', 'Argentine Peso'),
('AMD', '51', 'Armenian Dram'),
('AWG', '533', 'Aruban Guilder'),
('AUD', '36', 'Australian Dollar'),
('AZN', '944', 'Azerbaijanian Manat'),
('BSD', '44', 'Bahamian Dollar'),
('BHD', '48', 'Bahraini Dinar'),
('THB', '764', 'Baht'),
('PAB', '590', 'Balboa'),
('BBD', '52', 'Barbados Dollar'),
('BYR', '974', 'Belarussian Ruble'),
('BZD', '84', 'Belize Dollar'),
('BMD', '60', 'Bermudian Dollar (customarily known as Bermuda Dollar)'),
('VEF', '937', 'Bolivar Fuerte'),
('BOB', '68', 'Boliviano'),
('XBA', '955', 'Bond Markets Units European Composite Unit (EURCO)'),
('BRL', '986', 'Brazilian Real'),
('BND', '96', 'Brunei Dollar'),
('BGN', '975', 'Bulgarian Lev'),
('BIF', '108', 'Burundi Franc'),
('CAD', '124', 'Canadian Dollar'),
('CVE', '132', 'Cape Verde Escudo'),
('KYD', '136', 'Cayman Islands Dollar'),
('GHS', '936', 'Cedi'),
('XOF', '952', 'CFA Franc BCEAO'),
('XAF', '950', 'CFA Franc BEAC'),
('XPF', '953', 'CFP Franc'),
('CLP', '152', 'Chilean Peso'),
('XTS', '963', 'Codes specifically reserved for testing purposes'),
('COP', '170', 'Colombian Peso'),
('KMF', '174', 'Comoro Franc'),
('CDF', '976', 'Congolese Franc'),
('BAM', '977', 'Convertible Marks'),
('NIO', '558', 'Cordoba Oro'),
('CRC', '188', 'Costa Rican Colon'),
('HRK', '191', 'Croatian Kuna'),
('CUP', '192', 'Cuban Peso'),
('CZK', '203', 'Czech Koruna'),
('GMD', '270', 'Dalasi'),
('DKK', '208', 'Danish Krone'),
('MKD', '807', 'Denar'),
('DJF', '262', 'Djibouti Franc'),
('STD', '678', 'Dobra'),
('DOP', '214', 'Dominican Peso'),
('VND', '704', 'Dong'),
('XCD', '951', 'East Caribbean Dollar'),
('EGP', '818', 'Egyptian Pound'),
('SVC', '222', 'El Salvador Colon'),
('ETB', '230', 'Ethiopian Birr'),
('EUR', '978', 'Euro'),
('XBB', '956', 'European Monetary Unit (E.M.U.-6)'),
('XBD', '958', 'European Unit of Account 17 (E.U.A.-17)'),
('XBC', '957', 'European Unit of Account 9 (E.U.A.-9)'),
('FKP', '238', 'Falkland Islands Pound'),
('FJD', '242', 'Fiji Dollar'),
('HUF', '348', 'Forint'),
('GIP', '292', 'Gibraltar Pound'),
('XAU', '959', 'Gold'),
('HTG', '332', 'Gourde'),
('PYG', '600', 'Guarani'),
('GNF', '324', 'Guinea Franc'),
('GWP', '624', 'Guinea-Bissau Peso'),
('GYD', '328', 'Guyana Dollar'),
('HKD', '344', 'Hong Kong Dollar'),
('UAH', '980', 'Hryvnia'),
('ISK', '352', 'Iceland Krona'),
('INR', '356', 'Indian Rupee'),
('IRR', '364', 'Iranian Rial'),
('IQD', '368', 'Iraqi Dinar'),
('JMD', '388', 'Jamaican Dollar'),
('JOD', '400', 'Jordanian Dinar'),
('KES', '404', 'Kenyan Shilling'),
('PGK', '598', 'Kina'),
('LAK', '418', 'Kip'),
('EEK', '233', 'Kroon'),
('KWD', '414', 'Kuwaiti Dinar'),
('MWK', '454', 'Kwacha'),
('AOA', '973', 'Kwanza'),
('MMK', '104', 'Kyat'),
('GEL', '981', 'Lari'),
('LVL', '428', 'Latvian Lats'),
('LBP', '422', 'Lebanese Pound'),
('ALL', '8', 'Lek'),
('HNL', '340', 'Lempira'),
('SLL', '694', 'Leone'),
('LRD', '430', 'Liberian Dollar'),
('LYD', '434', 'Libyan Dinar'),
('SZL', '748', 'Lilangeni'),
('LTL', '440', 'Lithuanian Litas'),
('LSL', '426', 'Loti'),
('MGA', '969', 'Malagasy Ariary'),
('MYR', '458', 'Malaysian Ringgit'),
('TMT', '934', 'Manat'),
('MUR', '480', 'Mauritius Rupee'),
('MZN', '943', 'Metical'),
('MXN', '484', 'Mexican Peso'),
('MXV', '979', 'Mexican Unidad de Inversion (UDI)'),
('MDL', '498', 'Moldovan Leu'),
('MAD', '504', 'Moroccan Dirham'),
('BOV', '984', 'Mvdol'),
('NGN', '566', 'Naira'),
('ERN', '232', 'Nakfa'),
('NAD', '516', 'Namibia Dollar'),
('NPR', '524', 'Nepalese Rupee'),
('ANG', '532', 'Netherlands Antillian Guilder'),
('ILS', '376', 'New Israeli Sheqel'),
('RON', '946', 'New Leu'),
('TWD', '901', 'New Taiwan Dollar'),
('NZD', '554', 'New Zealand Dollar'),
('BTN', '64', 'Ngultrum'),
('KPW', '408', 'North Korean Won'),
('NOK', '578', 'Norwegian Krone'),
('PEN', '604', 'Nuevo Sol'),
('MRO', '478', 'Ouguiya'),
('TOP', '776', 'Pa''anga'),
('PKR', '586', 'Pakistan Rupee'),
('XPD', '964', 'Palladium'),
('MOP', '446', 'Pataca'),
('CUC', '931', 'Peso Convertible'),
('UYU', '858', 'Peso Uruguayo'),
('PHP', '608', 'Philippine Peso'),
('XPT', '962', 'Platinum'),
('GBP', '826', 'Pound Sterling'),
('BWP', '72', 'Pula'),
('QAR', '634', 'Qatari Rial'),
('GTQ', '320', 'Quetzal'),
('ZAR', '710', 'Rand'),
('OMR', '512', 'Rial Omani'),
('KHR', '116', 'Riel'),
('MVR', '462', 'Rufiyaa'),
('IDR', '360', 'Rupiah'),
('RUB', '643', 'Russian Ruble'),
('RWF', '646', 'Rwanda Franc'),
('SHP', '654', 'Saint Helena Pound'),
('SAR', '682', 'Saudi Riyal'),
('XDR', '960', 'SDR'),
('RSD', '941', 'Serbian Dinar'),
('SCR', '690', 'Seychelles Rupee'),
('XAG', '961', 'Silver'),
('SGD', '702', 'Singapore Dollar'),
('SBD', '90', 'Solomon Islands Dollar'),
('KGS', '417', 'Som'),
('SOS', '706', 'Somali Shilling'),
('TJS', '972', 'Somoni'),
('LKR', '144', 'Sri Lanka Rupee'),
('SDG', '938', 'Sudanese Pound'),
('SRD', '968', 'Surinam Dollar'),
('SEK', '752', 'Swedish Krona'),
('CHF', '756', 'Swiss Franc'),
('SYP', '760', 'Syrian Pound'),
('BDT', '50', 'Taka'),
('WST', '882', 'Tala'),
('TZS', '834', 'Tanzanian Shilling'),
('KZT', '398', 'Tenge'),
('XXX', '999', 'Codes assigned for transactions where no currency is involved'),
('TTD', '780', 'Trinidad and Tobago Dollar'),
('MNT', '496', 'Tugrik'),
('TND', '788', 'Tunisian Dinar'),
('TRY', '949', 'Turkish Lira'),
('AED', '784', 'UAE Dirham'),
('UGX', '800', 'Uganda Shilling'),
('XFU', NULL, 'UIC-Franc'),
('COU', '970', 'Unidad de Valor Real'),
('CLF', '990', 'Unidades de fomento'),
('UYI', '940', 'Uruguay Peso en Unidades Indexadas'),
('USD', '840', 'US Dollar'),
('USN', '997', 'US Dollar (Next day)'),
('USS', '998', 'US Dollar (Same day)'),
('UZS', '860', 'Uzbekistan Sum'),
('VUV', '548', 'Vatu'),
('CHE', '947', 'WIR Euro'),
('CHW', '948', 'WIR Franc'),
('KRW', '410', 'Won'),
('YER', '886', 'Yemeni Rial'),
('JPY', '392', 'Yen'),
('CNY', '156', 'Yuan Renminbi'),
('ZMK', '894', 'Zambian Kwacha'),
('ZWL', '932', 'Zimbabwe Dollar'),
('PLN', '985', 'Zloty');

-- --------------------------------------------------------

--
-- Table structure for table `dn_email_settings`
--

CREATE TABLE IF NOT EXISTS `dn_email_settings` (
  `id` int(11) NOT NULL AUTO_INCREMENT,
  `smtp_host` varchar(512) NOT NULL,
  `smtp_port` int(10) NOT NULL,
  `smtp_user` varchar(512) NOT NULL,
  `smtp_password` varchar(512) NOT NULL,
  `api_key` varchar(512) NOT NULL,
  `mail_config` enum('webmail','mandrill') NOT NULL,
  PRIMARY KEY (`id`)
) ENGINE=InnoDB  DEFAULT CHARSET=utf8 AUTO_INCREMENT=2 ;

--
-- Dumping data for table `dn_email_settings`
--

INSERT INTO `dn_email_settings` (`id`, `smtp_host`, `smtp_port`, `smtp_user`, `smtp_password`, `api_key`, `mail_config`) VALUES
(1, 'mail.mindsworthy.com', 587, 'admin@admin.com', 'adminadmin', '', 'webmail');

-- --------------------------------------------------------

--
-- Table structure for table `dn_email_templates`
--

CREATE TABLE IF NOT EXISTS `dn_email_templates` (
  `id` int(11) unsigned NOT NULL AUTO_INCREMENT,
  `subject` varchar(512) NOT NULL,
  `email_template` text NOT NULL,
  `status` enum('Active','Inactive') NOT NULL DEFAULT 'Active',
  PRIMARY KEY (`id`)
) ENGINE=InnoDB  DEFAULT CHARSET=utf8 AUTO_INCREMENT=61 ;

--
-- Dumping data for table `dn_email_templates`
--

INSERT INTO `dn_email_templates` (`id`, `subject`, `email_template`, `status`) VALUES
(7, 'registration_template', '<p><img alt="SITE LOGO" src="http://conquerorslabs.com/crunchy/uploads/site_logo/site_logo.png" />&nbsp; &nbsp; &nbsp;</p>\r\n\r\n<h2><strong>&nbsp; &nbsp; &nbsp; &nbsp; &nbsp; &nbsp;Welcome to __SITE_TITLE__ </strong></h2>\r\n\r\n<p>&nbsp;</p>\r\n\r\n<p>Dear <strong>__USER__NAME__</strong>,&nbsp;</p>\r\n\r\n<p>You have successfully Registered in&nbsp;<strong>__SITE_TITLE__</strong></p>\r\n\r\n<p><strong>Your credentials</strong></p>\r\n\r\n<p>Email<strong>&nbsp; &nbsp; &nbsp; &nbsp; &nbsp; &nbsp; __EMAIL__</strong></p>\r\n\r\n<p>Password<strong>&nbsp; __PASSWORD__</strong></p>\r\n\r\n<p>We are really excited that you decide to try our services,welcome and thank you for the trust!!</p>\r\n\r\n<p>Please click this link for <strong>__ACCOUNT_ACTIVATOIN_LINK__</strong></p>\r\n\r\n<p>For any assistance or questions&nbsp;feel free to contact us at <strong>__CONTACT_US__</strong></p>\r\n\r\n<p>&nbsp;</p>\r\n\r\n<p><a href=""><img src="http://conquerorslabs.com/crunchy/assets/images/android.png" /></a>&nbsp; &nbsp; &nbsp; &nbsp; &nbsp; &nbsp; &nbsp;&nbsp;<a href=""><img src="http://conquerorslabs.com/crunchy/assets/images/appleios.png" /></a></p>\r\n\r\n<p>&nbsp;</p>\r\n\r\n<p><strong>Regards,</strong>&nbsp;<br />\r\nCustomer Support<br />\r\n<strong>__SITE_TITLE__</strong> | Restaurent System</p>\r\n\r\n<p><strong>__COPY_RIGHTS__</strong></p>\r\n', 'Active'),
(8, 'fb_google_registration_template', '<p><img src="http://conquerorslabs.com/crunchy/uploads/site_logo/site_logo.png" />&nbsp; &nbsp; &nbsp;</p>\n\n<h2><strong>&nbsp; &nbsp; &nbsp; &nbsp; &nbsp; &nbsp; &nbsp; &nbsp; &nbsp; &nbsp; &nbsp; &nbsp; &nbsp; &nbsp; &nbsp; Welcome&nbsp;to&nbsp;__SITE_TITLE__</strong></h2>\n\n<p>&nbsp;</p>\n\n<p><strong>Dear __USER_NAME__&nbsp;,</strong></p>\n\n<p>&nbsp;</p>\n\n<p>Email &nbsp; &nbsp; &nbsp;: &nbsp;<strong>__EMAIL__</strong></p>\n\n<p>Password : <strong>__PASSWORD__</strong></p>\n\n<p>For any assistance or questions, feel free to contact us at&nbsp;<strong>__CONTACT_US__&nbsp;</strong>or call us at&nbsp;<strong>__CONTACT__NO__</strong></p>\n\n<p><img src="http://conquerorslabs.com/crunchy/assets/images/android.png" />&nbsp; &nbsp; &nbsp; &nbsp; &nbsp; &nbsp; &nbsp;&nbsp;<img src="http://conquerorslabs.com/crunchy/assets/images/appleios.png" /></p>\n\n<p>&nbsp;</p>\n\n<p><strong>Regards,</strong>&nbsp;<br />\nCustomer Support</p>\n\n<p><strong>__SITE_TITLE__</strong>&nbsp;| Restaurent System</p>\n\n<p><strong>__COPY_RIGHTS__</strong></p>\n', 'Active'),
(57, 'when_user_order_booked_template_mail_to_user', '<p><img alt="SITE LOGO" src="http://conquerorslabs.com/crunchy/uploads/site_logo/site_logo.png" />&nbsp; &nbsp; &nbsp;</p>\n\n<h2><strong>&nbsp; &nbsp; &nbsp; &nbsp; &nbsp; &nbsp;Welcome&nbsp;to&nbsp;__SITE_TITLE__ </strong></h2>\n\n<p>&nbsp;</p>\n\n<p>Dear <strong>__USER_NAME__</strong>,&nbsp;</p>\n\n<p>You have successfully Booked an order in&nbsp;<strong>__SITE_TITLE__</strong></p>\n\n<p><strong>ORDER DETAILS</strong></p>\n\n<p>Order Type &nbsp; &nbsp; &nbsp; &nbsp;<strong>&nbsp; &nbsp; &nbsp; &nbsp; &nbsp; &nbsp;__ORDER_TYPE__</strong></p>\n\n<p>No of Items Booked &nbsp; &nbsp;&nbsp;<strong>__NO_OF_ITEMS__</strong></p>\n\n<p>Order Delivered Time &nbsp; &nbsp;&nbsp;<strong>__ORDER_TIME__</strong></p>\n\n<p>Total Cost &nbsp; &nbsp; &nbsp; &nbsp; &nbsp; &nbsp; &nbsp; &nbsp; &nbsp; &nbsp;<strong>__TOTAL_COST__</strong></p>\n\n<p>Payment Mode &nbsp; &nbsp; &nbsp; &nbsp; &nbsp;&nbsp;<strong>__PAYMENT_MODE__</strong></p>\n\n<p>Message &nbsp; &nbsp; &nbsp; &nbsp; &nbsp; &nbsp; &nbsp; &nbsp; &nbsp;&nbsp;<strong>__CUSTOMER_MESSAGE__</strong></p>\n\n<p>&nbsp;</p>\n\n<p>&nbsp;</p>\n\n<p>&nbsp;</p>\n\n<p>We are really excited that you decide to try our services,welcome and thank you for the trust!!</p>\n\n<p>For any assistance or questions&nbsp;feel free to contact us at <strong>__CONTACT_US__</strong></p>\n\n<p>&nbsp;</p>\n\n<p><a href=""><img src="http://conquerorslabs.com/crunchy/assets/images/android.png" /></a>&nbsp; &nbsp; &nbsp; &nbsp; &nbsp; &nbsp; &nbsp;&nbsp;<a href=""><img src="http://conquerorslabs.com/crunchy/assets/images/appleios.png" /></a></p>\n\n<p>&nbsp;</p>\n\n<p><strong>Regards,</strong>&nbsp;<br />\nCustomer Support<br />\n<strong>__SITE_TITLE__</strong> | Restaurent System</p>\n\n<p><strong>__COPY_RIGHTS__</strong></p>\n', 'Active'),
(58, 'when_user_order_booked_template_mail_to_admin', '<p><img alt="SITE LOGO" src="http://conquerorslabs.com/crunchy/uploads/site_logo/site_logo.png" />&nbsp; &nbsp; &nbsp;</p>\n\n<h2><strong>&nbsp; &nbsp; &nbsp; &nbsp; &nbsp; &nbsp;Welcome&nbsp;to __SITE_TITLE__ </strong></h2>\n\n<p>&nbsp;</p>\n\n<p>Hello Dear Admin,&nbsp;</p>\n\n<p><strong>__USER_NAME__&nbsp;</strong>has&nbsp;successfully Booked an order</p>\n\n<p>&nbsp;</p>\n\n<p><strong>USER DETAILS</strong></p>\n\n<p>Name &nbsp; &nbsp; &nbsp; &nbsp; &nbsp; &nbsp; &nbsp; &nbsp; &nbsp; &nbsp; &nbsp; &nbsp; &nbsp;&nbsp;<strong>__USER_NAME__</strong></p>\n\n<p>Email &nbsp; &nbsp; &nbsp; &nbsp; &nbsp; &nbsp; &nbsp; &nbsp; &nbsp; &nbsp; &nbsp; &nbsp; &nbsp;&nbsp;<strong>__EMAIL__</strong></p>\n\n<p>Phone &nbsp; &nbsp; &nbsp; &nbsp; &nbsp; &nbsp; &nbsp; &nbsp; &nbsp; &nbsp; &nbsp; &nbsp;&nbsp;<strong>__PHONE__</strong></p>\n\n<p>Address &nbsp; &nbsp; &nbsp; &nbsp; &nbsp; &nbsp; &nbsp; &nbsp; &nbsp; &nbsp; &nbsp;<strong>__ADDRESS__</strong></p>\n\n<p>Landmark &nbsp; &nbsp; &nbsp; &nbsp; &nbsp; &nbsp; &nbsp; &nbsp; &nbsp;<strong>__LAND_MARK__</strong></p>\n\n<p>City &nbsp; &nbsp; &nbsp; &nbsp; &nbsp; &nbsp; &nbsp; &nbsp; &nbsp; &nbsp; &nbsp; &nbsp; &nbsp;&nbsp;<strong>__CITY__</strong></p>\n\n<p>PINCode &nbsp; &nbsp; &nbsp; &nbsp; &nbsp; &nbsp; &nbsp; &nbsp; &nbsp;<strong>__PIN_CODE__</strong></p>\n\n<p>&nbsp;</p>\n\n<p><strong>ORDER DETAILS</strong></p>\n\n<p>Order Type &nbsp; &nbsp; &nbsp; &nbsp;<strong>&nbsp; &nbsp; &nbsp; &nbsp; &nbsp; &nbsp;__ORDER_TYPE__</strong></p>\n\n<p>No of Items Booked &nbsp; &nbsp;&nbsp;<strong>__NO_OF_ITEMS__</strong></p>\n\n<p>Order Booked Time &nbsp; &nbsp;&nbsp;<strong>__ORDER_TIME__</strong></p>\n\n<p>Total Cost &nbsp; &nbsp; &nbsp; &nbsp; &nbsp; &nbsp; &nbsp; &nbsp; &nbsp; &nbsp;<strong>__TOTAL_COST__</strong></p>\n\n<p>Payment Mode &nbsp; &nbsp; &nbsp; &nbsp; &nbsp;&nbsp;<strong>__PAYMENT_MODE__</strong></p>\n\n<p>Customer Message &nbsp; &nbsp;<strong>__CUSTOMER_MESSAGE__</strong></p>\n\n<p>&nbsp;</p>\n\n<p>&nbsp;</p>\n\n<p>We are really excited that you decide to try our services,welcome and thank you for the trust!!</p>\n\n<p>For any assistance or questions&nbsp;feel free to contact us at <strong>__CONTACT_US__</strong></p>\n\n<p>&nbsp;</p>\n\n<p><a href=""><img src="http://conquerorslabs.com/crunchy/assets/images/android.png" /></a>&nbsp; &nbsp; &nbsp; &nbsp; &nbsp; &nbsp; &nbsp;&nbsp;<a href=""><img src="http://conquerorslabs.com/crunchy/assets/images/appleios.png" /></a></p>\n\n<p>&nbsp;</p>\n\n<p><strong>Regards,</strong>&nbsp;<br />\nCustomer Support<br />\n<strong>__SITE_TITLE__</strong> | Restaurent System</p>\n\n<p><strong>__COPY_RIGHTS__</strong></p>\n', 'Active'),
(59, 'order_status_changed', '<p><img src="http://conquerorslabs.com/crunchy/uploads/site_logo/site_logo.png" />&nbsp; &nbsp; &nbsp;</p>\n\n<h2><strong>&nbsp; &nbsp; &nbsp; &nbsp; &nbsp; &nbsp; &nbsp; &nbsp; &nbsp; &nbsp; &nbsp; &nbsp; &nbsp; &nbsp; &nbsp; Welcome&nbsp;to&nbsp;__SITE_TITLE__</strong></h2>\n\n<p>&nbsp;</p>\n\n<p><strong>Dear __NAME__</strong><strong> </strong><strong>,</strong></p>\n\n<p>Your Order No <strong>__ORDER__NO__ &nbsp;</strong>status has changed</p>\n\n<p><strong>ORDER DETAILS</strong></p>\n\n<p>No of Items Booked &nbsp; &nbsp;&nbsp;<strong>__NO_OF_ITEMS__</strong></p>\n\n<p>Order Booked Time &nbsp; &nbsp;&nbsp;<strong>__ORDER_TIME__</strong></p>\n\n<p>Total Cost &nbsp; &nbsp; &nbsp; &nbsp; &nbsp; &nbsp; &nbsp; &nbsp; &nbsp; &nbsp;<strong>__TOTAL_COST__</strong></p>\n\n<p>Payment Mode &nbsp; &nbsp; &nbsp; &nbsp; &nbsp;&nbsp;<strong>__PAYMENT_MODE__</strong></p>\n\n<p>Message<strong>&nbsp; &nbsp; &nbsp; &nbsp; &nbsp; &nbsp; &nbsp; &nbsp; &nbsp; &nbsp; &nbsp;__MESSAGE__</strong></p>\n\n<p>Status &nbsp; &nbsp; &nbsp; &nbsp; &nbsp; &nbsp; &nbsp; &nbsp; &nbsp; &nbsp; &nbsp; <strong>__STATUS__</strong></p>\n\n<p>&nbsp;</p>\n\n<p>For any assistance or questions, feel free to contact us at <strong>__CONTACT__EMAIL__</strong>&nbsp; or call us at <strong>__CONTACT__NO__</strong></p>\n\n<p>&nbsp;</p>\n\n<p><a href="&lt;?php echo base_url();?&gt;" target="_blank"><img src="http://conquerorslabs.com/crunchy/assets/images/android.png" /></a>&nbsp; &nbsp; &nbsp; &nbsp; &nbsp; &nbsp; &nbsp;&nbsp;<a href=""><img src="http://conquerorslabs.com/crunchy/assets/images/appleios.png" /></a></p>\n\n<p>&nbsp;</p>\n\n<p><strong>Regards,</strong>&nbsp;<br />\nCustomer Support</p>\n\n<p><strong>__SITE_TITLE__</strong></p>\n\n<p><strong>__COPY_RIGHTS__</strong></p>\n', 'Active'),
(60, 'order_cancelled', '<p><img src="http://conquerorslabs.com/crunchy/uploads/site_logo/site_logo.png" />&nbsp; &nbsp; &nbsp;</p>\n\n<h2><strong>&nbsp; &nbsp; &nbsp; &nbsp; &nbsp; &nbsp; &nbsp; &nbsp; &nbsp; &nbsp; &nbsp; &nbsp; &nbsp; &nbsp; &nbsp; Welcome to __SITE_TITLE__</strong></h2>\n\n<p>&nbsp;</p>\n\n<p><strong>Dear __NAME__</strong><strong> </strong><strong>,</strong></p>\n\n<p>Your Order No <strong>__ORDER__NO__ &nbsp;</strong>status has changed</p>\n\n<p><strong>ITEM DELETED FROM&nbsp;ORDER</strong></p>\n\n<p><strong>__ITEM_NAME__&nbsp;</strong>is deleted form Order, for details please login to Mobile app and check the order history</p>\n\n<p>&nbsp;</p>\n\n<p>&nbsp;</p>\n\n<p>For any assistance or questions, feel free to contact us at <strong>__CONTACT__EMAIL__</strong>&nbsp; or call us at <strong>__CONTACT__NO__</strong></p>\n\n<p>&nbsp;</p>\n\n<p><a href="&lt;?php echo base_url();?&gt;" target="_blank"><img src="http://conquerorslabs.com/crunchy/assets/images/android.png" /></a>&nbsp; &nbsp; &nbsp; &nbsp; &nbsp; &nbsp; &nbsp;&nbsp;<a href=""><img src="http://conquerorslabs.com/crunchy/assets/images/appleios.png" /></a></p>\n\n<p>&nbsp;</p>\n\n<p><strong>Regards,</strong>&nbsp;<br />\nCustomer Support</p>\n\n<p><strong>__SITE_TITLE__</strong></p>\n\n<p><strong>__COPY_RIGHTS__</strong></p>\n', 'Active');

-- --------------------------------------------------------

--
-- Table structure for table `dn_gallery`
--

CREATE TABLE IF NOT EXISTS `dn_gallery` (
  `gallery_id` int(11) NOT NULL AUTO_INCREMENT,
  `image_name` varchar(50) NOT NULL,
  `alt_text` varchar(50) NOT NULL,
  `status` enum('Active','Inactive') NOT NULL,
  PRIMARY KEY (`gallery_id`)
) ENGINE=InnoDB  DEFAULT CHARSET=latin1 AUTO_INCREMENT=13 ;

--
-- Dumping data for table `dn_gallery`
--

INSERT INTO `dn_gallery` (`gallery_id`, `image_name`, `alt_text`, `status`) VALUES
(7, 'crunchy_7.jpg', 'Tables', 'Inactive'),
(8, 'crunchy_8.jpg', 'Big Hall', 'Active'),
(9, 'crunchy_9.jpg', 'Ship ', 'Active'),
(10, 'crunchy_10.jpg', 'function Hall', 'Active'),
(11, 'crunchy_11.jpg', 'New Year', 'Active');

-- --------------------------------------------------------

--
-- Table structure for table `dn_groups`
--

CREATE TABLE IF NOT EXISTS `dn_groups` (
  `id` mediumint(8) unsigned NOT NULL AUTO_INCREMENT,
  `name` varchar(20) NOT NULL,
  `description` varchar(100) NOT NULL,
  PRIMARY KEY (`id`)
) ENGINE=InnoDB  DEFAULT CHARSET=utf8 AUTO_INCREMENT=3 ;

--
-- Dumping data for table `dn_groups`
--

INSERT INTO `dn_groups` (`id`, `name`, `description`) VALUES
(1, 'admin', 'Administrator'),
(2, 'members', 'General User');

-- --------------------------------------------------------

--
-- Table structure for table `dn_items`
--

CREATE TABLE IF NOT EXISTS `dn_items` (
  `item_id` int(11) NOT NULL AUTO_INCREMENT,
  `menu_id` int(11) NOT NULL,
  `item_name` varchar(50) NOT NULL,
  `item_cost` decimal(10,2) NOT NULL,
  `item_type` enum('Veg','Non-Veg','Other') NOT NULL DEFAULT 'Other',
  `item_image_name` varchar(50) NOT NULL,
  `item_description` varchar(100) NOT NULL,
  `status` enum('Active','Inactive') CHARACTER SET latin1 NOT NULL DEFAULT 'Active',
  PRIMARY KEY (`item_id`),
  KEY `fk_menu` (`menu_id`)
) ENGINE=InnoDB  DEFAULT CHARSET=utf8 AUTO_INCREMENT=150 ;

--
-- Dumping data for table `dn_items`
--

INSERT INTO `dn_items` (`item_id`, `menu_id`, `item_name`, `item_cost`, `item_type`, `item_image_name`, `item_description`, `status`) VALUES
(6, 5, 'Hot-N-Sour Chicken Soup', '134.00', 'Non-Veg', 'item_6.jpg', 'This is non veg Su', 'Active'),
(8, 5, 'Cream Of Tomato Soup', '125.00', 'Veg', 'item_8.jpg', 'Cream Of Tomato Soup Is Veg Soup', 'Active'),
(9, 5, 'Sweet Corn Vegetable Soup', '125.00', 'Veg', 'item_9.jpg', 'Sweet Corn Vegetable Soup', 'Active'),
(10, 5, 'Hot-N-Sour Vegetable Soup', '125.00', 'Veg', 'item_10.jpg', 'Hot-N-Sour Vegetable Soup', 'Active'),
(11, 5, 'Clear Chicken Noodle Soup', '134.00', 'Non-Veg', 'item_11.jpg', 'Clear Chicken Noodle Soup', 'Inactive'),
(12, 5, 'Cream Of Chicken Soup', '124.00', 'Non-Veg', 'item_12.jpg', 'Cream Of Chicken Soup', 'Active'),
(13, 5, 'Sweet Corn Chicken Soup', '134.00', 'Non-Veg', 'item_13.jpg', 'Sweet Corn Chicken Soup', 'Active'),
(14, 8, 'Baby Corn Hot-N-Pepper', '229.00', 'Veg', 'item_14.jpg', 'Baby Corn Hot-N-Pepper', 'Active'),
(15, 8, 'Chilli Paneer', '229.00', 'Veg', 'item_15.jpg', 'Chilli Paneer', 'Active'),
(16, 8, 'Gobi Manchurian', '221.00', 'Veg', 'item_16.jpg', 'Gobi Manchurian', 'Active'),
(17, 8, 'Crispy Corn Chilli Pepper', '221.00', 'Veg', 'item_17.jpg', 'Crispy Corn Chilli Pepper', 'Active'),
(18, 8, 'Baby Corn Manchurian', '229.00', 'Veg', 'item_18.jpg', 'Baby Corn Manchurian', 'Active'),
(19, 8, 'Paneer 65', '229.00', 'Veg', 'item_19.jpg', 'Paneer 65', 'Active'),
(20, 8, 'Vegetable Manchurian', '221.00', 'Veg', 'item_20.jpg', 'Vegetable Manchurian', 'Active'),
(21, 8, 'Chilli Prawns', '378.00', 'Non-Veg', 'item_21.jpg', 'Chilli Prawns', 'Active'),
(22, 8, 'Loose Prawns', '378.00', 'Non-Veg', 'item_22.jpg', 'Loose Prawns', 'Active'),
(23, 8, 'Schezwan Fish', '358.00', 'Non-Veg', 'item_23.jpg', 'Schezwan Fish', 'Active'),
(24, 8, 'Chicken Drum Sticks', '309.00', 'Non-Veg', 'item_24.jpg', 'Chicken Drum Sticks', 'Active'),
(25, 8, 'Chicken Manchurian', '309.00', 'Non-Veg', 'item_25.jpg', 'Chicken Manchurian', 'Active'),
(26, 8, 'Chilli Chicken', '309.00', 'Non-Veg', 'item_26.jpg', 'Chilli Chicken', 'Active'),
(27, 8, 'Pepper Chicken', '309.00', 'Non-Veg', 'item_27.jpg', 'Pepper Chicken', 'Active'),
(28, 8, 'Fried Fish', '309.00', 'Non-Veg', 'item_28.jpg', 'Fried Fish', 'Active'),
(29, 8, 'Veg Spring Roll', '175.00', 'Veg', 'item_29.jpg', 'Veg Spring Roll', 'Active'),
(30, 8, 'Egg Spring Roll', '175.00', 'Non-Veg', 'item_30.jpg', 'Egg Spring Roll', 'Active'),
(31, 8, 'Chicken Spring Roll', '175.00', 'Non-Veg', 'item_31.jpg', 'Chicken Spring Roll', 'Active'),
(32, 8, 'Golden Fried Prawns', '378.00', 'Non-Veg', 'item_32.JPG', 'Golden Fried Prawns', 'Active'),
(33, 8, 'Apollo Fish', '358.00', 'Non-Veg', 'item_33.jpg', 'Apollo Fish', 'Active'),
(34, 8, 'Chilli Fish', '358.00', 'Non-Veg', 'item_34.jpg', 'Chilli Fish', 'Active'),
(35, 8, 'Chicken 65', '309.00', 'Non-Veg', 'item_35.jpg', 'Chicken 65', 'Active'),
(36, 6, 'Aloo Biryani', '200.00', 'Veg', 'item_36.jpg', 'Aloo Biryani', 'Inactive'),
(37, 6, 'Vegetable Biryani', '200.00', 'Veg', 'item_37.jpg', 'Vegetable Biryani', 'Active'),
(38, 6, 'Special Biryani', '254.00', 'Non-Veg', 'item_38.jpg', 'Special Biryani', 'Active'),
(39, 6, 'Special Supreme Biryani Chicken', '916.00', 'Non-Veg', 'item_39.jpg', 'Special Supreme Biryani Chicken', 'Active'),
(40, 6, 'Special Supreme Biryani Mutton', '956.00', 'Non-Veg', 'item_40.jpg', 'Special Supreme Biryani Mutton', 'Active'),
(41, 6, 'Mutton Biryani', '254.00', 'Non-Veg', 'item_41.jpg', 'Mutton Biryani', 'Active'),
(42, 6, 'Chicken Biryani', '244.00', 'Non-Veg', 'item_42.jpg', 'Chicken Biryani', 'Active'),
(44, 9, 'Special Kebab Platter', '460.00', 'Non-Veg', 'item_44.jpg', 'Special Kebab Platter', 'Active'),
(45, 9, 'Tandoori Chicken ', '443.00', 'Non-Veg', 'item_45.jpg', 'Tandoori Chicken ', 'Active'),
(46, 9, 'Fish Malai Kebab', '309.00', 'Non-Veg', 'item_46.jpg', 'Fish Malai Kebab', 'Active'),
(47, 9, 'Mutton Pepper Kebab', '299.00', 'Non-Veg', 'item_47.jpg', 'Mutton Pepper Kebab', 'Active'),
(48, 9, 'Mutton Tikka Kebab', '299.00', 'Non-Veg', 'item_48.JPG', 'Mutton Tikka Kebab', 'Active'),
(49, 9, 'Mutton Malai Kebab', '299.00', 'Non-Veg', 'item_49.jpg', 'Mutton Malai Kebab', 'Active'),
(50, 9, 'Mutton Sheek Kebab', '299.00', 'Non-Veg', 'item_50.jpg', 'Mutton Sheek Kebab', 'Active'),
(51, 9, 'Chicken Garlic Kebab', '284.00', 'Non-Veg', 'item_51.jpg', 'Chicken Garlic Kebab', 'Active'),
(52, 9, 'Chicken Hara Bhara Kebab', '284.00', 'Non-Veg', 'item_52.jpg', 'Chicken Hara Bhara Kebab', 'Active'),
(53, 9, 'Chicken Sheek Kebab', '284.00', 'Non-Veg', 'item_53.jpg', 'Chicken Sheek Kebab', 'Active'),
(54, 9, 'Tandoori Chicken(Half) ', '284.00', 'Non-Veg', 'item_54.jpg', 'Tandoori Chicken(Half) ', 'Active'),
(55, 9, 'Kalmi Kebab', '284.00', 'Non-Veg', 'item_55.jpg', 'Kalmi Kebab', 'Active'),
(56, 9, 'Paneer Tikka Kebab', '210.00', 'Veg', 'item_56.JPG', 'Paneer Tikka Kebab', 'Inactive'),
(57, 9, 'Veg Sheek Kebab', '200.00', 'Veg', 'item_57.jpg', 'Veg Sheek Kebab', 'Active'),
(58, 9, 'Paneer achari Kebab', '210.00', 'Veg', 'item_58.JPG', 'Paneer achari Kebab', 'Active'),
(59, 15, 'Palak Paneer', '210.00', 'Veg', 'item_59.jpg', 'Palak Paneer', 'Active'),
(60, 15, 'Dal Fry', '200.00', 'Veg', 'item_60.jpg', 'Lorem Ipsum is simply dummy text of the printing and typesetting industry. Lorem Ipsum has been the ', 'Active'),
(61, 15, 'Dal Makhani', '200.00', 'Veg', 'item_61.jpg', 'Lorem Ipsum is simply dummy text of the printing and typesetting industry. Lorem Ipsum has been the ', 'Active'),
(62, 15, 'Vegetable-Do-Pyaza', '200.00', 'Veg', 'item_62.jpg', 'Lorem Ipsum is simply dummy text of the printing and typesetting industry. Lorem Ipsum has been the ', 'Active'),
(63, 15, 'Methi Chaman', '200.00', 'Veg', 'item_63.jpg', 'Lorem Ipsum is simply dummy text of the printing and typesetting industry. Lorem Ipsum has been the ', 'Active'),
(64, 15, 'Kadai Vegetables', '200.00', 'Veg', 'item_64.jpg', 'Lorem Ipsum is simply dummy text of the printing and typesetting industry. Lorem Ipsum has been the ', 'Active'),
(65, 15, 'Kadai Paneer', '210.00', 'Veg', 'item_65.jpg', 'Lorem Ipsum is simply dummy text of the printing and typesetting industry. Lorem Ipsum has been the ', 'Active'),
(66, 15, 'Malai Kofta', '210.00', 'Veg', 'item_66.jpg', 'Lorem Ipsum is simply dummy text of the printing and typesetting industry. Lorem Ipsum has been the ', 'Active'),
(67, 15, 'Paneer Butter Masala', '210.00', 'Veg', 'item_67.jpg', 'Lorem Ipsum is simply dummy text of the printing and typesetting industry. Lorem Ipsum has been the ', 'Active'),
(68, 15, 'Mixed Vegetable Curry', '200.00', 'Veg', 'item_68.jpg', 'Lorem Ipsum is simply dummy text of the printing and typesetting industry. Lorem Ipsum has been the ', 'Active'),
(69, 16, 'Mutton Tikka Masala', '309.00', 'Veg', 'item_69.JPG', 'Lorem Ipsum is simply dummy text of the printing and typesetting industry. Lorem Ipsum has been the ', 'Active'),
(70, 16, 'Mutton Rogan Josh', '309.00', 'Non-Veg', 'item_70.jpg', 'Lorem Ipsum is simply dummy text of the printing and typesetting industry. Lorem Ipsum has been the ', 'Active'),
(71, 16, 'Butter Chicken Boneless', '288.00', 'Non-Veg', 'item_71.JPG', 'Lorem Ipsum is simply dummy text of the printing and typesetting industry. Lorem Ipsum has been the ', 'Active'),
(72, 16, 'Chicken Tikka Masala', '288.00', 'Non-Veg', 'item_72.jpg', 'Lorem Ipsum is simply dummy text of the printing and typesetting industry. Lorem Ipsum has been the ', 'Active'),
(73, 16, 'Chicken Chilli Masala', '278.00', 'Non-Veg', 'item_73.jpg', 'Lorem Ipsum is simply dummy text of the printing and typesetting industry. Lorem Ipsum has been the ', 'Active'),
(74, 16, 'Chicken Masala', '278.00', 'Non-Veg', 'item_74.jpg', 'Lorem Ipsum is simply dummy text of the printing and typesetting industry. Lorem Ipsum has been the ', 'Active'),
(75, 16, 'Prawns Masala', '309.00', 'Non-Veg', 'item_75.jpg', 'Lorem Ipsum is simply dummy text of the printing and typesetting industry. Lorem Ipsum has been the ', 'Active'),
(76, 16, 'Fish Masala', '288.00', 'Non-Veg', 'item_76.jpg', 'Lorem Ipsum is simply dummy text of the printing and typesetting industry. Lorem Ipsum has been the ', 'Active'),
(77, 16, 'Egg Masala', '200.00', 'Non-Veg', 'item_77.JPG', 'Lorem Ipsum is simply dummy text of the printing and typesetting industry. Lorem Ipsum has been the ', 'Active'),
(78, 16, 'Special Mutton ', '329.00', 'Non-Veg', 'item_78.jpg', 'Lorem Ipsum is simply dummy text of the printing and typesetting industry. Lorem Ipsum has been the ', 'Active'),
(79, 16, 'Mutton Shahi Korma', '309.00', 'Non-Veg', 'item_79.jpg', 'Lorem Ipsum is simply dummy text of the printing and typesetting industry. Lorem Ipsum has been the ', 'Active'),
(80, 16, 'Tandoori Chicken Masala', '288.00', 'Non-Veg', 'item_80.jpg', 'Lorem Ipsum is simply dummy text of the printing and typesetting industry. Lorem Ipsum has been the ', 'Active'),
(81, 16, 'Chicken Nawabi', '288.00', 'Non-Veg', 'item_81.jpg', 'Lorem Ipsum is simply dummy text of the printing and typesetting industry. Lorem Ipsum has been the ', 'Active'),
(82, 16, 'Special Chicken Curry', '288.00', 'Non-Veg', 'item_82.jpg', 'Lorem Ipsum is simply dummy text of the printing and typesetting industry. Lorem Ipsum has been the ', 'Active'),
(83, 11, 'Kheema Naan', '75.00', 'Non-Veg', 'item_83.jpg', 'Lorem Ipsum is simply dummy text of the printing and typesetting industry. Lorem Ipsum has been the ', 'Active'),
(84, 11, 'Pudina Paratha', '67.00', 'Veg', 'item_84.jpg', 'Lorem Ipsum is simply dummy text of the printing and typesetting industry. Lorem Ipsum has been the ', 'Active'),
(85, 11, 'Masala Kulcha', '67.00', 'Veg', 'item_85.jpg', 'Lorem Ipsum is simply dummy text of the printing and typesetting industry. Lorem Ipsum has been the ', 'Active'),
(86, 11, 'Butter Naan', '67.00', 'Veg', 'item_86.jpg', 'Lorem Ipsum is simply dummy text of the printing and typesetting industry. Lorem Ipsum has been the ', 'Active'),
(87, 11, 'Butter Roti', '59.00', 'Veg', 'item_87.jpg', 'Lorem Ipsum is simply dummy text of the printing and typesetting industry. Lorem Ipsum has been the ', 'Active'),
(88, 11, 'Tandoori Roti', '59.00', 'Veg', 'item_88.jpg', 'Lorem Ipsum is simply dummy text of the printing and typesetting industry. Lorem Ipsum has been the ', 'Active'),
(89, 11, 'Pineapple Raita', '84.00', 'Veg', 'item_89.JPG', 'Lorem Ipsum is simply dummy text of the printing and typesetting industry. Lorem Ipsum has been the ', 'Active'),
(90, 11, 'Cucumber Raita', '84.00', 'Veg', 'item_90.jpg', 'Lorem Ipsum is simply dummy text of the printing and typesetting industry. Lorem Ipsum has been the ', 'Active'),
(91, 11, 'Roasted Papad', '38.00', 'Other', 'item_91.jpg', 'Lorem Ipsum is simply dummy text of the printing and typesetting industry. Lorem Ipsum has been the ', 'Active'),
(92, 11, 'Fruit Chat Salad', '75.00', 'Veg', 'item_92.jpg', 'Lorem Ipsum is simply dummy text of the printing and typesetting industry. Lorem Ipsum has been the ', 'Active'),
(93, 11, 'Russian Salad', '75.00', 'Veg', 'item_93.jpg', 'Lorem Ipsum is simply dummy text of the printing and typesetting industry. Lorem Ipsum has been the ', 'Active'),
(94, 11, 'Green Salad', '50.00', 'Veg', 'item_94.jpg', 'Lorem Ipsum is simply dummy text of the printing and typesetting industry. Lorem Ipsum has been the ', 'Active'),
(95, 11, 'Cucumber Salad', '50.00', 'Veg', 'item_95.jpg', 'Lorem Ipsum is simply dummy text of the printing and typesetting industry. Lorem Ipsum has been the ', 'Active'),
(97, 12, 'Ginger Prawns', '378.00', 'Non-Veg', 'item_97.jpg', 'Lorem Ipsum is simply dummy text of the printing and typesetting industry. Lorem Ipsum has been the ', 'Active'),
(98, 12, 'Garlic Prawns', '378.00', 'Non-Veg', 'item_98.jpg', 'Lorem Ipsum is simply dummy text of the printing and typesetting industry. Lorem Ipsum has been the ', 'Active'),
(99, 12, 'Sweet-N-Sour Prawns', '378.00', 'Non-Veg', 'item_99.jpg', 'Lorem Ipsum is simply dummy text of the printing and typesetting industry. Lorem Ipsum has been the ', 'Active'),
(100, 12, 'Ginger Fish', '350.00', 'Non-Veg', 'item_100.JPG', 'Lorem Ipsum is simply dummy text of the printing and typesetting industry. Lorem Ipsum has been the ', 'Active'),
(101, 12, 'Garlic Fish', '350.00', 'Non-Veg', 'item_101.jpg', 'Lorem Ipsum is simply dummy text of the printing and typesetting industry. Lorem Ipsum has been the ', 'Active'),
(102, 12, 'Chicken Soft Noodles', '184.00', 'Non-Veg', 'item_102.png', 'Lorem Ipsum is simply dummy text of the printing and typesetting industry. Lorem Ipsum has been the ', 'Active'),
(103, 12, 'Chicken Hakka Noodles', '184.00', 'Non-Veg', 'item_103.jpg', 'Lorem Ipsum is simply dummy text of the printing and typesetting industry. Lorem Ipsum has been the ', 'Active'),
(104, 12, 'Chicken Fried Rice', '184.00', 'Non-Veg', 'item_104.jpg', 'Lorem Ipsum is simply dummy text of the printing and typesetting industry. Lorem Ipsum has been the ', 'Active'),
(105, 12, 'Schezwan Chicken Fried Rice', '184.00', 'Non-Veg', 'item_105.jpg', 'Lorem Ipsum is simply dummy text of the printing and typesetting industry. Lorem Ipsum has been the ', 'Active'),
(106, 12, 'Egg Fried Rice', '184.00', 'Non-Veg', 'item_106.jpg', 'Lorem Ipsum is simply dummy text of the printing and typesetting industry. Lorem Ipsum has been the ', 'Active'),
(107, 12, 'Veg Soft Noodles', '184.00', 'Veg', 'item_107.jpg', 'Lorem Ipsum is simply dummy text of the printing and typesetting industry. Lorem Ipsum has been the ', 'Active'),
(108, 12, 'Veg Hakka Noodles', '184.00', 'Veg', 'item_108.jpg', 'Lorem Ipsum is simply dummy text of the printing and typesetting industry. Lorem Ipsum has been the ', 'Active'),
(109, 12, 'Veg Fried Rice', '184.00', 'Veg', 'item_109.jpg', 'Lorem Ipsum is simply dummy text of the printing and typesetting industry. Lorem Ipsum has been the ', 'Active'),
(110, 12, 'Schezwan Vegetable Fried Rice', '184.00', 'Veg', 'item_110.jpg', 'Lorem Ipsum is simply dummy text of the printing and typesetting industry. Lorem Ipsum has been the ', 'Active'),
(111, 14, 'Qubani Ka Meetha', '125.00', 'Other', 'item_111.jpg', 'Lorem Ipsum is simply dummy text of the printing and typesetting industry. Lorem Ipsum has been the ', 'Active'),
(112, 14, 'Pot Kulfi', '100.00', 'Other', 'item_112.jpg', 'Lorem Ipsum is simply dummy text of the printing and typesetting industry. Lorem Ipsum has been the ', 'Active'),
(113, 14, 'Gajara Ka Halwa', '84.00', 'Other', 'item_113.jpg', 'Lorem Ipsum is simply dummy text of the printing and typesetting industry. Lorem Ipsum has been the ', 'Active'),
(114, 14, 'Gulab Jamoon', '84.00', 'Other', 'item_114.JPG', 'Lorem Ipsum is simply dummy text of the printing and typesetting industry. Lorem Ipsum has been the ', 'Active'),
(115, 14, 'Double Ka Meetha', '84.00', 'Other', 'item_115.jpg', 'Lorem Ipsum is simply dummy text of the printing and typesetting industry. Lorem Ipsum has been the ', 'Active'),
(116, 14, 'Caramel Custard', '84.00', 'Other', 'item_116.jpg', 'Lorem Ipsum is simply dummy text of the printing and typesetting industry. Lorem Ipsum has been the ', 'Active'),
(117, 14, 'Banana Split', '150.00', 'Other', 'item_117.jpg', 'Lorem Ipsum is simply dummy text of the printing and typesetting industry. Lorem Ipsum has been the ', 'Active'),
(118, 14, 'Lovers Delight', '150.00', 'Other', 'item_118.jpg', 'Lorem Ipsum is simply dummy text of the printing and typesetting industry. Lorem Ipsum has been the ', 'Active'),
(119, 14, 'Chocolate Sundae', '150.00', 'Other', 'item_119.jpg', 'Lorem Ipsum is simply dummy text of the printing and typesetting industry. Lorem Ipsum has been the ', 'Active'),
(120, 14, 'Lychee With Strawberry', '150.00', 'Other', 'item_120.jpg', 'Lorem Ipsum is simply dummy text of the printing and typesetting industry. Lorem Ipsum has been the ', 'Active'),
(121, 14, 'Pineapple With Vanilla', '150.00', 'Other', 'item_121.jpg', 'Lorem Ipsum is simply dummy text of the printing and typesetting industry. Lorem Ipsum has been the ', 'Active'),
(122, 14, 'Vainilla Hot Chocolate', '150.00', 'Other', 'item_122.jpg', 'Lorem Ipsum is simply dummy text of the printing and typesetting industry. Lorem Ipsum has been the ', 'Active'),
(123, 14, 'Triple Sundae', '150.00', 'Other', 'item_123.jpg', '\nLorem Ipsum is simply dummy text of the printing and typesetting industry. Lorem Ipsum has been the', 'Active'),
(124, 14, 'Tutti Frutti', '150.00', 'Other', '', '\nLorem Ipsum is simply dummy text of the printing and typesetting industry. Lorem Ipsum has been the', 'Active'),
(125, 14, 'Tutti Frutti', '150.00', 'Other', 'item_125.jpg', '\nLorem Ipsum is simply dummy text of the printing and typesetting industry. Lorem Ipsum has been the', 'Active'),
(126, 14, 'Black Forest Gateau', '125.00', 'Other', 'item_126.jpg', '\nLorem Ipsum is simply dummy text of the printing and typesetting industry. Lorem Ipsum has been the', 'Active'),
(127, 14, 'Strawberry Icream', '125.00', 'Other', 'item_127.jpg', '\nLorem Ipsum is simply dummy text of the printing and typesetting industry. Lorem Ipsum has been the', 'Active'),
(128, 14, 'Butterscotch', '125.00', 'Other', 'item_128.jpg', '\nLorem Ipsum is simply dummy text of the printing and typesetting industry. Lorem Ipsum has been the', 'Active'),
(129, 14, 'Fruit Salad', '125.00', 'Other', 'item_129.jpeg', '\nLorem Ipsum is simply dummy text of the printing and typesetting industry. Lorem Ipsum has been the', 'Inactive'),
(130, 13, 'Pineapple ', '84.00', 'Other', 'item_130.jpg', '\nLorem Ipsum is simply dummy text of the printing and typesetting industry. Lorem Ipsum has been the', 'Inactive'),
(131, 13, 'Orange', '84.00', 'Other', 'item_131.jpg', '\nLorem Ipsum is simply dummy text of the printing and typesetting industry. Lorem Ipsum has been the', 'Active'),
(132, 13, 'Sweet Lime', '84.00', 'Veg', 'item_132.jpg', '\nLorem Ipsum is simply dummy text of the printing and typesetting industry. Lorem Ipsum has been the', 'Active'),
(133, 13, 'Chocolate Milkshake', '84.00', 'Other', 'item_133.jpg', '\nLorem Ipsum is simply dummy text of the printing and typesetting industry. Lorem Ipsum has been the', 'Active'),
(134, 13, 'Strawberry Milkshake', '84.00', 'Other', 'item_134.jpg', '\nLorem Ipsum is simply dummy text of the printing and typesetting industry. Lorem Ipsum has been the', 'Active'),
(135, 13, 'Butterscotch Milkshake', '84.00', 'Other', 'item_135.jpeg', '\nLorem Ipsum is simply dummy text of the printing and typesetting industry. Lorem Ipsum has been the', 'Active'),
(136, 13, 'Lassi', '84.00', 'Other', 'item_136.jpg', '\nLorem Ipsum is simply dummy text of the printing and typesetting industry. Lorem Ipsum has been the', 'Active'),
(137, 13, 'Cold Coffee', '84.00', 'Other', 'item_137.jpg', '\nLorem Ipsum is simply dummy text of the printing and typesetting industry. Lorem Ipsum has been the', 'Active'),
(139, 13, 'Fresh Lemon Water', '50.00', 'Other', 'item_139.jpg', '\nLorem Ipsum is simply dummy text of the printing and typesetting industry. Lorem Ipsum has been the', 'Active'),
(141, 13, 'Fanta', '42.00', 'Other', 'item_141.jpg', '\nLorem Ipsum is simply dummy text of the printing and typesetting industry. Lorem Ipsum has been the', 'Active'),
(142, 13, 'Maaza', '42.00', 'Other', 'item_142.jpg', '\nLorem Ipsum is simply dummy text of the printing and typesetting industry. Lorem Ipsum has been the', 'Active'),
(144, 18, 'Test Item', '60.00', 'Non-Veg', 'item_144.jpg', 'Nice', 'Active'),
(145, 18, 'My Item', '90.00', 'Veg', 'item_145.jpg', 'Nice', 'Active'),
(146, 18, 'New Item', '150.00', 'Other', 'item_146.jpg', 'Good ', 'Active'),
(148, 10, 'Chicken Curry', '90.00', 'Non-Veg', 'item_148.jpeg', 'Nice ', 'Active'),
(149, 10, 'Panner', '120.00', 'Veg', 'item_149.jpg', 'Good', 'Active');

-- --------------------------------------------------------

--
-- Table structure for table `dn_item_addons`
--

CREATE TABLE IF NOT EXISTS `dn_item_addons` (
  `item_addon_id` int(11) NOT NULL AUTO_INCREMENT,
  `item_id` int(11) DEFAULT NULL,
  `addon_id` int(11) DEFAULT NULL,
  PRIMARY KEY (`item_addon_id`),
  KEY `fk_item_addon_id` (`addon_id`),
  KEY `fk_item_item_id` (`item_id`)
) ENGINE=InnoDB  DEFAULT CHARSET=utf8 AUTO_INCREMENT=124 ;

--
-- Dumping data for table `dn_item_addons`
--

INSERT INTO `dn_item_addons` (`item_addon_id`, `item_id`, `addon_id`) VALUES
(10, 142, 4),
(20, 12, 7),
(21, 12, 8),
(22, 13, 21),
(23, 13, 22),
(33, 11, 6),
(34, 11, 8),
(35, 11, 15),
(36, 11, 7),
(37, 42, 7),
(39, 42, 15),
(40, 42, 21),
(45, 41, 15),
(46, 41, 19),
(47, 41, 16),
(48, 38, 6),
(50, 38, 9),
(51, 38, 15),
(52, 39, 7),
(53, 39, 8),
(54, 39, 6),
(55, 39, 15),
(56, 39, 9),
(58, 37, 12),
(59, 37, 20),
(60, 37, 25),
(62, 33, 21),
(63, 33, 7),
(64, 33, 15),
(65, 14, 6),
(66, 14, 8),
(67, 14, 17),
(68, 51, 6),
(69, 51, 8),
(70, 51, 7),
(71, 51, 15),
(72, 86, 6),
(73, 86, 7),
(74, 86, 9),
(75, 86, 15),
(76, 104, 7),
(77, 104, 9),
(78, 104, 6),
(79, 104, 18),
(83, 117, 22),
(84, 117, 15),
(85, 60, 20),
(86, 60, 12),
(87, 60, 22),
(88, 71, 6),
(89, 71, 7),
(90, 71, 9),
(91, 71, 12),
(92, 133, 12),
(96, 8, 7),
(97, 8, 8),
(104, 6, 8),
(116, 144, 4),
(117, 145, 20),
(118, 145, 22),
(120, 146, 4),
(123, 148, 4);

-- --------------------------------------------------------

--
-- Table structure for table `dn_item_options`
--

CREATE TABLE IF NOT EXISTS `dn_item_options` (
  `item_option_id` int(11) NOT NULL AUTO_INCREMENT,
  `item_id` int(11) DEFAULT NULL,
  `option_id` int(11) DEFAULT NULL,
  `price` decimal(10,2) DEFAULT NULL,
  PRIMARY KEY (`item_option_id`),
  KEY `fk_item_size_id` (`option_id`)
) ENGINE=InnoDB  DEFAULT CHARSET=utf8 AUTO_INCREMENT=98 ;

--
-- Dumping data for table `dn_item_options`
--

INSERT INTO `dn_item_options` (`item_option_id`, `item_id`, `option_id`, `price`) VALUES
(5, 105, 4, '50.00'),
(10, 142, 4, '50.00'),
(21, 12, 9, '100.00'),
(22, 13, 4, '200.00'),
(23, 13, 8, '100.00'),
(24, 13, 14, '150.00'),
(25, 8, 4, '200.00'),
(26, 8, 8, '150.00'),
(27, 11, 8, '40.00'),
(28, 11, 14, '50.00'),
(31, 99, 4, '150.00'),
(32, 99, 6, '250.00'),
(38, 42, 6, '585.00'),
(39, 42, 12, '450.00'),
(40, 41, 4, '150.00'),
(41, 41, 8, '100.00'),
(42, 41, 12, '350.00'),
(43, 41, 6, '600.00'),
(44, 38, 6, '450.00'),
(45, 38, 12, '600.00'),
(46, 38, 14, '150.00'),
(47, 39, 6, '600.00'),
(48, 39, 12, '450.00'),
(49, 39, 13, '350.00'),
(50, 39, 14, '150.00'),
(53, 37, 6, '500.00'),
(54, 37, 12, '450.00'),
(55, 37, 14, '150.00'),
(56, 37, 13, '350.00'),
(57, 33, 4, '450.00'),
(58, 33, 8, '350.00'),
(59, 33, 9, '400.00'),
(60, 14, 8, '250.00'),
(61, 14, 9, '350.00'),
(62, 14, 4, '450.00'),
(63, 51, 8, '100.00'),
(64, 51, 9, '150.00'),
(65, 51, 4, '250.00'),
(66, 86, 8, '100.00'),
(67, 86, 9, '200.00'),
(68, 86, 4, '250.00'),
(69, 104, 4, '150.00'),
(70, 104, 14, '45.00'),
(71, 104, 9, '100.00'),
(72, 135, 8, '150.00'),
(73, 135, 9, '175.00'),
(74, 135, 4, '250.00'),
(75, 117, 8, '250.00'),
(76, 117, 9, '350.00'),
(77, 117, 4, '450.00'),
(78, 60, 8, '65.00'),
(79, 60, 9, '100.00'),
(80, 71, 4, '350.00'),
(81, 71, 9, '250.00'),
(82, 71, 8, '150.00'),
(83, 71, 14, '75.00'),
(84, 137, 8, '25.00'),
(85, 137, 9, '31.00'),
(89, 6, 4, '50.00'),
(90, 6, 12, '20.00'),
(93, 143, 4, '200.00'),
(94, 143, 6, '300.00'),
(95, 144, 4, '50.00'),
(96, 144, 6, '150.00'),
(97, 146, 4, '200.00');

-- --------------------------------------------------------

--
-- Table structure for table `dn_languages`
--

CREATE TABLE IF NOT EXISTS `dn_languages` (
  `id` int(11) NOT NULL AUTO_INCREMENT,
  `lang_name` varchar(512) NOT NULL,
  `lang_code` varchar(50) NOT NULL,
  `status` enum('Active','Inactive') NOT NULL DEFAULT 'Inactive',
  PRIMARY KEY (`id`)
) ENGINE=InnoDB  DEFAULT CHARSET=utf8 AUTO_INCREMENT=30 ;

--
-- Dumping data for table `dn_languages`
--

INSERT INTO `dn_languages` (`id`, `lang_name`, `lang_code`, `status`) VALUES
(1, 'English', 'en', 'Active'),
(17, 'français', 'fr', 'Inactive'),
(18, 'german', 'de', 'Active'),
(19, 'עברית', 'he', 'Inactive'),
(20, 'العربية', 'ar', 'Inactive'),
(21, 'french', 'ca', 'Inactive');

-- --------------------------------------------------------

--
-- Table structure for table `dn_login_attempts`
--

CREATE TABLE IF NOT EXISTS `dn_login_attempts` (
  `id` int(11) unsigned NOT NULL AUTO_INCREMENT,
  `ip_address` varchar(15) NOT NULL,
  `login` varchar(100) NOT NULL,
  `time` int(11) unsigned DEFAULT NULL,
  PRIMARY KEY (`id`)
) ENGINE=InnoDB DEFAULT CHARSET=utf8 AUTO_INCREMENT=1 ;

-- --------------------------------------------------------

--
-- Table structure for table `dn_menu`
--

CREATE TABLE IF NOT EXISTS `dn_menu` (
  `menu_id` int(11) NOT NULL AUTO_INCREMENT,
  `menu_name` varchar(256) NOT NULL,
  `punch_line` varchar(256) NOT NULL,
  `description` varchar(512) NOT NULL,
  `menu_image_name` varchar(50) CHARACTER SET latin1 NOT NULL,
  `status` enum('Active','Inactive') CHARACTER SET latin1 NOT NULL DEFAULT 'Active',
  PRIMARY KEY (`menu_id`)
) ENGINE=InnoDB  DEFAULT CHARSET=utf8 AUTO_INCREMENT=20 ;

--
-- Dumping data for table `dn_menu`
--

INSERT INTO `dn_menu` (`menu_id`, `menu_name`, `punch_line`, `description`, `menu_image_name`, `status`) VALUES
(5, 'Soups', 'Your Favourite Soups', 'Here You  will find all sorts of soups', 'menu_5.jpg', 'Active'),
(6, 'Biryani', 'Our Specialized Biryanis', 'We have our own taste of biryanis', 'menu_6.jpg', 'Active'),
(8, 'Starters', 'Favourite Crispy Starters', 'There are many Crispy Starters', 'menu_8.jpg', 'Active'),
(9, 'Kebabs', 'Crispy Kebabs', 'All Types of Kebabs are there', 'menu_9.jpg', 'Inactive'),
(10, 'Curries', 'Spicy Curries for tasty', 'We are specialised in types of curries', 'menu_10.jpg', 'Active'),
(11, 'Raitas Salads', 'Salads', 'All types of Salads', 'menu_11.jpg', 'Active'),
(12, 'Chinese Cuisine', 'Chinese Food', 'This is Chinese Food', 'menu_12.jpg', 'Active'),
(13, 'Beverages', 'Cool Beverages', 'This is Beverages', 'menu_13.jpg', 'Active'),
(14, 'Desserts', 'Cool Desserts', 'This is for Cool Desserts', 'menu_14.jpg', 'Active'),
(15, 'Veg Curries', 'Tasty Veg Curries', 'Handi is our award winner curry prepared with ginger strings, garlic and tomatoes marinated in yogurt, flavored with Spicy Mint homemade spices & cumin ', 'menu_15.jpeg', 'Inactive'),
(16, 'Non-Veg Change Curries', 'Non-Veg Curries Spicy', 'Lorem Ipsum is simply dummy text of the printing and typesetting industry. Lorem Ipsum has been the industry&amp;amp;amp;amp;#39;s standard dummy text ever since the 1500s Lorem Ipsum is simply dummy text of the printing and typesetting industry. Lorem Ipsum has been the industry&amp;amp;amp;amp;#39;s standard dummy text ever since the 1500s', 'menu_16.jpg', 'Active'),
(18, 'Test Menu', 'test', 'Nice', 'menu_18.jpg', 'Active');

-- --------------------------------------------------------

--
-- Table structure for table `dn_multi_lang`
--

CREATE TABLE IF NOT EXISTS `dn_multi_lang` (
  `id` int(11) NOT NULL AUTO_INCREMENT,
  `lang_id` int(11) NOT NULL,
  `phrase_id` int(11) NOT NULL,
  `phrase_type` enum('web','app') NOT NULL DEFAULT 'web',
  `text` varchar(512) NOT NULL,
  PRIMARY KEY (`id`),
  KEY `fk_language_id` (`lang_id`),
  KEY `fk_phrase_id` (`phrase_id`)
) ENGINE=InnoDB  DEFAULT CHARSET=utf8 AUTO_INCREMENT=38226 ;

--
-- Dumping data for table `dn_multi_lang`
--

INSERT INTO `dn_multi_lang` (`id`, `lang_id`, `phrase_id`, `phrase_type`, `text`) VALUES
(29245, 16, 5, 'web', ' मास्टर सेटिंग्स'),
(29246, 16, 6, 'web', 'डैशबोर्ड'),
(29247, 16, 12, 'web', 'घर'),
(29248, 16, 14, 'web', 'पृष्ठों'),
(29249, 16, 15, 'web', ' नमूना'),
(29250, 16, 17, 'web', 'नाम'),
(29251, 16, 18, 'web', ' विवरण'),
(29252, 16, 19, 'web', 'स्थिति'),
(29253, 16, 20, 'web', ' कार्य'),
(29254, 16, 21, 'web', 'जोड़ना'),
(29255, 16, 23, 'web', 'अपडेट'),
(29256, 16, 24, 'web', 'संपादित'),
(29257, 16, 26, 'web', 'टेक्स्ट'),
(29258, 16, 27, 'web', 'चुनते हैं'),
(29259, 16, 29, 'web', 'शीर्षक'),
(29260, 16, 30, 'web', 'आरंभ करने की तिथि'),
(29261, 16, 31, 'web', 'समाप्ति तिथि'),
(29262, 16, 32, 'web', ' निर्माण की तिथि'),
(29263, 16, 33, 'web', 'तस्वीर'),
(29264, 16, 35, 'web', 'भाषा'),
(29265, 16, 36, 'web', ' बंद करे'),
(29266, 16, 37, 'web', 'मिटाना'),
(29267, 16, 38, 'web', 'क्या वाकई हटाना है'),
(29268, 16, 39, 'web', 'हाँ'),
(29269, 16, 40, 'web', 'नहीं'),
(29270, 16, 41, 'web', 'मुहावरा'),
(29271, 16, 44, 'web', 'खोजशब्दों'),
(29272, 16, 45, 'web', 'गतिशील पृष्ठों'),
(29273, 16, 46, 'web', 'नीचे है'),
(29274, 16, 47, 'web', 'क्रमबद्ध आदेश'),
(29275, 16, 49, 'web', 'पूछे जाने वाले प्रश्न'),
(29276, 16, 52, 'web', 'सेटिंग्स'),
(29277, 16, 53, 'web', 'साइट'),
(29278, 16, 55, 'web', 'सामाजिक नेटवर्क सेटिंग्स'),
(29279, 16, 56, 'web', 'ईमेल सेटिंग्स'),
(29280, 16, 58, 'web', 'मेज़बान'),
(29281, 16, 59, 'web', 'ईमेल'),
(29282, 16, 60, 'web', 'पारण शब्द'),
(29283, 16, 61, 'web', 'बंदरगाह'),
(29284, 16, 63, 'web', 'पता'),
(29285, 16, 64, 'web', 'शहर'),
(29286, 16, 65, 'web', 'राज्य'),
(29287, 16, 67, 'web', 'पिन कोड'),
(29288, 16, 68, 'web', 'फ़ोन'),
(29289, 16, 69, 'web', 'लैंड लाइन'),
(29290, 16, 70, 'web', 'फैक्स'),
(29291, 16, 71, 'web', 'ई - मेल से संपर्क करे'),
(29292, 16, 72, 'web', ' भाषा चुनिए'),
(29293, 16, 74, 'web', 'द्वारा डिजाइन किया'),
(29294, 16, 75, 'web', 'अधिकार सुरक्षित'),
(29295, 16, 76, 'web', 'साइट के लोगो'),
(29296, 16, 78, 'web', 'एप्लिकेशन सेटिंग'),
(29297, 16, 80, 'web', 'हमसे संपर्क करें'),
(29298, 16, 81, 'web', 'मोबाइल'),
(29299, 16, 82, 'web', 'संदेश'),
(29300, 16, 83, 'web', 'जमा करें'),
(29301, 16, 84, 'web', 'हमारे बारे में'),
(29302, 16, 86, 'web', 'डिजी'),
(29303, 16, 89, 'web', 'पिछला'),
(29304, 16, 90, 'web', 'अगला'),
(29305, 16, 93, 'web', 'भाषा सेटिंग'),
(29306, 16, 98, 'web', 'सूची भाषाओं'),
(29307, 16, 99, 'web', 'वाक्यांश जोड़ने'),
(29308, 16, 100, 'web', 'भाषा जोड़ने'),
(29309, 16, 101, 'web', ' यह काम किस प्रकार करता है'),
(29310, 16, 102, 'web', ' नियम और शर्तें'),
(29311, 16, 103, 'web', 'गोपनीयता और नीति'),
(29312, 16, 105, 'web', 'ईमेल सेटिंग्स'),
(29313, 16, 109, 'web', 'द्वारा संचालित'),
(29314, 16, 110, 'web', 'कोई डेटा उपलब्ध नहीं है'),
(29315, 16, 112, 'web', 'सक्रिय'),
(29316, 16, 113, 'web', 'निष्क्रिय'),
(29317, 16, 123, 'web', 'वाक्यांश आवश्यक'),
(29318, 16, 124, 'web', 'भाषाओं'),
(29319, 16, 125, 'web', 'मुहावरों'),
(29320, 16, 126, 'web', 'अद्यतन वाक्यांशों'),
(29321, 16, 127, 'web', 'नया करने के लिए वैधता का चयन'),
(29322, 16, 140, 'web', 'एप्लिकेशन सेटिंग'),
(29323, 16, 141, 'web', 'सक्षम'),
(29324, 16, 142, 'web', 'अक्षम करें'),
(29325, 16, 152, 'web', 'नई आवश्यकता के लिए मान्य'),
(29326, 16, 177, 'web', 'तल'),
(29327, 16, 180, 'web', 'रद्द करना'),
(29328, 16, 182, 'web', 'पासवर्ड बदलें'),
(29329, 16, 183, 'web', 'लोग आउट'),
(29330, 16, 184, 'web', 'पुराना पासवर्ड'),
(29331, 16, 185, 'web', 'नया पासवर्ड'),
(29332, 16, 186, 'web', 'नए पासवर्ड की पुष्टि करें'),
(29333, 16, 187, 'web', 'पुराना'),
(29334, 16, 191, 'web', 'प्रोफ़ाइल'),
(29335, 16, 192, 'web', 'पासवर्ड की पुष्टि और पासवर्ड मेल नहीं खाता'),
(29336, 16, 193, 'web', 'व्यक्तिगत विवरण'),
(29337, 16, 194, 'web', 'पहला नाम'),
(29338, 16, 195, 'web', 'अंतिम नाम'),
(29339, 16, 196, 'web', 'केवल अक्षर दर्ज करें'),
(29340, 16, 197, 'web', 'कृपया केवल संख्याएँ दर्ज करें'),
(29341, 16, 201, 'web', 'टॉगल से संचालित करना'),
(29342, 16, 202, 'web', 'पिछला'),
(29343, 16, 210, 'web', 'हमसे संपर्क करें'),
(29344, 16, 212, 'web', 'सब'),
(29345, 16, 213, 'web', 'जल्द ही अद्यतन किया जाएगा'),
(29346, 16, 214, 'web', 'संपर्क नंबर'),
(29347, 16, 215, 'web', 'नया'),
(29348, 16, 216, 'web', 'अंतिम तिथि'),
(29349, 16, 217, 'web', 'आरंभ करने की तिथि'),
(29350, 16, 218, 'web', 'दिखा'),
(29351, 16, 225, 'web', 'संपादित भाषा'),
(29352, 16, 226, 'web', 'भाषा का नाम'),
(29353, 16, 227, 'web', 'संपादित वाक्यांश'),
(29354, 16, 228, 'web', 'वाक्यांशों संपादित करें'),
(29355, 16, 231, 'web', 'यह काम किस प्रकार करता है'),
(29356, 16, 235, 'web', 'क्षेत्र शीर्षक'),
(29357, 16, 238, 'web', 'संपादित पूछे जाने वाले प्रश्न'),
(29358, 16, 239, 'web', 'पूछे जाने वाले प्रश्न जोड़ने'),
(29359, 16, 241, 'web', 'दिखा 1 - 10 की'),
(29360, 16, 242, 'web', 'मुझे याद रखना'),
(29361, 16, 243, 'web', 'लॉगिन'),
(29362, 16, 244, 'web', 'ईमेल टेम्पलेट सेटिंग्स'),
(29363, 16, 245, 'web', 'संपादित ईमेल टेम्पलेट'),
(29364, 16, 246, 'web', 'ईमेल टेम्पलेट'),
(29365, 16, 247, 'web', 'विषय'),
(29366, 16, 251, 'web', 'साइट के लोगो'),
(29367, 16, 254, 'web', 'एंड्रॉयड यूआरएल'),
(29368, 16, 255, 'web', 'आईओएस यूआरएल'),
(29369, 16, 256, 'web', 'अमान्य फाइल प्रारूप'),
(29370, 16, 257, 'web', 'सफलतापूर्वक अपडेट किया गया'),
(29371, 16, 258, 'web', 'पर प्रविष्ट किया'),
(29372, 16, 261, 'web', 'और देखो'),
(29373, 16, 262, 'web', 'भाषा बदलो'),
(29374, 16, 263, 'web', 'भाषा सफलतापूर्वक परिवर्तित'),
(29375, 16, 265, 'web', 'की तैनाती'),
(29376, 16, 266, 'web', 'पूर्व'),
(29377, 16, 267, 'web', 'प्रकार का बंदर कुंजी'),
(29378, 16, 268, 'web', 'एपीआई कुंजी'),
(29379, 16, 269, 'web', 'वेबमेल'),
(29380, 16, 270, 'web', 'एक प्रकार का बंदर'),
(29381, 16, 271, 'web', 'एक प्रकार का बंदर'),
(29382, 16, 272, 'web', 'सभी को देखें'),
(29383, 16, 276, 'web', 'रीसेट'),
(29384, 16, 279, 'web', 'आइटम'),
(29385, 16, 280, 'web', 'सामान जोडें'),
(29386, 16, 281, 'web', ' संपादित आइटम'),
(29387, 16, 282, 'web', 'देखें आइटम'),
(29388, 16, 283, 'web', 'वस्तु का नाम'),
(29389, 16, 284, 'web', ' मद लागत'),
(29390, 16, 285, 'web', ' आइटम छवि'),
(29391, 16, 286, 'web', 'चित्र को बदलें'),
(29392, 16, 287, 'web', 'प्रस्तावों'),
(29393, 16, 288, 'web', ' प्रस्ताव बनाने'),
(29394, 16, 289, 'web', ' ऑफ़र देखें'),
(29395, 16, 290, 'web', ' दृश्य प्रस्तुत करता है'),
(29396, 16, 291, 'web', 'प्रस्ताव के नाम'),
(29397, 16, 292, 'web', 'पेशकश की लागत'),
(29398, 16, 293, 'web', ' प्रस्ताव को शुरू करने की तारीख'),
(29399, 16, 294, 'web', 'प्रस्ताव के अंत की तारीख'),
(29400, 16, 295, 'web', 'संपादित की पेशकश'),
(29401, 16, 296, 'web', ' वैध तारीख पेशकश'),
(29402, 16, 297, 'web', 'प्रस्ताव के हालत'),
(29403, 16, 298, 'web', 'ऑफ़र चित्र'),
(29404, 16, 299, 'web', ' प्रस्ताव शर्तों'),
(29405, 16, 300, 'web', ' मात्रा'),
(29406, 16, 301, 'web', ' जोड़ना हटाना'),
(29407, 16, 302, 'web', 'जोड़ना हटाना'),
(29408, 16, 303, 'web', 'आइटम का कोई'),
(29409, 16, 304, 'web', ' नवीनतम प्रदान करता है'),
(29410, 16, 305, 'web', 'सेवा कर लोगों की कोई'),
(29411, 16, 312, 'web', 'गेलरी'),
(29412, 16, 313, 'web', 'वैकल्पिक शब्द'),
(29413, 16, 314, 'web', ' की छवि'),
(29414, 16, 315, 'web', ' गैलरी जोड़ने'),
(29415, 16, 316, 'web', ' पाठ में परिवर्तन की आवश्यकता'),
(29416, 16, 318, 'web', ' पेपैल सेटिंग्स'),
(29417, 16, 319, 'web', 'वेतन पाल पर्यावरण उत्पादन'),
(29418, 16, 320, 'web', ' वेतन पाल पर्यावरण सैंडबॉक्स'),
(29419, 16, 321, 'web', 'व्यापारी का नाम'),
(29420, 16, 322, 'web', 'व्यापारी गोपनीयता नीति यूनिफ़ॉर्म रिसोर्स लोकेटर'),
(29421, 16, 323, 'web', ' व्यापारी प्रयोक्ता समझौते यूआरएल'),
(29422, 16, 324, 'web', 'मुद्रा'),
(29423, 16, 325, 'web', 'खाते का प्रकार'),
(29424, 16, 326, 'web', 'लोगो छवि'),
(29425, 16, 327, 'web', ' पेपैल पर्यावरण उत्पादन'),
(29426, 16, 328, 'web', 'पेपैल पर्यावरण सैंडबॉक्स'),
(29427, 16, 329, 'web', 'व्यापारी का नाम'),
(29428, 16, 330, 'web', ' व्यापारी गोपनीयता नीति यूनिफ़ॉर्म रिसोर्स लोकेटर'),
(29429, 16, 331, 'web', ' व्यापारी उपयोगकर्ता समझौते यूआरएल'),
(29430, 16, 332, 'web', 'मुद्रा प्रतीक'),
(29431, 16, 339, 'web', 'अवैध फाइल'),
(29432, 16, 340, 'web', 'सफलतापूर्वक जोड़ा'),
(29433, 16, 341, 'web', ' जोड़ने में असमर्थ'),
(29434, 16, 342, 'web', 'जोड़ने में असमर्थ'),
(29435, 16, 343, 'web', ' रिकॉर्ड नहीं मिला सका'),
(29436, 16, 344, 'web', ' सफलतापूर्वक मिटाया गया'),
(29437, 16, 345, 'web', 'हटाने में असमर्थ'),
(29438, 16, 354, 'web', 'उत्पाद गिनती'),
(29439, 16, 355, 'web', ' मान्य दिनांक प्रारंभ दिनांक से अधिक होना चाहिए'),
(29440, 16, 356, 'web', ' अवैध ऑपरेशन'),
(29441, 16, 365, 'web', 'वस्तु चुनें'),
(29442, 16, 366, 'web', 'कोई आइटम उपलब्ध'),
(29443, 16, 367, 'web', 'आदेशों'),
(29444, 16, 368, 'web', 'नए आदेश'),
(29445, 16, 369, 'web', 'प्रक्रिया आदेश के तहत'),
(29446, 16, 370, 'web', 'छुड़ाया के आदेश'),
(29447, 16, 371, 'web', 'रद्द आदेश'),
(29448, 16, 372, 'web', 'आदेश संख्या'),
(29449, 16, 373, 'web', 'आर्डर की तारीख'),
(29450, 16, 374, 'web', ' ऑर्डर का समय'),
(29451, 16, 375, 'web', 'आदेश में लागत'),
(29452, 16, 376, 'web', ' ग्राहक का नाम'),
(29453, 16, 378, 'web', ' ऑर्डर का विवरण'),
(29454, 16, 379, 'web', 'बुक तारीख'),
(29455, 16, 380, 'web', 'सीमा चिन्ह'),
(29456, 16, 381, 'web', 'पिन कोड'),
(29457, 16, 382, 'web', 'आदेश अपडेट'),
(29458, 16, 383, 'web', 'अद्यतन आदेश की स्थिति'),
(29459, 16, 384, 'web', ' विवरण नहीं मिले'),
(29460, 16, 385, 'web', 'प्रक्रिया'),
(29461, 16, 386, 'web', 'पहुंचा दिया'),
(29462, 16, 387, 'web', 'रद्द'),
(29463, 16, 388, 'web', 'कोई उत्पाद उपलब्ध'),
(29464, 16, 389, 'web', 'वस्तु की मात्रा'),
(29465, 16, 391, 'web', 'सफलता पूर्वक जोड़'),
(29466, 16, 392, 'web', ' अवैध प्रत्यय पत्र'),
(29467, 16, 393, 'web', 'साइट का नाम'),
(29468, 16, 394, 'web', 'उपयोगकर्ताओं'),
(29469, 16, 395, 'web', ' सफलतापूर्वक लॉगआउट'),
(29470, 16, 396, 'web', ' नवीनतम आदेश'),
(29471, 16, 397, 'web', ' उपयोगकर्ता विवरण'),
(29472, 16, 398, 'web', ' कम से कम एक आइटम जोड़ने'),
(29473, 16, 400, 'web', 'पार्टी साइज'),
(29474, 16, 401, 'web', 'अधिवेशन'),
(29475, 16, 402, 'web', ' बुकिंग की तिथि'),
(29476, 16, 404, 'web', ' सफलतापूर्वक अपलोड'),
(29477, 16, 405, 'web', ' एप्लिकेशन फाइल अपलोड'),
(29478, 16, 408, 'web', ' मुद्रा चुनें'),
(29479, 16, 409, 'web', 'स्वागत हे'),
(29480, 16, 410, 'web', 'व्यवस्थापक'),
(29481, 16, 411, 'web', 'मेन्यू'),
(29482, 16, 412, 'web', 'मेनू जोड़ने'),
(29483, 16, 413, 'web', ' दृश्य मेनू'),
(29484, 16, 414, 'web', 'मेनू नाम'),
(29485, 16, 415, 'web', 'पंच लाइन'),
(29486, 16, 416, 'web', 'अपेक्षित'),
(29487, 16, 417, 'web', 'मेनू छवि'),
(29488, 16, 418, 'web', 'संपादन मेनू'),
(29489, 16, 419, 'web', 'वस्तु परक'),
(29490, 16, 420, 'web', ' स्थान मास्टर'),
(29491, 16, 422, 'web', 'राज्यों'),
(29492, 16, 423, 'web', 'शहरों'),
(29493, 16, 424, 'web', ' सेवा वितरण स्थानों'),
(29494, 16, 425, 'web', 'राज्य का नाम'),
(29495, 16, 426, 'web', 'अपलोड एक्सेल'),
(29496, 16, 427, 'web', 'शहर का नाम'),
(29497, 16, 428, 'web', 'इलाके नाम'),
(29498, 16, 429, 'web', 'नमूना फाइल को डाउनलोड करने के लिए यहां क्लिक करें'),
(29499, 16, 430, 'web', 'अपलोड फ़ाइल उत्कृष्टता'),
(29500, 16, 431, 'web', 'फ़ाइल'),
(29501, 16, 432, 'web', 'ईमेल टेम्पलेट्स'),
(29502, 16, 433, 'web', 'पंजीकरण'),
(29503, 16, 434, 'web', ' पंजीकरण सफलतापूर्वक सक्रियण ईमेल भेजा पूरा'),
(29504, 16, 435, 'web', 'लॉगिन की सफलता'),
(29505, 16, 436, 'web', 'देश'),
(29506, 16, 437, 'web', 'पासवर्ड रीसेट'),
(29507, 16, 438, 'web', ' देशान्तर'),
(29508, 16, 439, 'web', 'अक्षांश'),
(29509, 16, 440, 'web', 'कृपया लॉगिन करें'),
(29510, 16, 441, 'web', 'अनधिकृत उपयोगकर्ता'),
(29511, 16, 442, 'web', 'पहले से ही अस्तित्व में है'),
(29512, 16, 443, 'web', ' सेवा वितरण स्थान जोड़ने'),
(29513, 16, 444, 'web', 'संपादित सेवा वितरण स्थानों'),
(29514, 16, 445, 'web', 'राज्य जोड़ने'),
(29515, 16, 446, 'web', 'संपादित राज्य'),
(29516, 16, 447, 'web', 'राज्यों अपलोड'),
(29517, 16, 448, 'web', 'शहर को जोड़ने'),
(29518, 16, 449, 'web', 'संपादित शहर'),
(29519, 16, 450, 'web', 'अपलोड शहरों'),
(29520, 16, 453, 'web', 'भाषा कोड'),
(29521, 16, 454, 'web', 'वाक्यांश प्रकार'),
(29522, 16, 458, 'web', 'पासवर्ड बदलें'),
(29523, 16, 459, 'web', 'सूची वाक्यांशों'),
(29524, 16, 461, 'web', ' अद्यतन एप्लिकेशन वाक्यांशों'),
(29525, 16, 462, 'web', 'अद्यतन वेब वाक्यांशों'),
(29526, 16, 467, 'web', 'नया पासवर्ड'),
(29527, 16, 568, 'web', ' ईमेल और पासवर्ड दर्ज करें'),
(29528, 16, 571, 'web', 'परीक्षण वेब वाक्यांश'),
(29529, 16, 572, 'web', 'संपादित वेब वाक्यांशों'),
(29530, 16, 573, 'web', 'संपादित एप्लिकेशन वाक्यांशों'),
(29531, 16, 574, 'web', 'राज्य आईडी'),
(29532, 16, 575, 'web', 'अपलोड कृपया केवल JPG | जेपीईजी | पीएनजी'),
(29533, 16, 577, 'web', 'शाकाहारी'),
(29534, 16, 578, 'web', 'मासाहारी'),
(29535, 16, 579, 'web', 'अन्य'),
(29536, 16, 584, 'web', 'प्रस्ताव के विवरण'),
(29537, 16, 585, 'web', 'आप इस राज्य कारण शहरों के तहत यह अस्तित्व में नहीं हटा सकते'),
(29538, 16, 586, 'web', 'आप नहीं हटा सकते छुड़ाया स्थान कारण शहरों के तहत यह मौजूद'),
(29539, 16, 587, 'web', 'संपादित गैलरी'),
(29540, 16, 588, 'web', 'टेस्ट वेब वाक्यांश'),
(29541, 16, 589, 'web', 'लेनदेन आईडी'),
(29542, 16, 590, 'web', 'भुगतान के प्रकार'),
(29543, 16, 591, 'web', 'भुगतान की स्थिति'),
(29544, 16, 592, 'web', 'फेसबुक एपीआई'),
(29545, 16, 593, 'web', 'गूगल एपीआई'),
(29546, 16, 613, 'web', 'भरी गई राशि'),
(29547, 16, 614, 'web', 'हटा दिया गया है'),
(29548, 16, 615, 'web', ' कारण'),
(29549, 16, 616, 'web', 'आदेश से हटाए गए आइटम'),
(29550, 16, 617, 'web', ' ऐड ऑन'),
(29551, 16, 618, 'web', ' लाभ विकल्प'),
(29552, 16, 619, 'web', 'देखें लाभ विकल्प'),
(29553, 16, 620, 'web', 'जोड़ना ऐड ऑन'),
(29554, 16, 621, 'web', 'संपादित ऐड ऑन'),
(29555, 16, 622, 'web', ' विकल्प'),
(29556, 16, 623, 'web', 'विकल्प जोड़ने'),
(29557, 16, 624, 'web', ' देखने के विकल्प'),
(29558, 16, 625, 'web', ' संपादित करें विकल्प'),
(29559, 16, 626, 'web', 'मूल्य उपसर्ग'),
(29560, 16, 627, 'web', 'मूल्य'),
(29561, 16, 628, 'web', 'आदेश आइटम'),
(29562, 16, 629, 'web', ' आदेश में लाभ विकल्प'),
(29563, 16, 630, 'web', 'कुल'),
(29564, 16, 631, 'web', 'आदेश से हटा ऐड ऑन'),
(29565, 16, 633, 'web', ' रेस्तरां समय'),
(29566, 16, 634, 'web', ' से'),
(29567, 16, 635, 'web', 'सेवा मेरे'),
(29568, 16, 636, 'web', ' समय से'),
(29569, 16, 637, 'web', ' समय पर'),
(29570, 16, 638, 'web', ' साधारण'),
(29571, 16, 639, 'web', 'उपयोगकर्ता सक्रिय'),
(29572, 16, 640, 'web', 'उपयोगकर्ता कुकीज़ को निष्क्रिय कर'),
(29573, 16, 641, 'web', ' गलत आपरेशन'),
(29704, 17, 5, 'web', 'paramètres de base'),
(29705, 17, 6, 'web', 'tableau de bord'),
(29706, 17, 12, 'web', 'domicile'),
(29707, 17, 14, 'web', 'pages'),
(29708, 17, 15, 'web', 'échantillon'),
(29709, 17, 17, 'web', 'prénom'),
(29710, 17, 18, 'web', ' la description'),
(29711, 17, 19, 'web', ' statut'),
(29712, 17, 20, 'web', 'action'),
(29713, 17, 21, 'web', 'ajouter'),
(29714, 17, 23, 'web', 'mettre à jour'),
(29715, 17, 24, 'web', 'modifier'),
(29716, 17, 26, 'web', 'texte'),
(29717, 17, 27, 'web', 'sélectionner'),
(29718, 17, 29, 'web', 'Titre'),
(29719, 17, 30, 'web', 'date de début'),
(29720, 17, 31, 'web', 'date d''expiration'),
(29721, 17, 32, 'web', 'date de création'),
(29722, 17, 33, 'web', 'photo'),
(29723, 17, 35, 'web', 'la langue'),
(29724, 17, 36, 'web', 'Fermer'),
(29725, 17, 37, 'web', 'effacer'),
(29726, 17, 38, 'web', 'êtes-vous sûr de vouloir supprimer'),
(29727, 17, 39, 'web', 'Oui'),
(29728, 17, 40, 'web', 'non'),
(29729, 17, 41, 'web', 'phrase'),
(29730, 17, 44, 'web', 'mots clés'),
(29731, 17, 45, 'web', 'pages dynamiques'),
(29732, 17, 46, 'web', 'est inférieure'),
(29733, 17, 47, 'web', 'ordre de tri'),
(29734, 17, 49, 'web', 'faqs'),
(29735, 17, 52, 'web', 'paramètres'),
(29736, 17, 53, 'web', 'site'),
(29737, 17, 55, 'web', 'paramètres de réseau social'),
(29738, 17, 56, 'web', 'Paramètres de messagerie'),
(29739, 17, 58, 'web', 'hôte'),
(29740, 17, 59, 'web', 'email'),
(29741, 17, 60, 'web', 'mot de passe'),
(29742, 17, 61, 'web', 'Port'),
(29743, 17, 63, 'web', 'adresse'),
(29744, 17, 64, 'web', 'ville'),
(29745, 17, 65, 'web', 'Etat'),
(29746, 17, 67, 'web', 'code postal'),
(29747, 17, 68, 'web', 'téléphone'),
(29748, 17, 69, 'web', ' ligne terrestre'),
(29749, 17, 70, 'web', 'fax'),
(29750, 17, 71, 'web', 'Email du contact'),
(29751, 17, 72, 'web', ' Choisir la langue'),
(29752, 17, 74, 'web', 'concu par'),
(29753, 17, 75, 'web', 'droits réservés'),
(29754, 17, 76, 'web', 'le logo du site'),
(29755, 17, 78, 'web', ' paramètres de l''application'),
(29756, 17, 80, 'web', 'Contactez nous'),
(29757, 17, 81, 'web', 'mobile'),
(29758, 17, 82, 'web', 'message'),
(29759, 17, 83, 'web', 'soumettre'),
(29760, 17, 84, 'web', 'à propos de nous'),
(29761, 17, 86, 'web', 'digi'),
(29762, 17, 89, 'web', 'précédent'),
(29763, 17, 90, 'web', 'prochain'),
(29764, 17, 93, 'web', 'paramètres de langue'),
(29765, 17, 98, 'web', ' liste des langues'),
(29766, 17, 99, 'web', 'ajouter la phrase'),
(29767, 17, 100, 'web', 'ajouter la langue'),
(29768, 17, 101, 'web', 'Comment cela fonctionne'),
(29769, 17, 102, 'web', 'termes et conditions'),
(29770, 17, 103, 'web', ' la vie privée et de la politique'),
(29771, 17, 105, 'web', 'Paramètres de messagerie'),
(29772, 17, 109, 'web', 'Alimenté par'),
(29773, 17, 110, 'web', 'pas de données disponibles'),
(29774, 17, 112, 'web', 'actif'),
(29775, 17, 113, 'web', 'inactif'),
(29776, 17, 123, 'web', 'phrase requise'),
(29777, 17, 124, 'web', 'Langues'),
(29778, 17, 125, 'web', 'phrases'),
(29779, 17, 126, 'web', ' phrases de mise à jour'),
(29780, 17, 127, 'web', 'sélectionnez la validité pour la nouvelle'),
(29781, 17, 140, 'web', ' paramètres de l''application'),
(29782, 17, 141, 'web', 'activer'),
(29783, 17, 142, 'web', 'désactiver'),
(29784, 17, 152, 'web', 'valider de nouveaux requis'),
(29785, 17, 177, 'web', 'bas'),
(29786, 17, 180, 'web', 'Annuler'),
(29787, 17, 182, 'web', 'changer le mot de passe'),
(29788, 17, 183, 'web', 'se déconnecter'),
(29789, 17, 184, 'web', ' ancien mot de passe'),
(29790, 17, 185, 'web', ' nouveau mot de passe'),
(29791, 17, 186, 'web', 'confirmer le nouveau mot de passe'),
(29792, 17, 187, 'web', 'vieux'),
(29793, 17, 191, 'web', 'Profil'),
(29794, 17, 192, 'web', ' mot de passe et le mot de passe de confirmation ne correspond pas'),
(29795, 17, 193, 'web', ' details personnels'),
(29796, 17, 194, 'web', 'Prénom'),
(29797, 17, 195, 'web', 'nom de famille'),
(29798, 17, 196, 'web', ' s''il vous plaît entrer les lettres seulement'),
(29799, 17, 197, 'web', ' S''il vous plait entrez uniquement des nombres'),
(29800, 17, 201, 'web', ' navigation toggle'),
(29801, 17, 202, 'web', 'prev'),
(29802, 17, 210, 'web', 'Contactez nous'),
(29803, 17, 212, 'web', 'tout'),
(29804, 17, 213, 'web', 'sera mis à jour bientôt'),
(29805, 17, 214, 'web', 'contactez pas'),
(29806, 17, 215, 'web', 'Nouveau'),
(29807, 17, 216, 'web', 'date de fin'),
(29808, 17, 217, 'web', 'date de début'),
(29809, 17, 218, 'web', ' projection'),
(29810, 17, 225, 'web', 'modifier la langue'),
(29811, 17, 226, 'web', ' Nom de la langue'),
(29812, 17, 227, 'web', 'modifier la phrase'),
(29813, 17, 228, 'web', 'modifier des phrases'),
(29814, 17, 231, 'web', 'Comment cela fonctionne'),
(29815, 17, 235, 'web', 'Titre du site'),
(29816, 17, 238, 'web', 'modifier faq'),
(29817, 17, 239, 'web', 'ajouter faq'),
(29818, 17, 241, 'web', 'montrant 1 - 10'),
(29819, 17, 242, 'web', ' souviens-toi de moi'),
(29820, 17, 243, 'web', 's''identifier'),
(29821, 17, 244, 'web', 'paramètres email de modèle'),
(29822, 17, 245, 'web', 'modifier modèle de courriel'),
(29823, 17, 246, 'web', 'email modèle'),
(29824, 17, 247, 'web', 'assujettir'),
(29825, 17, 251, 'web', 'le logo du site'),
(29826, 17, 254, 'web', 'url android'),
(29827, 17, 255, 'web', 'ios url'),
(29828, 17, 256, 'web', 'Format de fichier non valide'),
(29829, 17, 257, 'web', 'Mis à jour avec succés'),
(29830, 17, 258, 'web', 'Posté sur'),
(29831, 17, 261, 'web', 'voir plus'),
(29832, 17, 262, 'web', 'changer de langue'),
(29833, 17, 263, 'web', ' la langue a changé avec succès'),
(29834, 17, 265, 'web', ' posté'),
(29835, 17, 266, 'web', 'depuis'),
(29836, 17, 267, 'web', 'clé mandrill'),
(29837, 17, 268, 'web', 'clé API'),
(29838, 17, 269, 'web', 'web mail'),
(29839, 17, 270, 'web', 'mandrill'),
(29840, 17, 271, 'web', 'mandrill'),
(29841, 17, 272, 'web', 'Voir tout'),
(29842, 17, 276, 'web', ' réinitialiser'),
(29843, 17, 279, 'web', 'articles'),
(29844, 17, 280, 'web', 'ajouter un item'),
(29845, 17, 281, 'web', 'modifier l''article'),
(29846, 17, 282, 'web', ' afficher les articles'),
(29847, 17, 283, 'web', 'nom de l''article'),
(29848, 17, 284, 'web', 'coût de l''article'),
(29849, 17, 285, 'web', ' image de l''article'),
(29850, 17, 286, 'web', ' changer l''image'),
(29851, 17, 287, 'web', 'des offres'),
(29852, 17, 288, 'web', 'créer l''offre'),
(29853, 17, 289, 'web', 'voir l''offre'),
(29854, 17, 290, 'web', ' afficher les offres'),
(29855, 17, 291, 'web', 'Nom de l''offre'),
(29856, 17, 292, 'web', ' offre coût'),
(29857, 17, 293, 'web', ' Offre date de début'),
(29858, 17, 294, 'web', 'Date offre de fin'),
(29859, 17, 295, 'web', ' modifier l''offre'),
(29860, 17, 296, 'web', 'offrir date valide'),
(29861, 17, 297, 'web', 'offre état'),
(29862, 17, 298, 'web', ' l''image de l''offre'),
(29863, 17, 299, 'web', ' conditions de l''offre'),
(29864, 17, 300, 'web', 'Quantité'),
(29865, 17, 301, 'web', 'Ajouter enlever'),
(29866, 17, 302, 'web', 'Ajouter enlever'),
(29867, 17, 303, 'web', ' aucun des éléments'),
(29868, 17, 304, 'web', ' dernières offres'),
(29869, 17, 305, 'web', ' servirait à rien de personnes'),
(29870, 17, 312, 'web', ' Galerie'),
(29871, 17, 313, 'web', 'alt texte'),
(29872, 17, 314, 'web', 'image'),
(29873, 17, 315, 'web', 'ajouter la galerie'),
(29874, 17, 316, 'web', 'alt texte requis'),
(29875, 17, 318, 'web', ' paramètres paypal'),
(29876, 17, 319, 'web', ' PayPal environnement de production'),
(29877, 17, 320, 'web', ' PayPal Environnement Sandbox'),
(29878, 17, 321, 'web', ' Nom du commerçant'),
(29879, 17, 322, 'web', ' merchantPrivacyPolicyURL'),
(29880, 17, 323, 'web', 'merchantUserAgreementURL'),
(29881, 17, 324, 'web', 'devise'),
(29882, 17, 325, 'web', ' type de compte'),
(29883, 17, 326, 'web', ' image logo'),
(29884, 17, 327, 'web', 'paypal production de l''environnement'),
(29885, 17, 328, 'web', ' paypal environnement sandbox'),
(29886, 17, 329, 'web', ' Nom du commerçant'),
(29887, 17, 330, 'web', ' politique de confidentialité marchand URL'),
(29888, 17, 331, 'web', ' contrat d''utilisateur marchand URL'),
(29889, 17, 332, 'web', ' symbole de la monnaie'),
(29890, 17, 339, 'web', 'Fichier non valide'),
(29891, 17, 340, 'web', 'ajouté sucessfully'),
(29892, 17, 341, 'web', 'incapable d''ajouter'),
(29893, 17, 342, 'web', 'incapable de mettre à jour'),
(29894, 17, 343, 'web', ' n''a pas pu trouver le dossier'),
(29895, 17, 344, 'web', 'supprimé avec succès'),
(29896, 17, 345, 'web', 'incapable de supprimer'),
(29897, 17, 354, 'web', ' Nombre de produits'),
(29898, 17, 355, 'web', 'date valide doit être supérieure à la date de début'),
(29899, 17, 356, 'web', 'opération invalide'),
(29900, 17, 365, 'web', ' sélectionner un article'),
(29901, 17, 366, 'web', 'pas d''articles disponibles'),
(29902, 17, 367, 'web', 'orders'),
(29903, 17, 368, 'web', 'nouvelles commandes'),
(29904, 17, 369, 'web', ' sous les ordres de process'),
(29905, 17, 370, 'web', ' les commandes livrées'),
(29906, 17, 371, 'web', 'commandes annulées'),
(29907, 17, 372, 'web', 'N ° de commande'),
(29908, 17, 373, 'web', ' date de commande'),
(29909, 17, 374, 'web', 'temps de commande'),
(29910, 17, 375, 'web', 'coût de la commande'),
(29911, 17, 376, 'web', 'le nom du client'),
(29912, 17, 378, 'web', 'détails de la commande'),
(29913, 17, 379, 'web', 'date de réservation'),
(29914, 17, 380, 'web', 'point de repère'),
(29915, 17, 381, 'web', 'code PIN'),
(29916, 17, 382, 'web', 'mise à jour de l''ordre'),
(29917, 17, 383, 'web', ' état mise à jour de l''ordre'),
(29918, 17, 384, 'web', 'détails non trouvé'),
(29919, 17, 385, 'web', 'processus'),
(29920, 17, 386, 'web', 'livré'),
(29921, 17, 387, 'web', 'annulé'),
(29922, 17, 388, 'web', ' aucun produit disponible'),
(29923, 17, 389, 'web', ' la quantité de l''article'),
(29924, 17, 391, 'web', 'ajouté avec succès'),
(29925, 17, 392, 'web', ' informations d''identification non valides'),
(29926, 17, 393, 'web', 'nom du site'),
(29927, 17, 394, 'web', 'utilisateurs'),
(29928, 17, 395, 'web', 'dconnecter avec succès'),
(29929, 17, 396, 'web', ' dernières commandes'),
(29930, 17, 397, 'web', ' détails de l''utilisateur'),
(29931, 17, 398, 'web', 'ajouter atleast un article'),
(29932, 17, 400, 'web', ' taille partie'),
(29933, 17, 401, 'web', 'session'),
(29934, 17, 402, 'web', 'date de réservation'),
(29935, 17, 404, 'web', ' téléchargé avec succès'),
(29936, 17, 405, 'web', 'télécharger des fichiers d''applications'),
(29937, 17, 408, 'web', 'Sélectionnez la devise'),
(29938, 17, 409, 'web', 'Bienvenue'),
(29939, 17, 410, 'web', ' administrateur'),
(29940, 17, 411, 'web', 'menu'),
(29941, 17, 412, 'web', 'ajouter le menu'),
(29942, 17, 413, 'web', 'Menu vue'),
(29943, 17, 414, 'web', 'Nom du menu'),
(29944, 17, 415, 'web', ' trait final'),
(29945, 17, 416, 'web', 'Obligatoire'),
(29946, 17, 417, 'web', 'image de menu'),
(29947, 17, 418, 'web', 'menu d''édition'),
(29948, 17, 419, 'web', ' type d''élément'),
(29949, 17, 420, 'web', ' maître d''emplacement'),
(29950, 17, 422, 'web', 'États'),
(29951, 17, 423, 'web', 'villes'),
(29952, 17, 424, 'web', ' lieux de prestation de services'),
(29953, 17, 425, 'web', 'nom de l''état'),
(29954, 17, 426, 'web', ' téléchargement excel'),
(29955, 17, 427, 'web', 'Nom de Ville'),
(29956, 17, 428, 'web', ' nom de la localité'),
(29957, 17, 429, 'web', ' cliquez ici pour télécharger le fichier d''échantillon'),
(29958, 17, 430, 'web', 'télécharger fichier excel'),
(29959, 17, 431, 'web', 'fichier'),
(29960, 17, 432, 'web', ' modèles de courrier électronique'),
(29961, 17, 433, 'web', 'registration'),
(29962, 17, 434, 'web', ' inscription complété avec succès e-mail d''activation envoyé'),
(29963, 17, 435, 'web', ' succès connexion'),
(29964, 17, 436, 'web', 'Pays'),
(29965, 17, 437, 'web', ' réinitialiser le mot de passe'),
(29966, 17, 438, 'web', 'longitude'),
(29967, 17, 439, 'web', 'latitude'),
(29968, 17, 440, 'web', 's''il vous plaît vous connecter'),
(29969, 17, 441, 'web', 'n utilisateur non autorisé'),
(29970, 17, 442, 'web', 'existait déjà'),
(29971, 17, 443, 'web', ' ajouter l''emplacement de la prestation de services'),
(29972, 17, 444, 'web', ' lieux de prestation de services d''édition'),
(29973, 17, 445, 'web', 'ajouter l''état'),
(29974, 17, 446, 'web', 'modifier l''état'),
(29975, 17, 447, 'web', 'télécharger états'),
(29976, 17, 448, 'web', 'ajouter la ville'),
(29977, 17, 449, 'web', 'modifier ville'),
(29978, 17, 450, 'web', 'villes de téléchargement'),
(29979, 17, 453, 'web', 'code de langue'),
(29980, 17, 454, 'web', 'type de phrase'),
(29981, 17, 458, 'web', ' changer le mot de passe'),
(29982, 17, 459, 'web', ' liste des phrases'),
(29983, 17, 461, 'web', 'phrases mise à jour d''applications'),
(29984, 17, 462, 'web', ' phrases mise à jour Web'),
(29985, 17, 467, 'web', ' nouveau mot de passe'),
(29986, 17, 568, 'web', ' s''il vous plaît entrez email et mot de passe'),
(29987, 17, 571, 'web', ' Test Phrase Web'),
(29988, 17, 572, 'web', 'phrases modifier web'),
(29989, 17, 573, 'web', ' phrases modifier app'),
(29990, 17, 574, 'web', 'Etat id'),
(29991, 17, 575, 'web', ' s''il vous plaît télécharger seulement jpg | jpeg | png'),
(29992, 17, 577, 'web', ' veg'),
(29993, 17, 578, 'web', 'non veg'),
(29994, 17, 579, 'web', 'autre'),
(29995, 17, 584, 'web', 'détails de l''offre'),
(29996, 17, 585, 'web', 'vous ne pouvez pas supprimer cet état de cause villes existent sous elle'),
(29997, 17, 586, 'web', 'vous ne pouvez pas supprimer les villes provoquent l''emplacement livré existent sous elle'),
(29998, 17, 587, 'web', 'Galerie d''édition'),
(29999, 17, 588, 'web', 'Test Phrase Web'),
(30000, 17, 589, 'web', 'identifiant de transaction'),
(30001, 17, 590, 'web', 'type de paiement'),
(30002, 17, 591, 'web', 'statut de paiement'),
(30003, 17, 592, 'web', 'Facebook API'),
(30004, 17, 593, 'web', 'Google API'),
(30005, 17, 613, 'web', 'montant payé'),
(30006, 17, 614, 'web', 'est supprimé'),
(30007, 17, 615, 'web', 'raison'),
(30008, 17, 616, 'web', ' élément supprimé de l''ordre'),
(30009, 17, 617, 'web', ' Ajouter'),
(30010, 17, 618, 'web', 'addons'),
(30011, 17, 619, 'web', 'vue addons'),
(30012, 17, 620, 'web', 'ajouter addon'),
(30013, 17, 621, 'web', ' modifier addon'),
(30014, 17, 622, 'web', 'Options'),
(30015, 17, 623, 'web', ' ajouter l''option'),
(30016, 17, 624, 'web', ' Options d''affichage'),
(30017, 17, 625, 'web', 'option de modifier'),
(30018, 17, 626, 'web', 'prix préfixe'),
(30019, 17, 627, 'web', ' prix'),
(30020, 17, 628, 'web', 'les postes de commande'),
(30021, 17, 629, 'web', ' ordre addons'),
(30022, 17, 630, 'web', 'total'),
(30023, 17, 631, 'web', ' addon supprimé de l''ordre'),
(30024, 17, 633, 'web', 'le restaurant timings'),
(30025, 17, 634, 'web', ' de'),
(30026, 17, 635, 'web', ' à'),
(30027, 17, 636, 'web', 'de temps'),
(30028, 17, 637, 'web', ' à l''heure'),
(30029, 17, 638, 'web', 'Ordinaire'),
(30030, 17, 639, 'web', ' utilisateur activé'),
(30031, 17, 640, 'web', 'utilisateur désactivé'),
(30032, 17, 641, 'web', ' mauvaise opération'),
(30293, 18, 5, 'web', 'Master-Einstellungen'),
(30294, 18, 6, 'web', 'Instrumententafel'),
(30295, 18, 12, 'web', 'Zuhause'),
(30296, 18, 14, 'web', 'Seiten'),
(30297, 18, 15, 'web', 'Sample'),
(30298, 18, 17, 'web', 'Name'),
(30299, 18, 18, 'web', 'Beschreibung'),
(30300, 18, 19, 'web', 'Status'),
(30301, 18, 20, 'web', 'Aktion'),
(30302, 18, 21, 'web', 'hinzufügen'),
(30303, 18, 23, 'web', 'aktualisieren'),
(30304, 18, 24, 'web', 'bearbeiten'),
(30305, 18, 26, 'web', 'Text'),
(30306, 18, 27, 'web', 'wählen'),
(30307, 18, 29, 'web', 'Titel'),
(30308, 18, 30, 'web', 'Anfangsdatum'),
(30309, 18, 31, 'web', 'Verfallsdatum'),
(30310, 18, 32, 'web', 'Datum erstellt'),
(30311, 18, 33, 'web', 'Foto'),
(30312, 18, 35, 'web', 'Sprache'),
(30313, 18, 36, 'web', 'schließen'),
(30314, 18, 37, 'web', 'löschen'),
(30315, 18, 38, 'web', 'zu löschen sind Sie sicher,'),
(30316, 18, 39, 'web', 'ja'),
(30317, 18, 40, 'web', 'Nein'),
(30318, 18, 41, 'web', 'Phrase'),
(30319, 18, 44, 'web', 'Schlüsselwörter'),
(30320, 18, 45, 'web', 'dynamische Seiten'),
(30321, 18, 46, 'web', 'ist unten'),
(30322, 18, 47, 'web', 'Sortierreihenfolge'),
(30323, 18, 49, 'web', 'faqs'),
(30324, 18, 52, 'web', 'Einstellungen'),
(30325, 18, 53, 'web', 'Standort'),
(30326, 18, 55, 'web', 'soziale Netzwerk-Einstellungen'),
(30327, 18, 56, 'web', 'Email Einstellungen'),
(30328, 18, 58, 'web', 'Gastgeber'),
(30329, 18, 59, 'web', 'Email'),
(30330, 18, 60, 'web', 'Passwort'),
(30331, 18, 61, 'web', 'Hafen'),
(30332, 18, 63, 'web', 'Adresse'),
(30333, 18, 64, 'web', 'Stadt'),
(30334, 18, 65, 'web', 'Bundesland'),
(30335, 18, 67, 'web', 'Postleitzahl'),
(30336, 18, 68, 'web', 'Telefon'),
(30337, 18, 69, 'web', 'Landlinie'),
(30338, 18, 70, 'web', 'Fax'),
(30339, 18, 71, 'web', 'Kontakt E-mail'),
(30340, 18, 72, 'web', 'Sprache auswählen'),
(30341, 18, 74, 'web', 'Design von'),
(30342, 18, 75, 'web', 'Rechte vorbehalten'),
(30343, 18, 76, 'web', 'Site-logo'),
(30344, 18, 78, 'web', 'App Einstellungen'),
(30345, 18, 80, 'web', 'kontaktiere uns'),
(30346, 18, 81, 'web', 'Mobile'),
(30347, 18, 82, 'web', 'Nachricht'),
(30348, 18, 83, 'web', 'einreichen'),
(30349, 18, 84, 'web', 'Über uns'),
(30350, 18, 86, 'web', 'digi'),
(30351, 18, 89, 'web', 'früher'),
(30352, 18, 90, 'web', 'Nächster'),
(30353, 18, 93, 'web', 'Spracheinstellungen'),
(30354, 18, 98, 'web', 'Liste Sprachen'),
(30355, 18, 99, 'web', 'hinzufügen Phrase'),
(30356, 18, 100, 'web', 'prache hinzufügen'),
(30357, 18, 101, 'web', 'wie es funktioniert'),
(30358, 18, 102, 'web', 'Geschäftsbedingungen'),
(30359, 18, 103, 'web', 'Privatsphäre und Politik'),
(30360, 18, 105, 'web', 'Email Einstellungen'),
(30361, 18, 109, 'web', 'unterstützt von'),
(30362, 18, 110, 'web', 'keine Daten verfügbar'),
(30363, 18, 112, 'web', 'aktiv'),
(30364, 18, 113, 'web', 'inaktiv'),
(30365, 18, 123, 'web', 'Satz erforderlich'),
(30366, 18, 124, 'web', 'Sprachen'),
(30367, 18, 125, 'web', 'Sätze'),
(30368, 18, 126, 'web', 'Update -Sätze'),
(30369, 18, 127, 'web', 'wählen Gültigkeit für neue'),
(30370, 18, 140, 'web', 'App Einstellungen'),
(30371, 18, 141, 'web', 'aktivieren'),
(30372, 18, 142, 'web', 'deaktivieren'),
(30373, 18, 152, 'web', 'Validierung neuer erforderlich'),
(30374, 18, 177, 'web', 'Boden'),
(30375, 18, 180, 'web', 'stornieren'),
(30376, 18, 182, 'web', 'Passwort ändern'),
(30377, 18, 183, 'web', 'Ausloggen'),
(30378, 18, 184, 'web', 'Altes Passwort'),
(30379, 18, 185, 'web', 'Neues Kennwort'),
(30380, 18, 186, 'web', 'bestätige neues Passwort'),
(30381, 18, 187, 'web', 'alt'),
(30382, 18, 191, 'web', 'Profil'),
(30383, 18, 192, 'web', 'Passwort ein und bestätigen Passwort stimmt nicht überein'),
(30384, 18, 193, 'web', 'persönliche Details'),
(30385, 18, 194, 'web', 'Vorname'),
(30386, 18, 195, 'web', 'Familienname, Nachname'),
(30387, 18, 196, 'web', 'Bitte geben Sie die Buchstaben nur'),
(30388, 18, 197, 'web', 'bitte nur Nummern eingeben'),
(30389, 18, 201, 'web', 'Toggle- Navigation'),
(30390, 18, 202, 'web', 'zurück'),
(30391, 18, 210, 'web', 'kontaktiere uns'),
(30392, 18, 212, 'web', 'alle'),
(30393, 18, 213, 'web', 'wird aktualisiert, sobald'),
(30394, 18, 214, 'web', 'Kontakt Nr'),
(30395, 18, 215, 'web', 'neu'),
(30396, 18, 216, 'web', 'Enddatum'),
(30397, 18, 217, 'web', 'Anfangsdatum'),
(30398, 18, 218, 'web', 'zeigt'),
(30399, 18, 225, 'web', 'bearbeiten Sprache'),
(30400, 18, 226, 'web', 'Sprache Name'),
(30401, 18, 227, 'web', 'bearbeiten Phrase'),
(30402, 18, 228, 'web', 'bearbeiten Phrasen'),
(30403, 18, 231, 'web', 'wie es funktioniert'),
(30404, 18, 235, 'web', 'Seitentitel'),
(30405, 18, 238, 'web', 'bearbeiten FAQ'),
(30406, 18, 239, 'web', 'FAQ vorschlagen'),
(30407, 18, 241, 'web', 'Ergebnisse 1 - 10 von'),
(30408, 18, 242, 'web', 'Erinnere dich an mich'),
(30409, 18, 243, 'web', 'Anmeldung'),
(30410, 18, 244, 'web', 'E-Mail- Template-Einstellungen'),
(30411, 18, 245, 'web', 'bearbeiten E-Mail -Vorlage'),
(30412, 18, 246, 'web', 'E-Mail -Vorlage'),
(30413, 18, 247, 'web', 'Fach'),
(30414, 18, 251, 'web', 'Site-logo'),
(30415, 18, 254, 'web', 'android url'),
(30416, 18, 255, 'web', 'ios url'),
(30417, 18, 256, 'web', 'ungültiges Dateiformat'),
(30418, 18, 257, 'web', 'Erfolgreich geupdated'),
(30419, 18, 258, 'web', 'Veröffentlicht am'),
(30420, 18, 261, 'web', 'mehr sehen'),
(30421, 18, 262, 'web', 'Sprache ändern'),
(30422, 18, 263, 'web', 'Sprache erfolgreich geändert'),
(30423, 18, 265, 'web', 'Gesendet'),
(30424, 18, 266, 'web', 'vor'),
(30425, 18, 267, 'web', 'mandrill Schlüssel'),
(30426, 18, 268, 'web', 'API-Schlüssel'),
(30427, 18, 269, 'web', 'Web-Mail'),
(30428, 18, 270, 'web', 'Mandrill'),
(30429, 18, 271, 'web', 'Mandrill'),
(30430, 18, 272, 'web', 'sehen Sie alle'),
(30431, 18, 276, 'web', 'zurückstellen'),
(30432, 18, 279, 'web', 'Artikel'),
(30433, 18, 280, 'web', 'Artikel hinzufügen'),
(30434, 18, 281, 'web', 'Element bearbeiten'),
(30435, 18, 282, 'web', 'Ansicht Artikel'),
(30436, 18, 283, 'web', 'Artikelname'),
(30437, 18, 284, 'web', 'Einzelteilkosten'),
(30438, 18, 285, 'web', 'Artikelbild'),
(30439, 18, 286, 'web', 'Bild ändern'),
(30440, 18, 287, 'web', 'bietet an'),
(30441, 18, 288, 'web', 'erstellen Angebot'),
(30442, 18, 289, 'web', 'zum Angebot'),
(30443, 18, 290, 'web', 'Ansicht Angebote'),
(30444, 18, 291, 'web', 'Angebot Name'),
(30445, 18, 292, 'web', 'Angebot Kosten'),
(30446, 18, 293, 'web', 'Angebot Starttermin'),
(30447, 18, 294, 'web', 'Angebot Enddatum'),
(30448, 18, 295, 'web', 'bearbeiten Angebot'),
(30449, 18, 296, 'web', 'Angebot gültig Datum'),
(30450, 18, 297, 'web', 'Angebot erhalten'),
(30451, 18, 298, 'web', 'offer image'),
(30452, 18, 299, 'web', 'Angebotsbedingungen'),
(30453, 18, 300, 'web', 'Menge'),
(30454, 18, 301, 'web', 'Hinzufügen / Entfernen'),
(30455, 18, 302, 'web', 'Hinzufügen / Entfernen'),
(30456, 18, 303, 'web', 'Anzahl der Artikel'),
(30457, 18, 304, 'web', 'Aktuelle Angebote'),
(30458, 18, 305, 'web', 'nicht von Menschen dienen'),
(30459, 18, 312, 'web', 'Galerie'),
(30460, 18, 313, 'web', 'Alt-Text'),
(30461, 18, 314, 'web', 'Image'),
(30462, 18, 315, 'web', 'hinzufügen Galerie'),
(30463, 18, 316, 'web', 'Alt-Text erforderlich'),
(30464, 18, 318, 'web', 'paypal Einstellungen'),
(30465, 18, 319, 'web', 'PayPal Umwelt Produktion'),
(30466, 18, 320, 'web', 'PayPal Environment Sandbox'),
(30467, 18, 321, 'web', 'Händlername'),
(30468, 18, 322, 'web', 'Händler Datenschutz URL'),
(30469, 18, 323, 'web', 'Händler Benutzervereinbarung URL'),
(30470, 18, 324, 'web', 'Währung'),
(30471, 18, 325, 'web', 'Konto Typ'),
(30472, 18, 326, 'web', 'logo_image'),
(30473, 18, 327, 'web', 'paypal Umwelt Produktion'),
(30474, 18, 328, 'web', 'paypal Umwelt Sandbox'),
(30475, 18, 329, 'web', 'Händlername'),
(30476, 18, 330, 'web', 'Händler Datenschutzbestimmungen  URL'),
(30477, 18, 331, 'web', 'Händler Nutzungsvertrag URL'),
(30478, 18, 332, 'web', 'Währungszeichen'),
(30479, 18, 339, 'web', 'ungültige Datei'),
(30480, 18, 340, 'web', 'erfolgreich hinzugefügt'),
(30481, 18, 341, 'web', 'nicht hinzufügen'),
(30482, 18, 342, 'web', 'nicht in der Lage zu aktualisieren'),
(30483, 18, 343, 'web', 'konnte den Datensatz gefunden'),
(30484, 18, 344, 'web', 'erfolgreich gelöscht'),
(30485, 18, 345, 'web', 'nicht in der Lage zu löschen'),
(30486, 18, 354, 'web', 'die Anzahl der Produkte'),
(30487, 18, 355, 'web', 'gültiges Datum muss größer sein als Startdatum'),
(30488, 18, 356, 'web', 'ungültige Operation'),
(30489, 18, 365, 'web', 'Menüpunkt wählen'),
(30490, 18, 366, 'web', 'keine Produkte verfügbar'),
(30491, 18, 367, 'web', 'Aufträge'),
(30492, 18, 368, 'web', 'neue Bestellungen'),
(30493, 18, 369, 'web', 'unter Prozessaufträge'),
(30494, 18, 370, 'web', 'gelieferte Aufträge'),
(30495, 18, 371, 'web', 'stornierte Aufträge'),
(30496, 18, 372, 'web', 'Best.-Nr'),
(30497, 18, 373, 'web', 'Auftragsdatum'),
(30498, 18, 374, 'web', 'um Zeit'),
(30499, 18, 375, 'web', 'um Kosten'),
(30500, 18, 376, 'web', 'Kundenname'),
(30501, 18, 378, 'web', 'estelldetails'),
(30502, 18, 379, 'web', 'gebuchten Termin'),
(30503, 18, 380, 'web', 'Wahrzeichen'),
(30504, 18, 381, 'web', 'PIN-Code'),
(30505, 18, 382, 'web', 'um Update'),
(30506, 18, 383, 'web', 'Update Auftragsstatus'),
(30507, 18, 384, 'web', 'Info nicht gefunden'),
(30508, 18, 385, 'web', 'verarbeiten'),
(30509, 18, 386, 'web', 'geliefert'),
(30510, 18, 387, 'web', 'abgebrochen'),
(30511, 18, 388, 'web', 'keine Produkte verfügbar'),
(30512, 18, 389, 'web', 'Artikelmenge'),
(30513, 18, 391, 'web', 'erfolgreich hinzugefügt'),
(30514, 18, 392, 'web', 'ungültige Anmeldeinformationen'),
(30515, 18, 393, 'web', 'Site-Namen'),
(30516, 18, 394, 'web', 'Benutzer'),
(30517, 18, 395, 'web', 'Abmeldung erfolgreich'),
(30518, 18, 396, 'web', 'neueste Aufträge'),
(30519, 18, 397, 'web', 'Nutzerdetails'),
(30520, 18, 398, 'web', 'hinzufügen atleast ein Element'),
(30521, 18, 400, 'web', 'Partygröße'),
(30522, 18, 401, 'web', 'Session'),
(30523, 18, 402, 'web', 'Datum der Buchung'),
(30524, 18, 404, 'web', 'erfolgreich hochgeladen'),
(30525, 18, 405, 'web', 'laden App -Dateien'),
(30526, 18, 408, 'web', 'ährung wählen'),
(30527, 18, 409, 'web', 'herzlich willkommen'),
(30528, 18, 410, 'web', 'Administrator'),
(30529, 18, 411, 'web', 'Menü'),
(30530, 18, 412, 'web', 'Menü hinzufügen'),
(30531, 18, 413, 'web', 'Ansicht -Menü'),
(30532, 18, 414, 'web', 'Menü-Name'),
(30533, 18, 415, 'web', 'punch line'),
(30534, 18, 416, 'web', 'erforderlich'),
(30535, 18, 417, 'web', 'Menübild'),
(30536, 18, 418, 'web', 'bearbeiten-Menü'),
(30537, 18, 419, 'web', 'Gegenstandsart'),
(30538, 18, 420, 'web', 'Standort-Stamm'),
(30539, 18, 422, 'web', 'Staaten'),
(30540, 18, 423, 'web', 'Städte'),
(30541, 18, 424, 'web', 'Service Abladestellen'),
(30542, 18, 425, 'web', 'Staat Namen'),
(30543, 18, 426, 'web', 'und Excel'),
(30544, 18, 427, 'web', 'Stadtname'),
(30545, 18, 428, 'web', 'Ortsnamen'),
(30546, 18, 429, 'web', 'Klicken Sie hier, um die Beispieldatei herunterladen'),
(30547, 18, 430, 'web', 'und Excel -Datei'),
(30548, 18, 431, 'web', 'Datei'),
(30549, 18, 432, 'web', 'E-Mail -Vorlagen'),
(30550, 18, 433, 'web', 'Anmeldung'),
(30551, 18, 434, 'web', 'Anmeldung erfolgreich Aktivierung E-Mail abgeschlossen gesendet'),
(30552, 18, 435, 'web', 'Login Erfolg'),
(30553, 18, 436, 'web', 'Land'),
(30554, 18, 437, 'web', 'Passwort zurücksetzen'),
(30555, 18, 438, 'web', 'longitude'),
(30556, 18, 439, 'web', 'Breite'),
(30557, 18, 440, 'web', 'bitte loggen Sie sich ein'),
(30558, 18, 441, 'web', 'nicht autorisierter Benutzer'),
(30559, 18, 442, 'web', 'bereits vorhanden'),
(30560, 18, 443, 'web', 'addieren Service Lieferort'),
(30561, 18, 444, 'web', 'bearbeiten Service Abladestellen'),
(30562, 18, 445, 'web', 'addieren Zustand'),
(30563, 18, 446, 'web', 'Bearbeitungsstatus'),
(30564, 18, 447, 'web', 'laden Staaten'),
(30565, 18, 448, 'web', 'in city'),
(30566, 18, 449, 'web', 'bearbeiten Stadt'),
(30567, 18, 450, 'web', 'Upload- Städte'),
(30568, 18, 453, 'web', 'Sprachcode'),
(30569, 18, 454, 'web', 'Satz Typ'),
(30570, 18, 458, 'web', 'Passwort ändern'),
(30571, 18, 459, 'web', 'Liste Phrasen'),
(30572, 18, 461, 'web', 'Update App -Sätze'),
(30573, 18, 462, 'web', 'Update- Sätze'),
(30574, 18, 467, 'web', 'Neues Kennwort'),
(30575, 18, 568, 'web', 'Bitte geben Sie E-Mail und Passwort'),
(30576, 18, 571, 'web', 'Test Web Phrase'),
(30577, 18, 572, 'web', 'bearbeiten Web -Sätze'),
(30578, 18, 573, 'web', 'bearbeiten app -Sätze'),
(30579, 18, 574, 'web', 'Zustand id'),
(30580, 18, 575, 'web', 'Bitte laden Sie nur jpg | jpeg | png'),
(30581, 18, 577, 'web', 'veg'),
(30582, 18, 578, 'web', 'nicht vegetarisch'),
(30583, 18, 579, 'web', 'andere'),
(30584, 18, 584, 'web', 'Angebotsdetails'),
(30585, 18, 585, 'web', 'Sie können diesen Zustand Ursache Städte darunter existieren löschen'),
(30586, 18, 586, 'web', 'Sie können die Städte Ursache geliefert Standort nicht löschen darunter existieren'),
(30587, 18, 587, 'web', 'bearbeiten Galerie'),
(30588, 18, 588, 'web', 'Test Web Phrase'),
(30589, 18, 589, 'web', 'Transaktions-ID'),
(30590, 18, 590, 'web', 'Zahlungsart'),
(30591, 18, 591, 'web', 'Zahlungsstatus'),
(30592, 18, 592, 'web', 'Facebook API'),
(30593, 18, 593, 'web', 'Google API'),
(30594, 18, 613, 'web', ' bezahlte Menge'),
(30595, 18, 614, 'web', 'ist gelöscht'),
(30596, 18, 615, 'web', 'Grund'),
(30597, 18, 616, 'web', ' gelöschte Element aus , um'),
(30598, 18, 617, 'web', 'Erweiterung'),
(30599, 18, 618, 'web', 'Addons'),
(30600, 18, 619, 'web', 'Ansicht Addons'),
(30601, 18, 620, 'web', 'hinzufügen addon'),
(30602, 18, 621, 'web', 'bearbeiten addon'),
(30603, 18, 622, 'web', ' Optionen'),
(30604, 18, 623, 'web', 'addieren,'),
(30605, 18, 624, 'web', 'Ansichtsoptionen'),
(30606, 18, 625, 'web', ' Bearbeitungsoption'),
(30607, 18, 626, 'web', 'Preis Präfix'),
(30608, 18, 627, 'web', 'Preis'),
(30609, 18, 628, 'web', 'Auftragspositionen'),
(30610, 18, 629, 'web', 'bestellen Addons'),
(30611, 18, 630, 'web', ' gesamt'),
(30612, 18, 631, 'web', 'gelöscht Addon von der Bestellung'),
(30613, 18, 633, 'web', ' Restaurant -Timings'),
(30614, 18, 634, 'web', 'von'),
(30615, 18, 635, 'web', 'nach'),
(30616, 18, 636, 'web', 'von Zeit'),
(30617, 18, 637, 'web', 'zu Zeit'),
(30618, 18, 638, 'web', 'normal'),
(30619, 18, 639, 'web', 'Benutzer aktiviert'),
(30620, 18, 640, 'web', 'Benutzer deaktiviert'),
(30621, 18, 641, 'web', ' falsche Bedienung'),
(33286, 16, 463, 'app', ' पासवर्ड बदलें'),
(33287, 16, 464, 'app', 'मेन्यू'),
(33288, 16, 465, 'app', 'लॉगिन');
INSERT INTO `dn_multi_lang` (`id`, `lang_id`, `phrase_id`, `phrase_type`, `text`) VALUES
(33289, 16, 468, 'app', 'नए पासवर्ड की पुष्टि करें'),
(33290, 16, 469, 'app', 'पासवर्ड भूल गए'),
(33291, 16, 470, 'app', ' ईमेल पता'),
(33292, 16, 471, 'app', 'भेजना'),
(33293, 16, 472, 'app', ' न सिर्फ आपके ईमेल में भरें चिंता और हम मदद मिलेगी आप अपने पासवर्ड को रीसेट'),
(33294, 16, 473, 'app', ' ईमेल दर्ज करें'),
(33295, 16, 474, 'app', 'पारण शब्द'),
(33296, 16, 475, 'app', 'साइन इन करें'),
(33297, 16, 476, 'app', 'या'),
(33298, 16, 477, 'app', 'नया उपयोगकर्ता'),
(33299, 16, 478, 'app', ' यहां साइन अप करें'),
(33300, 16, 479, 'app', 'साइन अप करें'),
(33301, 16, 480, 'app', 'मुझे स्वीकार है'),
(33302, 16, 481, 'app', ' रजिस्टर'),
(33303, 16, 482, 'app', ' पहला नाम'),
(33304, 16, 483, 'app', 'अंतिम नाम'),
(33305, 16, 484, 'app', 'ईमेल'),
(33306, 16, 485, 'app', ' फ़ोन नंबर'),
(33307, 16, 486, 'app', 'नियम और शर्तें'),
(33308, 16, 487, 'app', 'पासवर्ड रीसेट'),
(33309, 16, 488, 'app', 'पासवर्ड की पुष्टि कीजिये'),
(33310, 16, 489, 'app', 'जमा करें'),
(33311, 16, 490, 'app', ' हमारे बारे में'),
(33312, 16, 491, 'app', 'संस्करण'),
(33313, 16, 492, 'app', 'पता'),
(33314, 16, 493, 'app', 'गाड़ी सूची'),
(33315, 16, 494, 'app', 'लागत'),
(33316, 16, 495, 'app', ' सामगंरियां जोड़ें'),
(33317, 16, 496, 'app', 'कुल लागत'),
(33318, 16, 497, 'app', ' व्यवस्था'),
(33319, 16, 498, 'app', ' भाषा बदलो'),
(33320, 16, 499, 'app', 'भाषा चुनिए'),
(33321, 16, 500, 'app', 'अंग्रेज़ी'),
(33322, 16, 501, 'app', 'चीनी'),
(33323, 16, 502, 'app', 'अपने मूड या पसंद से'),
(33324, 16, 503, 'app', 'प्रोफाइल एडिट करें'),
(33325, 16, 504, 'app', ' शहर'),
(33326, 16, 505, 'app', ' राज्य'),
(33327, 16, 506, 'app', 'पिन कोड'),
(33328, 16, 507, 'app', ' सीमा चिन्ह'),
(33329, 16, 508, 'app', 'अपडेट'),
(33330, 16, 509, 'app', 'आदेश देना'),
(33331, 16, 510, 'app', 'मोबाइल नंबर'),
(33332, 16, 511, 'app', 'स्थान'),
(33333, 16, 512, 'app', 'फ्लैट कोई घर नहीं'),
(33334, 16, 513, 'app', 'फ्लैट लोकैलिटी नाम'),
(33335, 16, 514, 'app', 'संबोधित अन्य वैकल्पिक'),
(33336, 16, 515, 'app', 'तारीख़ चुनें'),
(33337, 16, 516, 'app', 'तारीख'),
(33338, 16, 517, 'app', 'पहर'),
(33339, 16, 518, 'app', ' चुनिंदा शीर्षक'),
(33340, 16, 519, 'app', 'ऑनलाइन भुगतान'),
(33341, 16, 520, 'app', 'देने पर नकद'),
(33342, 16, 521, 'app', 'बढ़ना'),
(33343, 16, 522, 'app', ' सभी समय पसंदीदा'),
(33344, 16, 523, 'app', ' स्वागत हे'),
(33345, 16, 524, 'app', ' प्रस्तावों'),
(33346, 16, 525, 'app', 'आदेश इतिहास'),
(33347, 16, 526, 'app', ' दोस्तों को साझा'),
(33348, 16, 527, 'app', ' अमेरिका की दर प्ले स्टोर पर'),
(33349, 16, 528, 'app', 'साइन आउट'),
(33350, 16, 529, 'app', ' उपलब्ध प्रदान करता है'),
(33351, 16, 530, 'app', 'से मान्य'),
(33352, 16, 531, 'app', ' इस तक मान्य'),
(33353, 16, 532, 'app', ' व्यक्तियों का कोई'),
(33354, 16, 533, 'app', ' उत्पादों का कोई'),
(33355, 16, 534, 'app', 'छूट'),
(33356, 16, 535, 'app', ' आदेश आइटम'),
(33357, 16, 536, 'app', 'तुम्हारे ऑर्डर'),
(33358, 16, 537, 'app', 'वर्तमान पासवर्ड'),
(33359, 16, 538, 'app', 'आइटम्स की कोई'),
(33360, 16, 539, 'app', 'कोई आदेश मिले'),
(33361, 16, 540, 'app', ' भुगतान की स्थिति'),
(33362, 16, 541, 'app', 'अपने भुगतान की स्थिति है'),
(33363, 16, 542, 'app', 'सफल'),
(33364, 16, 543, 'app', 'राशि का भुगतान'),
(33365, 16, 544, 'app', 'सफलतापूर्वक संसाधित कर दिया गया है'),
(33366, 16, 545, 'app', 'शहर चुनें'),
(33367, 16, 546, 'app', 'खोज'),
(33368, 16, 547, 'app', 'स्थान चुनें'),
(33369, 16, 548, 'app', 'विवरण'),
(33370, 16, 549, 'app', 'गाडी देंखे'),
(33371, 16, 550, 'app', 'शर्तों'),
(33372, 16, 551, 'app', 'मेरा खाता'),
(33373, 16, 552, 'app', 'समय पर आउट त्रुटि'),
(33374, 16, 553, 'app', 'जाँच नेटवर्क कनेक्शन'),
(33375, 16, 554, 'app', 'मान्य उपयोगकर्ता'),
(33376, 16, 555, 'app', 'पासवर्ड मेल नहीं'),
(33377, 16, 556, 'app', 'सफलतापूर्वक प्रस्थान करें'),
(33378, 16, 557, 'app', 'तिथि का उल्लेख'),
(33379, 16, 558, 'app', 'समय निर्दिष्ट'),
(33380, 16, 559, 'app', 'गलत लॉगिन'),
(33381, 16, 560, 'app', 'नहीं'),
(33382, 16, 561, 'app', 'अब उपलब्ध है'),
(33383, 16, 562, 'app', 'पहले से ही गाड़ी में गया'),
(33384, 16, 563, 'app', ' ईमेल पहले से ही इस्तेमाल किया है या अमान्य खाता बनाने में असमर्थ'),
(33385, 16, 564, 'app', 'आपकी कार्ट में कोई सामान नहीं'),
(33386, 16, 565, 'app', 'अतिथि'),
(33387, 16, 566, 'app', 'उपयोगकर्ता'),
(33388, 16, 567, 'app', 'भुगतान'),
(33389, 16, 569, 'app', 'पीटर श्रीनिवास'),
(33390, 16, 570, 'app', 'नया पासवर्ड'),
(33391, 16, 576, 'app', ' पर आदेश दिया'),
(33392, 16, 580, 'app', 'प्रस्ताव के आइटम'),
(33393, 16, 581, 'app', 'कोई आइटम उपलब्ध'),
(33394, 16, 582, 'app', 'भुगतान करो'),
(33395, 16, 583, 'app', 'भुगतान का तरीका'),
(33396, 16, 594, 'app', 'फेसबुक एपीआई'),
(33397, 16, 595, 'app', 'गूगल एपीआई'),
(33398, 16, 596, 'app', 'भुगतान के प्रकार'),
(33399, 16, 597, 'app', 'पट्टी'),
(33400, 16, 598, 'app', 'कार्ड नंबर'),
(33401, 16, 599, 'app', 'समाप्ति तिथि'),
(33402, 16, 600, 'app', 'महीना'),
(33403, 16, 601, 'app', 'साल'),
(33404, 16, 602, 'app', 'सीवीसी'),
(33405, 16, 603, 'app', 'चुकाने के लिए कार्रवाई शुरू करो'),
(33406, 16, 604, 'app', 'सब'),
(33407, 16, 605, 'app', 'शाकाहारी'),
(33408, 16, 606, 'app', 'मासाहारी'),
(33409, 16, 607, 'app', 'अन्य'),
(33410, 16, 608, 'app', 'पासवर्ड सफलतापूर्वक बदल दिया है'),
(33411, 16, 609, 'app', 'पंजीकरण भेजा सफलतापूर्वक सक्रियण मेल पूरा'),
(33412, 16, 610, 'app', 'खाता निष्क्रिय है'),
(33413, 16, 611, 'app', 'आइटम गाड़ी में जोड़ा'),
(33414, 16, 612, 'app', 'मात्रा'),
(33415, 16, 632, 'app', ' पंजीकरण पूरा सफलतापूर्वक पासवर्ड ईमेल के लिए भेजा'),
(33416, 16, 642, 'app', ' बचाना'),
(33417, 16, 643, 'app', ' आइटम  ऐड ऑन'),
(33418, 16, 644, 'app', ' कोई ऐड ऑन उपलब्ध'),
(33419, 16, 645, 'app', ' आइटम आकार'),
(33420, 16, 646, 'app', 'अपने आइटम को अनुकूलित'),
(33421, 16, 647, 'app', ' कोई आइटम आकारों में उपलब्ध'),
(33422, 16, 648, 'app', 'संपर्क जानकारी'),
(33423, 16, 649, 'app', ' नया जोड़ें'),
(33424, 16, 650, 'app', ' बचाया संबोधित किया'),
(33425, 16, 651, 'app', ' खुलने का समय'),
(33426, 16, 652, 'app', ' समापन घंटे'),
(33427, 16, 653, 'app', 'आकार'),
(33428, 16, 654, 'app', 'लाभ विकल्प'),
(33429, 16, 655, 'app', ' नष्ट कर दिया'),
(33430, 16, 656, 'app', ' चयन न्यूनतम एक आइटम तो केवल लाभ विकल्प लागू होगी'),
(33431, 16, 657, 'app', 'आइटम'),
(33432, 16, 658, 'app', 'पता जोड़ें'),
(33433, 16, 659, 'app', 'पता संपादित करें'),
(33434, 16, 660, 'app', ' कुरकुरे रेस्तरां चयनित समय पर उपलब्ध नहीं'),
(33435, 16, 661, 'app', ' चुनिंदा पता'),
(33436, 16, 662, 'app', 'अमान्य कार्ड'),
(33437, 16, 663, 'app', ' रद्द करना'),
(33438, 16, 664, 'app', 'किया हुआ'),
(33439, 16, 665, 'app', 'कुरकुरे'),
(33440, 16, 666, 'app', ' कुरकुरे अनुप्रयोग के लिए रेस्तरां'),
(33441, 16, 667, 'app', ' रेस्तरां टाइमिंग्स'),
(33442, 16, 668, 'app', ' ठीक'),
(33443, 16, 669, 'app', ' कुरकुरे खाते के माध्यम से डेबिट'),
(33444, 16, 670, 'app', 'कुरकुरे खाते में'),
(33445, 16, 671, 'app', 'मेरी प्रोफाइल'),
(33446, 16, 672, 'app', 'नया पता जोड़ें'),
(33447, 16, 673, 'app', 'कुरकुरे रेस्तरां वर्तमान में बंद हो जाता है'),
(33448, 17, 463, 'app', ' Changer le mot de passe'),
(33449, 17, 464, 'app', 'Menu'),
(33450, 17, 465, 'app', 'S''identifier'),
(33451, 17, 468, 'app', 'Confirmer le nouveau mot de passe'),
(33452, 17, 469, 'app', ' Mot de passe oublié'),
(33453, 17, 470, 'app', 'Adresse e-mail'),
(33454, 17, 471, 'app', ' Envoyer'),
(33455, 17, 472, 'app', ' Ne vous inquiétez pas ! Il suffit de remplir dans votre e-mail et nous vous aiderons à réinitialiser votre mot de passe'),
(33456, 17, 473, 'app', 'Entrez Email'),
(33457, 17, 474, 'app', 'Mot de passe'),
(33458, 17, 475, 'app', 'Se connecter'),
(33459, 17, 476, 'app', 'ou'),
(33460, 17, 477, 'app', 'nouvel utilisateur'),
(33461, 17, 478, 'app', ' Inscrivez-vous ici'),
(33462, 17, 479, 'app', 's''inscrire'),
(33463, 17, 480, 'app', 'J''accepte'),
(33464, 17, 481, 'app', 'registre'),
(33465, 17, 482, 'app', 'Prénom'),
(33466, 17, 483, 'app', 'nom de famille'),
(33467, 17, 484, 'app', 'email'),
(33468, 17, 485, 'app', 'numéro de téléphone'),
(33469, 17, 486, 'app', ' termes et conditions'),
(33470, 17, 487, 'app', 'réinitialiser le mot de passe'),
(33471, 17, 488, 'app', ' Confirmez le mot de passe'),
(33472, 17, 489, 'app', 'soumettre'),
(33473, 17, 490, 'app', 'à propos de nous'),
(33474, 17, 491, 'app', 'version'),
(33475, 17, 492, 'app', 'adresse'),
(33476, 17, 493, 'app', 'cartList'),
(33477, 17, 494, 'app', 'Coût'),
(33478, 17, 495, 'app', 'addItems'),
(33479, 17, 496, 'app', 'coût total'),
(33480, 17, 497, 'app', 'commande'),
(33481, 17, 498, 'app', 'changer de langue'),
(33482, 17, 499, 'app', 'Choisir la langue'),
(33483, 17, 500, 'app', 'Anglais'),
(33484, 17, 501, 'app', 'chinois'),
(33485, 17, 502, 'app', ' par votre humeur ou de préférence'),
(33486, 17, 503, 'app', 'modifier le profil'),
(33487, 17, 504, 'app', 'ville'),
(33488, 17, 505, 'app', 'Etat'),
(33489, 17, 506, 'app', 'code PIN'),
(33490, 17, 507, 'app', ' point de repère'),
(33491, 17, 508, 'app', 'mettre à jour'),
(33492, 17, 509, 'app', 'Passer la commande'),
(33493, 17, 510, 'app', 'numéro de portable'),
(33494, 17, 511, 'app', 'emplacement'),
(33495, 17, 512, 'app', ' plat Non Maison Non'),
(33496, 17, 513, 'app', ' Appartement Nom Localité'),
(33497, 17, 514, 'app', 'adresse autre option'),
(33498, 17, 515, 'app', 'sélectionnez date'),
(33499, 17, 516, 'app', 'date'),
(33500, 17, 517, 'app', 'temps'),
(33501, 17, 518, 'app', 'sélectionnez le titre'),
(33502, 17, 519, 'app', ' paiement en ligne'),
(33503, 17, 520, 'app', 'trésorerie Sur Livrer'),
(33504, 17, 521, 'app', 'procéder'),
(33505, 17, 522, 'app', ' tous les temps favoris'),
(33506, 17, 523, 'app', 'Bienvenue'),
(33507, 17, 524, 'app', 'des offres'),
(33508, 17, 525, 'app', ' Historique des commandes'),
(33509, 17, 526, 'app', 'part aux amis'),
(33510, 17, 527, 'app', ' évaluer nous sur Le Playstore'),
(33511, 17, 528, 'app', 'se déconnecter'),
(33512, 17, 529, 'app', ' offres disponibles'),
(33513, 17, 530, 'app', 'Valide à partir de'),
(33514, 17, 531, 'app', 'valable pour'),
(33515, 17, 532, 'app', 'pas de personnes'),
(33516, 17, 533, 'app', 'pas de produits'),
(33517, 17, 534, 'app', 'remise'),
(33518, 17, 535, 'app', 'commande Articles'),
(33519, 17, 536, 'app', 'vos commandes'),
(33520, 17, 537, 'app', 'Mot de passe actuel'),
(33521, 17, 538, 'app', ' pas d''articles'),
(33522, 17, 539, 'app', ' pas Ordres trouvés'),
(33523, 17, 540, 'app', ' statut de paiement'),
(33524, 17, 541, 'app', ' votre statusIs de paiement'),
(33525, 17, 542, 'app', 'réussi'),
(33526, 17, 543, 'app', 'votre paiement de montant'),
(33527, 17, 544, 'app', 'a été traitée avec succès'),
(33528, 17, 545, 'app', 'select Ville'),
(33529, 17, 546, 'app', 'chercher'),
(33530, 17, 547, 'app', ' sélectionnez l''emplacement'),
(33531, 17, 548, 'app', 'la description'),
(33532, 17, 549, 'app', 'détails panier'),
(33533, 17, 550, 'app', 'termes'),
(33534, 17, 551, 'app', 'Mon compte'),
(33535, 17, 552, 'app', 'Timed Out Error'),
(33536, 17, 553, 'app', 'vérifier la connexion réseau'),
(33537, 17, 554, 'app', ' la validation de l''utilisateur'),
(33538, 17, 555, 'app', 'mot de passe correspond pas'),
(33539, 17, 556, 'app', ' signer avec succès'),
(33540, 17, 557, 'app', ' préciser date'),
(33541, 17, 558, 'app', 'spécifier Temps'),
(33542, 17, 559, 'app', 'Login incorrect'),
(33543, 17, 560, 'app', 'non'),
(33544, 17, 561, 'app', 'disponible dès maintenant'),
(33545, 17, 562, 'app', 'déjà ajouté au panier'),
(33546, 17, 563, 'app', 'email Déjà utilisé ou non valide Impossible de créer le compte'),
(33547, 17, 564, 'app', 'Aucun produit dans votre panier'),
(33548, 17, 565, 'app', 'client'),
(33549, 17, 566, 'app', 'utilisateur'),
(33550, 17, 567, 'app', 'Paiement'),
(33551, 17, 569, 'app', 'peter Srinivas'),
(33552, 17, 570, 'app', ' nouveau mot de passe'),
(33553, 17, 576, 'app', 'Sur ordre'),
(33554, 17, 580, 'app', 'offre Articles'),
(33555, 17, 581, 'app', 'Exemplaires disponibles'),
(33556, 17, 582, 'app', ' effectuer le paiement'),
(33557, 17, 583, 'app', ' mode de paiement'),
(33558, 17, 594, 'app', 'Facebook Api'),
(33559, 17, 595, 'app', 'Google Api'),
(33560, 17, 596, 'app', 'type de paiement'),
(33561, 17, 597, 'app', 'bande'),
(33562, 17, 598, 'app', 'numéro de carte'),
(33563, 17, 599, 'app', 'date d''expiration'),
(33564, 17, 600, 'app', 'mois'),
(33565, 17, 601, 'app', 'an'),
(33566, 17, 602, 'app', 'cvc'),
(33567, 17, 603, 'app', 'procéder au paiement'),
(33568, 17, 604, 'app', 'tout'),
(33569, 17, 605, 'app', 'veg'),
(33570, 17, 606, 'app', 'non -veg'),
(33571, 17, 607, 'app', 'autre'),
(33572, 17, 608, 'app', 'Mot de passe changé avec succès'),
(33573, 17, 609, 'app', 'l''enregistrement terminé avec succès courrier activation envoyé'),
(33574, 17, 610, 'app', 'compte est inactif'),
(33575, 17, 611, 'app', 'article ajouté au panier'),
(33576, 17, 612, 'app', 'Quantité'),
(33577, 17, 632, 'app', ' inscription terminée avec succès Mot de passe envoyé à EMAIL'),
(33578, 17, 642, 'app', ' enregistrer'),
(33579, 17, 643, 'app', ' article Addons'),
(33580, 17, 644, 'app', ' aucun Addons Disponible'),
(33581, 17, 645, 'app', 'item Tailles'),
(33582, 17, 646, 'app', ' personnaliser votre article'),
(33583, 17, 647, 'app', ' noItem Tailles disponibles'),
(33584, 17, 648, 'app', 'coordonnées'),
(33585, 17, 649, 'app', ' ajouter Nouveau'),
(33586, 17, 650, 'app', 'Adresses sauvegardées'),
(33587, 17, 651, 'app', ' heures d''ouverture'),
(33588, 17, 652, 'app', 'Heures de fermeture'),
(33589, 17, 653, 'app', 'tailles'),
(33590, 17, 654, 'app', ' addons'),
(33591, 17, 655, 'app', 'supprimé'),
(33592, 17, 656, 'app', ' sélectionnez Minimum One Point Ensuite seulement Addons appliquerons'),
(33593, 17, 657, 'app', 'articles'),
(33594, 17, 658, 'app', 'Ajoutez l''adresse'),
(33595, 17, 659, 'app', 'modifier Adresse'),
(33596, 17, 660, 'app', ' croquante restaurant Non disponible à temps sélectionné'),
(33597, 17, 661, 'app', 'sélectionnez Adresse'),
(33598, 17, 662, 'app', ' carte invalide'),
(33599, 17, 663, 'app', 'Annuler'),
(33600, 17, 664, 'app', ' terminé'),
(33601, 17, 665, 'app', 'croquant'),
(33602, 17, 666, 'app', ' app croquante pour le restaurant'),
(33603, 17, 667, 'app', ' timings Restaruant'),
(33604, 17, 668, 'app', 'D''accord'),
(33605, 17, 669, 'app', 'débitée Par compte Crunchy'),
(33606, 17, 670, 'app', 'compte croquante'),
(33607, 17, 671, 'app', 'mon profil'),
(33608, 17, 672, 'app', ' Ajouter une nouvelle adresse'),
(33609, 17, 673, 'app', 'Restaurant croquante est actuellement fermé'),
(33610, 18, 463, 'app', 'Passwort ändern'),
(33611, 18, 464, 'app', 'Menü'),
(33612, 18, 465, 'app', 'Anmeldung'),
(33613, 18, 468, 'app', 'bestätige neues Passwort'),
(33614, 18, 469, 'app', 'Passwort vergessen'),
(33615, 18, 470, 'app', 'E-Mail-Addresse'),
(33616, 18, 471, 'app', 'senden'),
(33617, 18, 472, 'app', 'Mach dir keine Sorgen Sie einfach Ihre E-Mail geben Sie bitte und wir helfen Sie Ihr Passwort Zurücksetzen'),
(33618, 18, 473, 'app', 'Email eingeben'),
(33619, 18, 474, 'app', 'Passwort'),
(33620, 18, 475, 'app', 'anmelden'),
(33621, 18, 476, 'app', 'oder'),
(33622, 18, 477, 'app', 'neuer Benutzer'),
(33623, 18, 478, 'app', 'Hier anmelden'),
(33624, 18, 479, 'app', 'Anmelden'),
(33625, 18, 480, 'app', 'Ich nehme an'),
(33626, 18, 481, 'app', 'Neu registrieren'),
(33627, 18, 482, 'app', 'Vorname'),
(33628, 18, 483, 'app', 'Familienname, Nachname'),
(33629, 18, 484, 'app', 'Email'),
(33630, 18, 485, 'app', 'Telefonnummer'),
(33631, 18, 486, 'app', 'Geschäftsbedingungen'),
(33632, 18, 487, 'app', 'Passwort zurücksetzen'),
(33633, 18, 488, 'app', 'Bestätige das Passwort'),
(33634, 18, 489, 'app', 'einreichen'),
(33635, 18, 490, 'app', 'Über uns'),
(33636, 18, 491, 'app', 'Version'),
(33637, 18, 492, 'app', 'Adresse'),
(33638, 18, 493, 'app', 'Wagen Liste'),
(33639, 18, 494, 'app', 'Kosten'),
(33640, 18, 495, 'app', 'Liste Artikel'),
(33641, 18, 496, 'app', 'Gesamtkosten'),
(33642, 18, 497, 'app', 'Auftrag'),
(33643, 18, 498, 'app', 'Sprache ändern'),
(33644, 18, 499, 'app', 'Sprache auswählen'),
(33645, 18, 500, 'app', 'Englisch'),
(33646, 18, 501, 'app', 'Chinesisch'),
(33647, 18, 502, 'app', 'durch Ihre Stimmung oder Bevorzugung'),
(33648, 18, 503, 'app', 'Profil bearbeiten'),
(33649, 18, 504, 'app', 'Stadt'),
(33650, 18, 505, 'app', 'Bundesland'),
(33651, 18, 506, 'app', 'PIN-Code'),
(33652, 18, 507, 'app', 'Wahrzeichen'),
(33653, 18, 508, 'app', 'aktualisieren'),
(33654, 18, 509, 'app', 'Bestellung aufgeben'),
(33655, 18, 510, 'app', 'Handynummer'),
(33656, 18, 511, 'app', 'Lage'),
(33657, 18, 512, 'app', 'Wohnung kein Haus kein'),
(33658, 18, 513, 'app', 'Wohnung Ortsname'),
(33659, 18, 514, 'app', 'Adresse Andere optionale'),
(33660, 18, 515, 'app', 'wählen Sie Datum'),
(33661, 18, 516, 'app', 'Datum'),
(33662, 18, 517, 'app', 'Zeit'),
(33663, 18, 518, 'app', 'Titel wählen'),
(33664, 18, 519, 'app', 'Onlinebezahlung'),
(33665, 18, 520, 'app', 'Cash On Deliver'),
(33666, 18, 521, 'app', 'Vorgehen'),
(33667, 18, 522, 'app', 'Alle Zeit Favoriten'),
(33668, 18, 523, 'app', 'herzlich willkommen'),
(33669, 18, 524, 'app', 'bietet an'),
(33670, 18, 525, 'app', 'Bestellverlauf'),
(33671, 18, 526, 'app', 'Anteil an Freunde'),
(33672, 18, 527, 'app', 'Bewerten Sie uns im Play Store'),
(33673, 18, 528, 'app', 'Ausloggen'),
(33674, 18, 529, 'app', 'Angebote verfügbar'),
(33675, 18, 530, 'app', 'gültig ab'),
(33676, 18, 531, 'app', 'gültig bis'),
(33677, 18, 532, 'app', 'Anzahl der Personen'),
(33678, 18, 533, 'app', 'keine der Produkte'),
(33679, 18, 534, 'app', 'Rabatt'),
(33680, 18, 535, 'app', 'bestellen Artikel'),
(33681, 18, 536, 'app', 'deine Bestellungen'),
(33682, 18, 537, 'app', 'Aktuelles Passwort'),
(33683, 18, 538, 'app', 'keine Versand'),
(33684, 18, 539, 'app', 'keine Aufträge gefunden'),
(33685, 18, 540, 'app', 'Zahlungsstatus'),
(33686, 18, 541, 'app', 'Ihre Zahlungsstatus Ist'),
(33687, 18, 542, 'app', 'erfolgreich'),
(33688, 18, 543, 'app', 'Ihre Zahlung des Betrags'),
(33689, 18, 544, 'app', 'Wurde, erfolgreich verarbeitet'),
(33690, 18, 545, 'app', 'wählen Sie eine Stadt'),
(33691, 18, 546, 'app', 'Suche'),
(33692, 18, 547, 'app', 'Ort auswählen'),
(33693, 18, 548, 'app', 'Beschreibung'),
(33694, 18, 549, 'app', 'anzeigen Warenkorb'),
(33695, 18, 550, 'app', 'Bedingungen'),
(33696, 18, 551, 'app', 'mein Konto'),
(33697, 18, 552, 'app', 'Zeitüberschreitung Fehler'),
(33698, 18, 553, 'app', 'Netzwerkanschluss   überprüfen'),
(33699, 18, 554, 'app', 'Validierung von Benutzer'),
(33700, 18, 555, 'app', 'Passwort nicht überein'),
(33701, 18, 556, 'app', 'abmelden Erfolgreich'),
(33702, 18, 557, 'app', 'Angabe eines Datums'),
(33703, 18, 558, 'app', 'Zeit angeben'),
(33704, 18, 559, 'app', 'falsche Anmeldedaten'),
(33705, 18, 560, 'app', 'Nein'),
(33706, 18, 561, 'app', 'Jetzt verfügbar'),
(33707, 18, 562, 'app', 'bereits in den Warenkorb gelegt'),
(33708, 18, 563, 'app', 'E-Mail bereits benutzt oder ungültig UnableTo Konto erstellen'),
(33709, 18, 564, 'app', 'keine Artikel im Warenkorb'),
(33710, 18, 565, 'app', 'Gast'),
(33711, 18, 566, 'app', 'Benutzer'),
(33712, 18, 567, 'app', 'Zahlung'),
(33713, 18, 569, 'app', 'Peter Srinivas'),
(33714, 18, 570, 'app', 'Neues Kennwort'),
(33715, 18, 576, 'app', 'bestellt On'),
(33716, 18, 580, 'app', 'Angebot Artikel'),
(33717, 18, 581, 'app', 'keine Artikel verfügbar'),
(33718, 18, 582, 'app', 'machen Zahlung'),
(33719, 18, 583, 'app', 'Bezahlverfahren'),
(33720, 18, 594, 'app', 'facebook Api'),
(33721, 18, 595, 'app', 'Google Api'),
(33722, 18, 596, 'app', 'Zahlungsart'),
(33723, 18, 597, 'app', 'Streifen'),
(33724, 18, 598, 'app', 'Kartennummer'),
(33725, 18, 599, 'app', 'Haltbarkeitsdatum'),
(33726, 18, 600, 'app', 'Monat'),
(33727, 18, 601, 'app', 'Jahr'),
(33728, 18, 602, 'app', 'cvc'),
(33729, 18, 603, 'app', 'gehen Sie zu zahlen'),
(33730, 18, 604, 'app', 'alle'),
(33731, 18, 605, 'app', 'veg'),
(33732, 18, 606, 'app', 'nicht vegetarisch'),
(33733, 18, 607, 'app', 'andere'),
(33734, 18, 608, 'app', 'Passwort erfolgreich geändert'),
(33735, 18, 609, 'app', 'Registrierung erfolgreich abgeschlossen Aktivierung Mail verschickt'),
(33736, 18, 610, 'app', 'Konto ist inaktiv'),
(33737, 18, 611, 'app', 'Artikel in den Warenkorb gelegt'),
(33738, 18, 612, 'app', 'Menge'),
(33739, 18, 632, 'app', ' Abgeschlossene Registrierung erfolgreich Passwort Gesendet an E-Mail'),
(33740, 18, 642, 'app', ' sparen'),
(33741, 18, 643, 'app', ' Artikel Addons'),
(33742, 18, 644, 'app', ' keine Addons verfügbar'),
(33743, 18, 645, 'app', ' Artikel Größen'),
(33744, 18, 646, 'app', ' Passen Sie Ihre Artikel'),
(33745, 18, 647, 'app', ' kein Artikel Größen vorhanden'),
(33746, 18, 648, 'app', ' Kontakt Informationen'),
(33747, 18, 649, 'app', 'neue hinzufügen'),
(33748, 18, 650, 'app', ' gespeicherte Adressen'),
(33749, 18, 651, 'app', 'Öffnungszeiten'),
(33750, 18, 652, 'app', 'Schließzeiten'),
(33751, 18, 653, 'app', 'Größen'),
(33752, 18, 654, 'app', 'Addons'),
(33753, 18, 655, 'app', 'gelöscht'),
(33754, 18, 656, 'app', ' Wählen Sie mindestens ein Artikel nur dann, Addons GILT'),
(33755, 18, 657, 'app', ' Artikel'),
(33756, 18, 658, 'app', ' Adresse hinzufügen'),
(33757, 18, 659, 'app', '  Adresse bearbeiten'),
(33758, 18, 660, 'app', ' knusprige Restaurant nicht verfügbar Ausgewählte Zeit'),
(33759, 18, 661, 'app', ' wählen Sie Adresse'),
(33760, 18, 662, 'app', 'ungültige Karte'),
(33761, 18, 663, 'app', 'stornieren'),
(33762, 18, 664, 'app', ' erledigt'),
(33763, 18, 665, 'app', 'knackig'),
(33764, 18, 666, 'app', ' knusprige App für Restaurant'),
(33765, 18, 667, 'app', ' restaruant Timings'),
(33766, 18, 668, 'app', 'OK'),
(33767, 18, 669, 'app', ' Durch Crunchy Konto abgebucht'),
(33768, 18, 670, 'app', 'knusprige Konto'),
(33769, 18, 671, 'app', 'mein Profil'),
(33770, 18, 672, 'app', 'Neue Adresse hinzufügen'),
(33771, 18, 673, 'app', 'Ist knackig Restaurant derzeit geschlossen'),
(37624, 1, 5, 'web', 'Master Settings'),
(37625, 1, 6, 'web', 'Dashboard'),
(37626, 1, 12, 'web', 'Home'),
(37627, 1, 14, 'web', 'Pages'),
(37628, 1, 15, 'web', 'Sample'),
(37629, 1, 17, 'web', 'Name'),
(37630, 1, 18, 'web', 'Description'),
(37631, 1, 19, 'web', 'Status'),
(37632, 1, 20, 'web', 'Action'),
(37633, 1, 21, 'web', 'Add'),
(37634, 1, 23, 'web', 'Update'),
(37635, 1, 24, 'web', 'Edit'),
(37636, 1, 26, 'web', 'Text'),
(37637, 1, 27, 'web', 'Select'),
(37638, 1, 29, 'web', 'Title'),
(37639, 1, 30, 'web', 'Start Date'),
(37640, 1, 31, 'web', 'Expiry Date'),
(37641, 1, 32, 'web', 'Date Created'),
(37642, 1, 33, 'web', 'Photo'),
(37643, 1, 35, 'web', 'Language'),
(37644, 1, 36, 'web', 'Close'),
(37645, 1, 37, 'web', 'Delete'),
(37646, 1, 38, 'web', 'Are you sure you want to delete '),
(37647, 1, 39, 'web', 'Yes'),
(37648, 1, 40, 'web', 'No'),
(37649, 1, 41, 'web', 'Phrase'),
(37650, 1, 44, 'web', 'Keywords'),
(37651, 1, 45, 'web', 'Dynamic Pages'),
(37652, 1, 46, 'web', 'Is Bottom'),
(37653, 1, 47, 'web', 'Sort Order'),
(37654, 1, 49, 'web', 'Faqs'),
(37655, 1, 52, 'web', 'Settings'),
(37656, 1, 53, 'web', 'Site'),
(37657, 1, 55, 'web', 'Social Network Settings'),
(37658, 1, 56, 'web', 'Email settings'),
(37659, 1, 58, 'web', 'Host'),
(37660, 1, 59, 'web', 'Email'),
(37661, 1, 60, 'web', 'Password'),
(37662, 1, 61, 'web', 'Port'),
(37663, 1, 63, 'web', 'Address'),
(37664, 1, 64, 'web', 'City'),
(37665, 1, 65, 'web', 'State'),
(37666, 1, 67, 'web', 'PIN Code'),
(37667, 1, 68, 'web', 'Phone'),
(37668, 1, 69, 'web', 'Land line'),
(37669, 1, 70, 'web', 'Fax'),
(37670, 1, 71, 'web', 'Contact Email'),
(37671, 1, 72, 'web', 'Select Language'),
(37672, 1, 74, 'web', 'Design By'),
(37673, 1, 75, 'web', 'Rights Reserved'),
(37674, 1, 76, 'web', ' Site logo'),
(37675, 1, 78, 'web', 'App Settings'),
(37676, 1, 80, 'web', 'Contact us'),
(37677, 1, 81, 'web', 'Mobile'),
(37678, 1, 82, 'web', 'Message'),
(37679, 1, 83, 'web', 'Submit'),
(37680, 1, 84, 'web', 'About us'),
(37681, 1, 86, 'web', 'Digi'),
(37682, 1, 89, 'web', 'Previous'),
(37683, 1, 90, 'web', 'Next'),
(37684, 1, 93, 'web', 'Language Settings'),
(37685, 1, 98, 'web', 'List Languages'),
(37686, 1, 99, 'web', 'Add Phrase'),
(37687, 1, 100, 'web', 'Add Language'),
(37688, 1, 101, 'web', 'How it works'),
(37689, 1, 102, 'web', 'Terms and Conditions'),
(37690, 1, 103, 'web', 'Privacy and Policy'),
(37691, 1, 105, 'web', 'Email Settings'),
(37692, 1, 109, 'web', 'Powered By'),
(37693, 1, 110, 'web', 'No Data Available'),
(37694, 1, 112, 'web', 'Active'),
(37695, 1, 113, 'web', 'Inactive'),
(37696, 1, 123, 'web', 'Phrase Required'),
(37697, 1, 124, 'web', 'Languages'),
(37698, 1, 125, 'web', 'Phrases'),
(37699, 1, 126, 'web', 'Update Phrases'),
(37700, 1, 127, 'web', 'Select validity for new'),
(37701, 1, 140, 'web', 'App settings'),
(37702, 1, 141, 'web', 'Enable'),
(37703, 1, 142, 'web', 'Disable'),
(37704, 1, 152, 'web', 'Validate for new required'),
(37705, 1, 177, 'web', 'Bottom'),
(37706, 1, 180, 'web', 'Cancel'),
(37707, 1, 182, 'web', 'Change Password'),
(37708, 1, 183, 'web', 'Logout'),
(37709, 1, 184, 'web', 'Old Password'),
(37710, 1, 185, 'web', 'New Password'),
(37711, 1, 186, 'web', 'Confirm New Password'),
(37712, 1, 187, 'web', 'Old'),
(37713, 1, 191, 'web', 'Profile'),
(37714, 1, 192, 'web', 'Password and Confirm Password Does Not Match'),
(37715, 1, 193, 'web', 'Personal Details'),
(37716, 1, 194, 'web', 'First name'),
(37717, 1, 195, 'web', 'Last name'),
(37718, 1, 196, 'web', 'Please Enter Letters Only'),
(37719, 1, 197, 'web', 'Please Enter Numbers Only'),
(37720, 1, 201, 'web', 'Toggle Navigation'),
(37721, 1, 202, 'web', 'Prev'),
(37722, 1, 210, 'web', 'Contact Us'),
(37723, 1, 212, 'web', 'All'),
(37724, 1, 213, 'web', 'Will be updated soon'),
(37725, 1, 214, 'web', 'Contact No'),
(37726, 1, 215, 'web', 'New'),
(37727, 1, 216, 'web', 'End Date'),
(37728, 1, 217, 'web', 'Start Date'),
(37729, 1, 218, 'web', 'Showing'),
(37730, 1, 225, 'web', 'Edit Language'),
(37731, 1, 226, 'web', 'Language Name'),
(37732, 1, 227, 'web', 'Edit Phrase'),
(37733, 1, 228, 'web', 'Edit Phrases'),
(37734, 1, 231, 'web', 'How it works'),
(37735, 1, 235, 'web', 'Site Title'),
(37736, 1, 238, 'web', 'Edit Faq'),
(37737, 1, 239, 'web', 'Add Faq'),
(37738, 1, 241, 'web', 'Showing 1 - 10 Of'),
(37739, 1, 242, 'web', 'Remember me'),
(37740, 1, 243, 'web', 'Login'),
(37741, 1, 244, 'web', 'Email Template Settings'),
(37742, 1, 245, 'web', 'Edit Email Template'),
(37743, 1, 246, 'web', 'Email Template'),
(37744, 1, 247, 'web', 'Subject'),
(37745, 1, 251, 'web', 'Site logo'),
(37746, 1, 254, 'web', 'Android url'),
(37747, 1, 255, 'web', 'IOS URL'),
(37748, 1, 256, 'web', 'Invalid file format'),
(37749, 1, 257, 'web', 'Updated Successfully'),
(37750, 1, 258, 'web', 'Posted on'),
(37751, 1, 261, 'web', 'View More'),
(37752, 1, 262, 'web', 'Change Language'),
(37753, 1, 263, 'web', 'Language Changed Successfully'),
(37754, 1, 265, 'web', 'Posted'),
(37755, 1, 266, 'web', 'Ago'),
(37756, 1, 267, 'web', 'Mandrill Key'),
(37757, 1, 268, 'web', 'Api Key'),
(37758, 1, 269, 'web', 'Web mail'),
(37759, 1, 270, 'web', ' Mandrill'),
(37760, 1, 271, 'web', 'Mandrill'),
(37761, 1, 272, 'web', 'View All'),
(37762, 1, 276, 'web', 'Reset'),
(37763, 1, 279, 'web', 'Items'),
(37764, 1, 280, 'web', 'Add Item'),
(37765, 1, 281, 'web', 'Edit Item'),
(37766, 1, 282, 'web', 'View Items'),
(37767, 1, 283, 'web', 'Item Name'),
(37768, 1, 284, 'web', 'Item Cost'),
(37769, 1, 285, 'web', 'Item Image'),
(37770, 1, 286, 'web', 'Change Image'),
(37771, 1, 287, 'web', 'Offers'),
(37772, 1, 288, 'web', 'Create Offer'),
(37773, 1, 289, 'web', 'View Offer'),
(37774, 1, 290, 'web', 'View Offers'),
(37775, 1, 291, 'web', 'Offer Name'),
(37776, 1, 292, 'web', 'Offer Cost'),
(37777, 1, 293, 'web', 'Offer Start Date'),
(37778, 1, 294, 'web', 'Offer End Date'),
(37779, 1, 295, 'web', 'Edit Offer'),
(37780, 1, 296, 'web', 'Offer Valid Date'),
(37781, 1, 297, 'web', 'Offer Condition'),
(37782, 1, 298, 'web', 'Offer Image'),
(37783, 1, 299, 'web', 'Offer Conditions'),
(37784, 1, 300, 'web', 'Quantity'),
(37785, 1, 301, 'web', 'Add/Remove'),
(37786, 1, 302, 'web', 'Add/ Remove'),
(37787, 1, 303, 'web', 'No of Items'),
(37788, 1, 304, 'web', 'Latest Offers'),
(37789, 1, 305, 'web', 'Serve No Of People'),
(37790, 1, 312, 'web', 'Gallery'),
(37791, 1, 313, 'web', 'Alt Text'),
(37792, 1, 314, 'web', 'Image'),
(37793, 1, 315, 'web', 'Add Gallery'),
(37794, 1, 316, 'web', 'Alt Text Required'),
(37795, 1, 318, 'web', 'Paypal Settings'),
(37796, 1, 319, 'web', 'PayPal Environment Production'),
(37797, 1, 320, 'web', 'PayPal Environment Sandbox'),
(37798, 1, 321, 'web', 'Merchant Name'),
(37799, 1, 322, 'web', 'Merchant Privacy Policy URL'),
(37800, 1, 323, 'web', 'Merchant User Agreement URL'),
(37801, 1, 324, 'web', 'Currency'),
(37802, 1, 325, 'web', 'Account type'),
(37803, 1, 326, 'web', 'Logo Image'),
(37804, 1, 327, 'web', 'Paypal Environment Production'),
(37805, 1, 328, 'web', 'Paypal Environment Sandbox'),
(37806, 1, 329, 'web', 'Merchant Name'),
(37807, 1, 330, 'web', 'Merchant Privacy Policy URL'),
(37808, 1, 331, 'web', 'Merchant User Agreement URL'),
(37809, 1, 332, 'web', 'Currency Symbol'),
(37810, 1, 339, 'web', 'Invalid file'),
(37811, 1, 340, 'web', 'Added Sucessfully'),
(37812, 1, 341, 'web', 'Unable to Add'),
(37813, 1, 342, 'web', 'Unable to Update'),
(37814, 1, 343, 'web', 'Could Not Found The Record'),
(37815, 1, 344, 'web', 'Deleted Successfully'),
(37816, 1, 345, 'web', 'Unable to Delete'),
(37817, 1, 354, 'web', 'Product count'),
(37818, 1, 355, 'web', 'Valid Date Must Be Greater Than Start Date'),
(37819, 1, 356, 'web', 'Invalid Operation'),
(37820, 1, 365, 'web', 'Select Item'),
(37821, 1, 366, 'web', 'No Items Available'),
(37822, 1, 367, 'web', 'Orders'),
(37823, 1, 368, 'web', 'New Orders'),
(37824, 1, 369, 'web', 'Under Process Orders'),
(37825, 1, 370, 'web', 'Delivered Orders'),
(37826, 1, 371, 'web', 'Cancelled Orders'),
(37827, 1, 372, 'web', 'Order No'),
(37828, 1, 373, 'web', 'Order Date'),
(37829, 1, 374, 'web', 'Order Time'),
(37830, 1, 375, 'web', 'Order Cost'),
(37831, 1, 376, 'web', 'Customer Name'),
(37832, 1, 378, 'web', 'Order Details'),
(37833, 1, 379, 'web', 'Booked Date'),
(37834, 1, 380, 'web', 'Land Mark'),
(37835, 1, 381, 'web', 'Pincode'),
(37836, 1, 382, 'web', 'Order Update'),
(37837, 1, 383, 'web', 'Update Order Status'),
(37838, 1, 384, 'web', 'Details Not Found'),
(37839, 1, 385, 'web', 'Process'),
(37840, 1, 386, 'web', 'Delivered'),
(37841, 1, 387, 'web', 'Cancelled'),
(37842, 1, 388, 'web', 'No Products Available'),
(37843, 1, 389, 'web', 'Item quantity'),
(37844, 1, 391, 'web', 'Added Successfully'),
(37845, 1, 392, 'web', 'Invalid Credentials'),
(37846, 1, 393, 'web', 'Site Name'),
(37847, 1, 394, 'web', 'Users'),
(37848, 1, 395, 'web', 'Logout Successfully'),
(37849, 1, 396, 'web', 'Latest Orders'),
(37850, 1, 397, 'web', 'User Details'),
(37851, 1, 398, 'web', 'Add Atleast One Item'),
(37852, 1, 400, 'web', 'Party Size'),
(37853, 1, 401, 'web', 'Session'),
(37854, 1, 402, 'web', 'Date Of Booking'),
(37855, 1, 404, 'web', 'Uploaded Successfully'),
(37856, 1, 405, 'web', 'Upload App files'),
(37857, 1, 408, 'web', 'Select Currency'),
(37858, 1, 409, 'web', 'Welcome'),
(37859, 1, 410, 'web', 'Admin'),
(37860, 1, 411, 'web', 'Menu'),
(37861, 1, 412, 'web', 'Add Menu'),
(37862, 1, 413, 'web', 'View Menu'),
(37863, 1, 414, 'web', 'Menu Name'),
(37864, 1, 415, 'web', 'Punch Line'),
(37865, 1, 416, 'web', 'Required'),
(37866, 1, 417, 'web', 'Menu Image'),
(37867, 1, 418, 'web', 'Edit Menu'),
(37868, 1, 419, 'web', 'Item Type'),
(37869, 1, 420, 'web', 'Location Master'),
(37870, 1, 422, 'web', 'States'),
(37871, 1, 423, 'web', 'Cities'),
(37872, 1, 424, 'web', 'Service Delivery Locations'),
(37873, 1, 425, 'web', 'State Name'),
(37874, 1, 426, 'web', 'Upload Excel'),
(37875, 1, 427, 'web', 'City Name'),
(37876, 1, 428, 'web', 'Locality Name'),
(37877, 1, 429, 'web', 'Click here to Download sample file'),
(37878, 1, 430, 'web', 'Upload Excel File'),
(37879, 1, 431, 'web', 'File'),
(37880, 1, 432, 'web', 'Email Templates'),
(37881, 1, 433, 'web', 'Registration'),
(37882, 1, 434, 'web', 'Registration Completed Successfully Activation Email Sent'),
(37883, 1, 435, 'web', 'Login Success'),
(37884, 1, 436, 'web', 'Country'),
(37885, 1, 437, 'web', 'Reset Password'),
(37886, 1, 438, 'web', 'Longitude'),
(37887, 1, 439, 'web', 'Latitude'),
(37888, 1, 440, 'web', 'Please Login'),
(37889, 1, 441, 'web', 'Unauthorised User'),
(37890, 1, 442, 'web', 'Already Existed'),
(37891, 1, 443, 'web', 'Add Service Delivery Location'),
(37892, 1, 444, 'web', 'Edit Service Delivery Locations'),
(37893, 1, 445, 'web', 'Add State'),
(37894, 1, 446, 'web', 'Edit State'),
(37895, 1, 447, 'web', 'Upload States'),
(37896, 1, 448, 'web', 'Add City'),
(37897, 1, 449, 'web', 'Edit City'),
(37898, 1, 450, 'web', 'Upload Cities'),
(37899, 1, 453, 'web', 'Language Code'),
(37900, 1, 454, 'web', 'Phrase Type'),
(37901, 1, 458, 'web', 'Change Password'),
(37902, 1, 459, 'web', 'List Phrases'),
(37903, 1, 461, 'web', 'Update App Phrases'),
(37904, 1, 462, 'web', 'Update Web Phrases'),
(37905, 1, 467, 'web', 'New Password'),
(37906, 1, 568, 'web', 'Please Enter Email and Password'),
(37907, 1, 571, 'web', 'Test Web Phrase'),
(37908, 1, 572, 'web', 'Edit Web Phrases'),
(37909, 1, 573, 'web', 'Edit App Phrases'),
(37910, 1, 574, 'web', 'State Id'),
(37911, 1, 575, 'web', 'Please Upload Only jpg|jpeg|png'),
(37912, 1, 577, 'web', 'Veg'),
(37913, 1, 578, 'web', 'Non Veg'),
(37914, 1, 579, 'web', 'Other'),
(37915, 1, 584, 'web', 'Offer Details'),
(37916, 1, 585, 'web', 'You Cannot Delete This State Cause Cities Exist Under It'),
(37917, 1, 586, 'web', 'You Cannot Delete Cities Cause Delivered Location Exist Under It '),
(37918, 1, 587, 'web', 'Edit Gallery'),
(37919, 1, 588, 'web', 'Test  Web Phrase'),
(37920, 1, 589, 'web', 'Transaction id'),
(37921, 1, 590, 'web', 'Payment Type'),
(37922, 1, 591, 'web', 'Payment Status'),
(37923, 1, 592, 'web', 'Facebook API'),
(37924, 1, 593, 'web', 'Google API'),
(37925, 1, 613, 'web', 'Paid Amount'),
(37926, 1, 614, 'web', 'Is Deleted'),
(37927, 1, 615, 'web', 'Reason'),
(37928, 1, 616, 'web', 'Deleted Item From Order'),
(37929, 1, 617, 'web', 'Addon'),
(37930, 1, 618, 'web', 'Addons'),
(37931, 1, 619, 'web', 'View Addons'),
(37932, 1, 620, 'web', 'Add Addon'),
(37933, 1, 621, 'web', 'Edit Addon'),
(37934, 1, 622, 'web', 'Options'),
(37935, 1, 623, 'web', 'Add Option'),
(37936, 1, 624, 'web', 'View Options'),
(37937, 1, 625, 'web', 'Edit Option'),
(37938, 1, 626, 'web', 'Price Prefix'),
(37939, 1, 627, 'web', 'Price'),
(37940, 1, 628, 'web', 'Order Items'),
(37941, 1, 629, 'web', 'Order Addons'),
(37942, 1, 630, 'web', 'Total'),
(37943, 1, 631, 'web', 'Deleted Addon From Order'),
(37944, 1, 633, 'web', 'Restaurant Timings'),
(37945, 1, 634, 'web', 'From'),
(37946, 1, 635, 'web', 'To'),
(37947, 1, 636, 'web', 'From Time'),
(37948, 1, 637, 'web', 'To Time'),
(37949, 1, 638, 'web', 'Normal'),
(37950, 1, 639, 'web', 'User Activated'),
(37951, 1, 640, 'web', 'User Deactivated'),
(37952, 1, 641, 'web', 'Wrong Operation'),
(37953, 1, 676, 'web', 'sms gateways'),
(37954, 1, 677, 'web', 'sms gateway name'),
(37955, 1, 678, 'web', 'is default'),
(37956, 1, 679, 'web', 'add sms gateway'),
(37957, 1, 680, 'web', 'fields'),
(37958, 1, 681, 'web', 'add field'),
(37959, 1, 682, 'web', 'field name'),
(37960, 1, 683, 'web', 'value'),
(37961, 1, 684, 'web', 'is required'),
(37962, 1, 685, 'web', 'Push Notifications'),
(37963, 1, 686, 'web', 'gcm app id'),
(37964, 1, 687, 'web', 'FCM server api key'),
(37965, 1, 688, 'web', 'gcm status'),
(37966, 1, 689, 'web', 'restaurant timings'),
(37967, 1, 690, 'web', 'notifications'),
(37968, 1, 691, 'web', 'sms notifications'),
(37969, 1, 692, 'web', 'push notifications'),
(37970, 1, 693, 'web', 'country code'),
(37971, 1, 694, 'web', 'list notifications'),
(37972, 1, 695, 'web', 'send notification'),
(37973, 1, 696, 'web', 'created on'),
(37974, 1, 697, 'web', 'save & send'),
(37975, 1, 698, 'web', 'resend'),
(37976, 1, 699, 'web', 'are you sure to resend'),
(37977, 1, 700, 'web', 'no of success'),
(37978, 1, 701, 'web', 'no of failures'),
(37979, 1, 702, 'web', 'last sent'),
(37980, 1, 703, 'web', 'no of times sent'),
(37981, 1, 704, 'web', 'sms templates'),
(37982, 1, 705, 'web', 'sms template'),
(37983, 1, 706, 'web', 'item deleted and sms sent successfully'),
(37984, 1, 707, 'web', 'item deleted but sms sent failed'),
(37985, 1, 708, 'web', 'updated and sms sent successfully'),
(37986, 1, 709, 'web', 'updated but sms sent failed'),
(37987, 1, 715, 'web', 'Update Version'),
(37988, 1, 718, 'web', 'no devices found'),
(37989, 1, 719, 'web', 'option name'),
(37990, 1, 720, 'web', 'customers'),
(37991, 1, 721, 'web', 'one signal server api key'),
(37992, 1, 722, 'web', 'one signal app id'),
(37993, 1, 723, 'web', 'loyality points'),
(37994, 1, 724, 'web', 'point settings'),
(37995, 1, 725, 'web', 'user reward points'),
(37996, 1, 726, 'web', 'points logs'),
(37997, 1, 727, 'web', 'points label redeem placeholder'),
(37998, 1, 728, 'web', 'points label earn'),
(37999, 1, 729, 'web', 'points label template'),
(38000, 1, 730, 'web', 'maximum earning points for customer'),
(38001, 1, 731, 'web', 'points earn apply only on the following payment option'),
(38002, 1, 732, 'web', 'cash on delivery'),
(38003, 1, 733, 'web', 'paypal'),
(38004, 1, 734, 'web', 'stripe'),
(38005, 1, 735, 'web', 'earning points conversion settings'),
(38006, 1, 736, 'web', 'earning point'),
(38007, 1, 737, 'web', 'earning point value in R$'),
(38008, 1, 738, 'web', 'redeeming points conversion settings'),
(38009, 1, 739, 'web', 'redeeming point'),
(38010, 1, 740, 'web', 'redeeming point value in R$'),
(38011, 1, 741, 'web', 'disabled redeeming'),
(38012, 1, 742, 'web', 'points earned for actions'),
(38013, 1, 743, 'web', 'reward points for account signup'),
(38014, 1, 744, 'web', 'reward points for restaurant review'),
(38015, 1, 745, 'web', 'reward points for first order'),
(38016, 1, 746, 'web', 'reward points for sharing app'),
(38017, 1, 747, 'web', 'points expiry'),
(38018, 1, 748, 'web', 'points expire at the end of the next year after you earned them'),
(38019, 1, 749, 'web', 'points never expire'),
(38020, 1, 750, 'web', 'minimum points can be used'),
(38021, 1, 751, 'web', 'maximum points can be used'),
(38022, 1, 752, 'web', 'enabled points system?'),
(38023, 1, 753, 'web', 'coupons'),
(38024, 1, 754, 'web', 'create coupon'),
(38025, 1, 755, 'web', 'edit coupon'),
(38026, 1, 756, 'web', 'coupon code'),
(38027, 1, 757, 'web', 'minimum purchased amount'),
(38028, 1, 758, 'web', 'discount type'),
(38029, 1, 759, 'web', 'discount value'),
(38030, 1, 760, 'web', 'valid start date'),
(38031, 1, 761, 'web', 'valid end date'),
(38032, 1, 762, 'web', 'max no of times usage per user'),
(38033, 1, 763, 'web', 'please select at least one record'),
(38034, 1, 764, 'web', 'merchant key'),
(38035, 1, 765, 'web', 'salt'),
(38036, 1, 766, 'web', 'live URL'),
(38037, 1, 767, 'web', 'test URL'),
(38038, 1, 768, 'web', 'payu settings'),
(38039, 1, 769, 'web', 'MSG DEACTIVATED'),
(38040, 1, 770, 'web', 'MSG ACTIVATED'),
(38041, 1, 771, 'web', 'MSG WRONG OPERATION'),
(38042, 1, 772, 'web', 'duplicate'),
(38043, 1, 773, 'web', 'activate'),
(38044, 1, 774, 'web', 'de activate'),
(38045, 1, 775, 'web', 'Customer Details'),
(38050, 1, 463, 'app', 'Change Password'),
(38051, 1, 464, 'app', 'Menu'),
(38052, 1, 465, 'app', 'Login'),
(38053, 1, 468, 'app', 'Confirm New Password'),
(38054, 1, 469, 'app', 'Forgot Password'),
(38055, 1, 470, 'app', 'Email Address'),
(38056, 1, 471, 'app', 'Send'),
(38057, 1, 472, 'app', 'Don''t worry ! Just fill in your email and we will help you reset your password'),
(38058, 1, 473, 'app', 'Enter Email'),
(38059, 1, 474, 'app', 'Password'),
(38060, 1, 475, 'app', 'Sign in'),
(38061, 1, 476, 'app', 'OR'),
(38062, 1, 477, 'app', 'New User?'),
(38063, 1, 478, 'app', 'Sign Up Here'),
(38064, 1, 479, 'app', 'Sign Up'),
(38065, 1, 480, 'app', 'I Accept'),
(38066, 1, 481, 'app', 'Register'),
(38067, 1, 482, 'app', 'First Name'),
(38068, 1, 483, 'app', 'Last Name'),
(38069, 1, 484, 'app', 'Email'),
(38070, 1, 485, 'app', 'Phone Number'),
(38071, 1, 486, 'app', 'Terms and Conditions'),
(38072, 1, 487, 'app', 'Reset Password'),
(38073, 1, 488, 'app', 'Confirm Password'),
(38074, 1, 489, 'app', 'Submit'),
(38075, 1, 490, 'app', 'About Us'),
(38076, 1, 491, 'app', 'Version'),
(38077, 1, 492, 'app', 'Address'),
(38078, 1, 493, 'app', 'Cart List'),
(38079, 1, 494, 'app', 'Cost'),
(38080, 1, 495, 'app', 'Add Items'),
(38081, 1, 496, 'app', 'Total Cost '),
(38082, 1, 497, 'app', 'Order'),
(38083, 1, 498, 'app', 'Change Language'),
(38084, 1, 499, 'app', 'Select Language'),
(38085, 1, 500, 'app', 'English'),
(38086, 1, 501, 'app', 'Chinese'),
(38087, 1, 502, 'app', 'By Your Mood Or Preference'),
(38088, 1, 503, 'app', 'Edit Profile'),
(38089, 1, 504, 'app', 'City'),
(38090, 1, 505, 'app', 'State'),
(38091, 1, 506, 'app', 'Pincode'),
(38092, 1, 507, 'app', 'Land Mark'),
(38093, 1, 508, 'app', 'Update'),
(38094, 1, 509, 'app', 'Place Order'),
(38095, 1, 510, 'app', 'Mobile Number'),
(38096, 1, 511, 'app', 'Location'),
(38097, 1, 512, 'app', 'House number / name'),
(38098, 1, 513, 'app', 'Apartment/LocalityName'),
(38099, 1, 514, 'app', 'Address other(optional)'),
(38100, 1, 515, 'app', 'Select Date'),
(38101, 1, 516, 'app', 'Date'),
(38102, 1, 517, 'app', 'Time'),
(38103, 1, 518, 'app', 'Select Title'),
(38104, 1, 519, 'app', 'Online Payment'),
(38105, 1, 520, 'app', 'Cash On Deliver'),
(38106, 1, 521, 'app', 'Proceed'),
(38107, 1, 522, 'app', 'All Time Favourites'),
(38108, 1, 523, 'app', 'Welcome'),
(38109, 1, 524, 'app', 'Offers'),
(38110, 1, 525, 'app', 'Order History'),
(38111, 1, 526, 'app', 'Share To Friends'),
(38112, 1, 527, 'app', 'Rate Us On The Play Store'),
(38113, 1, 528, 'app', 'Sign Out'),
(38114, 1, 529, 'app', 'Offers Available'),
(38115, 1, 530, 'app', 'Valid From'),
(38116, 1, 531, 'app', 'Valid To'),
(38117, 1, 532, 'app', 'No Of Persons'),
(38118, 1, 533, 'app', 'No Of Products'),
(38119, 1, 534, 'app', 'Discount'),
(38120, 1, 535, 'app', 'Order Items'),
(38121, 1, 536, 'app', 'Your Orders'),
(38122, 1, 537, 'app', 'Current Password'),
(38123, 1, 538, 'app', 'No Of Items'),
(38124, 1, 539, 'app', 'No Orders Found'),
(38125, 1, 540, 'app', 'Payment Status'),
(38126, 1, 541, 'app', 'Your Payment Status Is'),
(38127, 1, 542, 'app', 'Successful'),
(38128, 1, 543, 'app', 'Your Payment Of Amount'),
(38129, 1, 544, 'app', 'Has Been Successfully Processed'),
(38130, 1, 545, 'app', 'Select City'),
(38131, 1, 546, 'app', 'Search'),
(38132, 1, 547, 'app', 'Select Location'),
(38133, 1, 548, 'app', 'Description'),
(38134, 1, 549, 'app', 'View Cart'),
(38135, 1, 550, 'app', 'Terms'),
(38136, 1, 551, 'app', 'My Account'),
(38137, 1, 552, 'app', 'Timed Out Error'),
(38138, 1, 553, 'app', 'Check Network Connection'),
(38139, 1, 554, 'app', 'Validating User...'),
(38140, 1, 555, 'app', 'Password Not Match'),
(38141, 1, 556, 'app', 'Sign out successfully'),
(38142, 1, 557, 'app', 'Specify Date'),
(38143, 1, 558, 'app', 'Specify Time'),
(38144, 1, 559, 'app', 'Incorrect Login'),
(38145, 1, 560, 'app', 'No'),
(38146, 1, 561, 'app', 'Available Now'),
(38147, 1, 562, 'app', 'Already Added To Cart'),
(38148, 1, 563, 'app', 'Email Already Used Or Invalid UnableToCreateAccount'),
(38149, 1, 564, 'app', 'No Items In Your Cart'),
(38150, 1, 565, 'app', 'Guest'),
(38151, 1, 566, 'app', 'User'),
(38152, 1, 567, 'app', 'Payment'),
(38153, 1, 569, 'app', 'Peter Srinivas'),
(38154, 1, 570, 'app', 'New Password'),
(38155, 1, 576, 'app', 'Ordered on'),
(38156, 1, 580, 'app', 'Offer Items'),
(38157, 1, 581, 'app', 'No items available'),
(38158, 1, 582, 'app', 'Make Payment'),
(38159, 1, 583, 'app', 'Payment Method'),
(38160, 1, 594, 'app', 'Facebook Api'),
(38161, 1, 595, 'app', 'Google Api'),
(38162, 1, 596, 'app', 'Payment Type'),
(38163, 1, 597, 'app', 'Stripe'),
(38164, 1, 598, 'app', 'Card Number'),
(38165, 1, 599, 'app', 'Expiration Date'),
(38166, 1, 600, 'app', 'Month'),
(38167, 1, 601, 'app', 'Year'),
(38168, 1, 602, 'app', 'CVC'),
(38169, 1, 603, 'app', 'Proceed To Pay'),
(38170, 1, 604, 'app', 'All'),
(38171, 1, 605, 'app', 'Veg'),
(38172, 1, 606, 'app', 'Non-Veg'),
(38173, 1, 607, 'app', 'Other'),
(38174, 1, 608, 'app', 'Password Successfully Changed'),
(38175, 1, 609, 'app', 'Registration Completed Successfully Activation Mail Sent'),
(38176, 1, 610, 'app', 'Account is inactive'),
(38177, 1, 611, 'app', 'Item Added to Cart'),
(38178, 1, 612, 'app', 'Quantity'),
(38179, 1, 632, 'app', 'Registration Completed Successfully Password Sent To Email'),
(38180, 1, 642, 'app', ' Save'),
(38181, 1, 643, 'app', 'Item Addons'),
(38182, 1, 644, 'app', 'No Addons Available'),
(38183, 1, 645, 'app', 'Item Sizes'),
(38184, 1, 646, 'app', 'Customize Your Item'),
(38185, 1, 647, 'app', 'No Item Sizes Available'),
(38186, 1, 648, 'app', 'Contact Information'),
(38187, 1, 649, 'app', 'Add New'),
(38188, 1, 650, 'app', 'Saved Addresses'),
(38189, 1, 651, 'app', 'Opening Hours'),
(38190, 1, 652, 'app', 'Closing Hours'),
(38191, 1, 653, 'app', 'Sizes'),
(38192, 1, 654, 'app', 'Addons'),
(38193, 1, 655, 'app', 'Deleted'),
(38194, 1, 656, 'app', 'Select Minimum One Item Then Only Addons Will Apply'),
(38195, 1, 657, 'app', 'Items'),
(38196, 1, 658, 'app', 'Add Address'),
(38197, 1, 659, 'app', 'Edit Address'),
(38198, 1, 660, 'app', 'Crunchy Restaurant Not Available On Selected Time'),
(38199, 1, 661, 'app', 'Select Address'),
(38200, 1, 662, 'app', 'Invalid Card'),
(38201, 1, 663, 'app', 'Cancel'),
(38202, 1, 664, 'app', 'Done'),
(38203, 1, 665, 'app', 'Crunchy'),
(38204, 1, 666, 'app', 'Crunchy App For Restaurant'),
(38205, 1, 667, 'app', 'Restaruant Timings'),
(38206, 1, 668, 'app', 'Ok'),
(38207, 1, 669, 'app', 'Debited Through Crunchy Account'),
(38208, 1, 670, 'app', 'Crunchy Account'),
(38209, 1, 671, 'app', 'My Profile'),
(38210, 1, 672, 'app', 'Add New Address'),
(38211, 1, 673, 'app', 'Crunchy Restaurant Is Currently Closed'),
(38212, 1, 674, 'app', 'Select Landmark'),
(38213, 1, 675, 'app', 'Street Name'),
(38214, 1, 710, 'app', 'registration completed successfully OTP sent to mobile'),
(38215, 1, 711, 'app', 'SMS notification template is not active,please contact admin'),
(38216, 1, 712, 'app', 'SMS notification is not enable,please contact admin'),
(38217, 1, 713, 'app', 'mobile no does not exists'),
(38218, 1, 714, 'app', 'forgot password email not found'),
(38219, 1, 716, 'app', 'Login success'),
(38220, 1, 717, 'app', 'Firstly,  add item to cart'),
(38221, 1, 776, 'app', 'New'),
(38222, 1, 777, 'app', 'Process'),
(38223, 1, 778, 'app', 'Delivered'),
(38224, 1, 779, 'app', 'Cancelled'),
(38225, 1, 780, 'web', 'payment through');

-- --------------------------------------------------------

--
-- Table structure for table `dn_offers`
--

CREATE TABLE IF NOT EXISTS `dn_offers` (
  `offer_id` int(11) NOT NULL AUTO_INCREMENT,
  `offer_name` varchar(50) NOT NULL,
  `offer_cost` decimal(10,2) NOT NULL,
  `offer_start_date` date NOT NULL,
  `offer_valid_date` date NOT NULL,
  `offer_conditions` varchar(100) NOT NULL,
  `serve_no_of_people` int(11) NOT NULL,
  `no_of_products` int(11) NOT NULL,
  `offer_image_name` varchar(50) NOT NULL,
  `date_of_offer_created` timestamp NOT NULL DEFAULT CURRENT_TIMESTAMP,
  `status` enum('Active','Inactive') NOT NULL DEFAULT 'Active',
  PRIMARY KEY (`offer_id`)
) ENGINE=InnoDB  DEFAULT CHARSET=latin1 AUTO_INCREMENT=30 ;

--
-- Dumping data for table `dn_offers`
--

INSERT INTO `dn_offers` (`offer_id`, `offer_name`, `offer_cost`, `offer_start_date`, `offer_valid_date`, `offer_conditions`, `serve_no_of_people`, `no_of_products`, `offer_image_name`, `date_of_offer_created`, `status`) VALUES
(19, 'Diwali', '1000.00', '2016-06-14', '2022-11-30', 'This is Offer will applicable till on 2022-11-30', 5, 6, 'offer_19.jpg', '2016-06-06 13:41:04', 'Active'),
(20, 'Dusshera', '1500.00', '2016-06-16', '2022-09-20', 'This Offer is applicable till on 2022-09-20', 6, 8, 'offer_20.jpg', '2016-06-06 13:47:07', 'Active'),
(21, 'Christmas Special Offer', '2000.00', '2016-06-20', '2022-12-25', 'This Offer is applicable till on 2022-12-25', 10, 8, 'offer_21.jpg', '2016-06-06 13:52:02', 'Active'),
(22, 'Sankranthi', '1200.00', '2016-06-24', '2022-01-26', 'This Offer is applicable Till on 2022-01-26', 7, 7, 'offer_22.jpg', '2016-06-06 13:56:17', 'Active'),
(23, 'Navratri', '2500.00', '2016-06-21', '2022-02-15', 'This offer is applicable till on 2022-02-15', 4, 6, 'offer_23.jpg', '2016-06-06 14:02:09', 'Active'),
(24, 'New Year', '1600.00', '2016-06-22', '2022-12-31', 'This Offer is Applicable to 2022-12-31', 12, 10, 'offer_24.jpg', '2016-06-06 14:05:05', 'Active'),
(25, 'Test Offer', '100.00', '2016-11-14', '2016-11-30', 'All conditions goes to here', 1, 5, 'offer_25.png', '2016-11-14 06:15:11', 'Active'),
(26, 'My Offer', '40.00', '2016-11-15', '2016-12-10', 'test', 2, 3, 'offer_26.jpg', '2016-11-15 09:55:08', 'Active'),
(27, 'Test Offer', '100.00', '2016-11-17', '2016-12-10', 'tsttttt', 2, 2, 'offer_27.jpg', '2016-11-17 06:44:56', 'Active'),
(28, 'New Year Offer', '200.00', '2016-11-17', '2017-01-02', 'Good', 2, 8, 'offer_28.jpg', '2016-11-17 07:29:01', 'Active'),
(29, 'December Damka', '300.00', '2016-11-28', '2017-05-23', 'Nice', 1, 4, 'offer_29.jpg', '2016-11-28 05:31:00', 'Active');

-- --------------------------------------------------------

--
-- Table structure for table `dn_offer_products`
--

CREATE TABLE IF NOT EXISTS `dn_offer_products` (
  `offer_product_id` int(11) NOT NULL AUTO_INCREMENT,
  `offer_id` int(11) NOT NULL,
  `menu_name` varchar(50) NOT NULL,
  `item_id` int(11) NOT NULL,
  `item_name` varchar(50) NOT NULL,
  `quantity` int(11) NOT NULL,
  PRIMARY KEY (`offer_product_id`),
  KEY `fk_offers` (`offer_id`)
) ENGINE=InnoDB  DEFAULT CHARSET=latin1 AUTO_INCREMENT=487 ;

--
-- Dumping data for table `dn_offer_products`
--

INSERT INTO `dn_offer_products` (`offer_product_id`, `offer_id`, `menu_name`, `item_id`, `item_name`, `quantity`) VALUES
(307, 20, 'Soups', 9, 'Sweet Corn Vegetable Soup', 4),
(308, 20, 'Soups', 11, 'Clear Chicken Noodle Soup', 4),
(309, 20, 'Starters', 15, 'Chilli Paneer', 4),
(310, 20, 'Kebabs', 46, 'Fish Malai Kebab', 4),
(311, 20, 'Beverages', 131, 'Orange', 4),
(312, 20, 'Biryani', 37, 'Vegetable Biryani', 2),
(313, 20, 'Biryani', 39, 'Special Supreme Biryani Chicken', 2),
(314, 20, 'Biryani', 40, 'Special Supreme Biryani Mutton', 2),
(315, 21, 'Biryani', 38, 'Special Biryani', 3),
(316, 21, 'Biryani', 39, 'Special Supreme Biryani Chicken', 3),
(317, 21, 'Biryani', 40, 'Special Supreme Biryani Mutton', 3),
(318, 21, 'Biryani', 153, 'Prawns Biryani', 3),
(319, 21, 'Starters', 16, 'Gobi Manchurian', 3),
(320, 21, 'Kebabs', 46, 'Fish Malai Kebab', 8),
(321, 21, 'Chinese Cuisine', 99, 'Sweet-N-Sour Prawns', 8),
(322, 21, 'Non-Veg Curries', 72, 'Chicken Tikka Masala', 8),
(323, 22, 'Biryani', 38, 'Special Biryani', 3),
(324, 22, 'Biryani', 37, 'Vegetable Biryani', 2),
(325, 22, 'Biryani', 40, 'Special Supreme Biryani Mutton', 2),
(326, 22, 'Biryani', 39, 'Special Supreme Biryani Chicken', 2),
(327, 22, 'Starters', 16, 'Gobi Manchurian', 2),
(328, 22, 'Kebabs', 47, 'Mutton Pepper Kebab', 2),
(329, 22, 'Chinese Cuisine', 98, 'Garlic Prawns', 2),
(330, 23, 'Chinese Cuisine', 98, 'Garlic Prawns', 1),
(331, 23, 'Raitas Salads', 86, 'Butter Naan', 3),
(332, 23, 'Biryani', 39, 'Special Supreme Biryani Chicken', 4),
(333, 23, 'Starters', 14, 'Baby Corn Hot-N-Pepper', 4),
(334, 23, 'Soups', 6, 'Hot-N-Sour Chicken Soup', 4),
(335, 23, 'Biryani', 37, 'Vegetable Biryani', 4),
(336, 24, 'Biryani', 40, 'Special Supreme Biryani Mutton', 5),
(337, 24, 'Biryani', 41, 'Mutton Biryani', 5),
(338, 24, 'Biryani', 42, 'Chicken Biryani', 5),
(339, 24, 'Starters', 15, 'Chilli Paneer', 5),
(340, 24, 'Starters', 14, 'Baby Corn Hot-N-Pepper', 5),
(341, 24, 'Raitas Salads', 83, 'Kheema Naan', 5),
(342, 24, 'Beverages', 131, 'Orange', 5),
(343, 24, 'Soups', 8, 'Cream Of Tomato Soup', 5),
(344, 24, 'Soups', 9, 'Sweet Corn Vegetable Soup', 5),
(345, 24, 'Non-Veg Curries', 72, 'Chicken Tikka Masala', 5),
(455, 19, 'Kebabs', 45, 'Tandoori Chicken ', 3),
(456, 19, 'Biryani', 39, 'Special Supreme Biryani Chicken', 2),
(457, 19, 'Biryani', 41, 'Mutton Biryani', 2),
(458, 19, 'Non-Veg Curries', 71, 'Butter Chicken Boneless', 3),
(459, 19, 'Starters', 14, 'Baby Corn Hot-N-Pepper', 3),
(460, 19, 'Desserts', 115, 'Double Ka Meetha', 3),
(465, 25, 'Biryani', 37, 'Vegetable Biryani', 1),
(466, 25, 'Biryani', 41, 'Mutton Biryani', 2),
(467, 25, 'Starters', 14, 'Baby Corn Hot-N-Pepper', 1),
(468, 25, 'Starters', 19, 'Paneer 65', 2),
(469, 25, 'Desserts', 115, 'Double Ka Meetha', 3),
(470, 26, 'Soups', 8, 'Cream Of Tomato Soup', 1),
(471, 26, 'Soups', 10, 'Hot-N-Sour Vegetable Soup', 2),
(472, 26, 'Soups', 13, 'Sweet Corn Chicken Soup', 3),
(473, 27, 'Soups', 10, 'Hot-N-Sour Vegetable Soup', 0),
(474, 27, 'Raitas Salads', 84, 'Pudina Paratha', 0),
(475, 28, 'Biryani', 37, 'Vegetable Biryani', 1),
(476, 28, 'Biryani', 38, 'Special Biryani', 3),
(477, 28, 'Biryani', 42, 'Chicken Biryani', 2),
(478, 28, 'Desserts', 114, 'Gulab Jamoon', 5),
(479, 28, 'Desserts', 118, 'Lovers Delight', 1),
(480, 28, 'Desserts', 117, 'Banana Split', 6),
(481, 28, 'Desserts', 127, 'Strawberry Icream', 3),
(482, 28, 'Desserts', 128, 'Butterscotch', 4),
(483, 29, 'Soups', 12, 'Cream Of Chicken Soup', 1),
(484, 29, 'Biryani', 38, 'Special Biryani', 2),
(485, 29, 'Starters', 15, 'Chilli Paneer', 1),
(486, 29, 'Starters', 27, 'Pepper Chicken', 4);

-- --------------------------------------------------------

--
-- Table structure for table `dn_options`
--

CREATE TABLE IF NOT EXISTS `dn_options` (
  `option_id` int(11) NOT NULL AUTO_INCREMENT,
  `option_name` varchar(50) NOT NULL,
  `status` enum('Active','Inactive') DEFAULT 'Active',
  PRIMARY KEY (`option_id`)
) ENGINE=InnoDB  DEFAULT CHARSET=utf8 AUTO_INCREMENT=19 ;

--
-- Dumping data for table `dn_options`
--

INSERT INTO `dn_options` (`option_id`, `option_name`, `status`) VALUES
(4, 'Large', 'Active'),
(6, 'Combo', 'Active'),
(8, 'Small', 'Active'),
(9, 'Medium', 'Active'),
(12, 'Family', 'Active'),
(13, 'Jumbo', 'Active'),
(14, 'Single', 'Active'),
(15, 'Test Optionn', 'Active');

-- --------------------------------------------------------

--
-- Table structure for table `dn_orders`
--

CREATE TABLE IF NOT EXISTS `dn_orders` (
  `order_id` int(11) NOT NULL AUTO_INCREMENT,
  `user_id` int(11) NOT NULL,
  `order_date` date NOT NULL,
  `order_time` varchar(20) NOT NULL,
  `total_cost` decimal(10,2) NOT NULL,
  `customer_name` varchar(100) NOT NULL,
  `phone` varchar(20) NOT NULL,
  `house_no` varchar(50) CHARACTER SET utf8 NOT NULL,
  `apartment_name` varchar(50) NOT NULL,
  `other` varchar(50) NOT NULL,
  `landmark` varchar(200) NOT NULL,
  `city` varchar(100) NOT NULL,
  `pincode` varchar(20) DEFAULT NULL,
  `message` varchar(100) DEFAULT NULL,
  `order_type` varchar(50) DEFAULT NULL,
  `date_created` timestamp NOT NULL DEFAULT CURRENT_TIMESTAMP,
  `status` enum('delivered','process','cancelled','new') NOT NULL DEFAULT 'new',
  `payment_type` enum('online','cash') NOT NULL DEFAULT 'cash',
  `payment_gateway` enum('PayPal','Stripe','PayU','Cash') NOT NULL,
  `no_of_items` int(11) NOT NULL,
  `paid_date` varchar(50) DEFAULT NULL,
  `paid_amount` decimal(10,2) NOT NULL,
  `transaction_id` varchar(50) DEFAULT NULL,
  `payer_id` varchar(50) CHARACTER SET utf8 DEFAULT NULL,
  `payer_email` varchar(50) CHARACTER SET utf8 DEFAULT NULL,
  `payer_name` varchar(50) CHARACTER SET utf8 DEFAULT NULL,
  `payment_status` varchar(50) CHARACTER SET utf8 DEFAULT NULL,
  `date_updated` date NOT NULL,
  `device_id` varchar(100) NOT NULL,
  PRIMARY KEY (`order_id`)
) ENGINE=InnoDB  DEFAULT CHARSET=latin1 AUTO_INCREMENT=249 ;

--
-- Dumping data for table `dn_orders`
--

INSERT INTO `dn_orders` (`order_id`, `user_id`, `order_date`, `order_time`, `total_cost`, `customer_name`, `phone`, `house_no`, `apartment_name`, `other`, `landmark`, `city`, `pincode`, `message`, `order_type`, `date_created`, `status`, `payment_type`, `payment_gateway`, `no_of_items`, `paid_date`, `paid_amount`, `transaction_id`, `payer_id`, `payer_email`, `payer_name`, `payment_status`, `date_updated`, `device_id`) VALUES
(1, 47, '2016-06-07', '01:10 PM', '134.00', 'Dharnasi Srinivasarao', '8142487714', 'gxhxhhd  hxjxjdjj', '', '', 'Begumpet', 'Hyderabad', '', '', 'home', '2016-06-07 07:40:31', 'process', 'online', 'PayPal', 1, '2016-06-07T07:40:30Z', '0.00', 'PAY-25E98934TV668335KK5LHUZA', '', 'srinivasaraouesi@gmail.com', 'Dharnasi Srinivasarao', 'approved', '2016-06-07', ''),
(2, 50, '2016-06-07', '03:09 PM', '244.00', 'Rajesh Kumar', '7207757581', '305  Asha apartment', '', '', 'Begumpet', 'Hyderabad', '', '', 'home', '2016-06-07 09:39:53', 'process', 'cash', 'PayPal', 1, '0', '0.00', '0', '', '0', '0', '0', '2016-06-07', ''),
(3, 50, '2016-06-09', '05:45 PM', '84.00', 'Rajesh Kumar', '7207757581', '508  Amrutha nilayam', '', '', 'Madhapur', 'Hyderabad', '', '', 'home', '2016-06-07 10:15:31', 'delivered', 'cash', 'PayPal', 1, '0', '0.00', '0', '', '0', '0', '0', '2016-06-07', ''),
(4, 50, '2016-06-09', '05:45 PM', '84.00', 'Rajesh Kumar', '7207757581', '508  Amrutha apartment', '', '', 'Secundrabad', 'Hyderabad', '', '', 'home', '2016-06-07 10:16:22', 'new', 'cash', 'PayPal', 1, '0', '0.00', '0', '', '0', '0', '0', '2016-06-07', ''),
(5, 50, '2016-06-09', '05:45 PM', '84.00', 'Rajesh Kumar', '7207757581', '508  Amrutha apartment', '', '', 'Secundrabad', 'Hyderabad', '', '', 'home', '2016-06-07 10:16:43', 'cancelled', 'cash', 'PayPal', 1, '0', '0.00', '0', '', '0', '0', '0', '2016-06-07', ''),
(6, 50, '2016-06-07', '03:54 PM', '358.00', 'Rajesh Kumar', '7207757581', '505  Anuradh apartment', '', '', 'Begumpet', 'Hyderabad', '', '', 'home', '2016-06-07 10:22:42', 'cancelled', 'cash', 'PayPal', 1, '0', '0.00', '0', '', '0', '0', '0', '2016-06-07', ''),
(7, 50, '2016-06-07', '03:54 PM', '358.00', 'Rajesh Kumar', '7207757581', '505  Anuradh apartment', '', '', 'Begumpet', 'Hyderabad', '', '', 'home', '2016-06-07 10:23:48', 'cancelled', 'cash', 'PayPal', 1, '0', '0.00', '0', '', '0', '0', '0', '2016-06-07', ''),
(8, 50, '2016-06-10', '03:55 PM', '358.00', 'Rajesh Kumar', '7207757581', '505  Anuradh apartment', '', '', 'Begumpet', 'Hyderabad', '', '', 'home', '2016-06-07 10:25:42', 'delivered', 'cash', 'PayPal', 0, '0', '0.00', '0', '', '0', '0', '0', '2016-06-07', ''),
(9, 50, '2017-06-10', '04:12 PM', '454.00', 'Rajesh Kumar', '7207757581', '506  Kid''s apartment', '', '', 'Nemilichery', 'Chennai', '', '', 'home', '2016-06-07 10:46:29', 'process', 'online', 'PayPal', 2, '0', '0.00', '0', '', '0', '0', '0', '2016-06-07', ''),
(10, 50, '2016-06-07', '04:25 PM', '229.00', 'Rajesh Kumar', '7207757581', '406  Leela', '', '', 'Adyar', 'Chennai', '', '', 'home', '2016-06-07 10:55:39', 'cancelled', 'cash', 'PayPal', 1, '0', '0.00', '0', '', '0', '0', '0', '2016-06-07', ''),
(11, 50, '2016-06-08', '05:31 PM', '229.00', 'Rajesh Kumar', '7207757581', '406  Leela', '', '', 'Adyar', 'Chennai', '', '', 'home', '2016-06-07 11:01:45', 'cancelled', 'cash', 'PayPal', 1, '0', '0.00', '0', '', '0', '0', '0', '2016-06-07', ''),
(12, 50, '2016-06-10', '05:31 PM', '229.00', 'Rajesh Kumar', '7207757581', '4062  Happy', '', '', 'Adyar', 'Chennai', '', '', 'home', '2016-06-07 11:06:02', 'delivered', 'cash', 'PayPal', 2, '0', '0.00', '0', '', '0', '0', '0', '2016-06-07', ''),
(13, 50, '2016-06-07', '04:40 PM', '124.00', 'Rajesh Kumar', '7207757581', '45  Ttgf', '', '', 'Madhapur', 'Hyderabad', '', '', 'home', '2016-06-07 11:10:41', 'delivered', 'cash', 'PayPal', 1, '0', '0.00', '0', '', '0', '0', '0', '2016-06-07', ''),
(14, 50, '2017-06-09', '09:41 PM', '124.00', 'Rajesh Kumar', '7207757581', '467  Ttgffhcd', '', '', 'Madhapur', 'Hyderabad', '', '', 'home', '2016-06-07 11:11:37', 'cancelled', 'cash', 'PayPal', 2, '0', '0.00', '0', '', '0', '0', '0', '2016-06-07', ''),
(15, 53, '2016-06-07', '05:03 PM', '258.00', 'srinivasarao dharnasi', '8142487714', '12345  3234', '', '', 'Begumpet', 'Hyderabad', '', '', 'home', '2016-06-07 11:33:14', 'delivered', 'cash', 'PayPal', 2, '0', '0.00', '0', '', '0', '0', '0', '2016-06-07', ''),
(16, 53, '2016-06-07', '05:08 PM', '134.00', 'srinivasarao dharnasi', '8142487714', 'hxhh  hdhxj', '', '', 'Begumpet', 'Hyderabad', '', '', 'home', '2016-06-07 11:38:10', 'delivered', 'cash', 'PayPal', 1, '0', '0.00', '0', '', '0', '0', '0', '2016-06-07', ''),
(17, 42, '2016-06-07', '05:11 PM', '244.00', 'Prasad Rao', '7207757581', '206  Aruna apartment', '', '', 'Pitampura ', 'Delhi', '', '', 'home', '2016-06-07 11:41:57', 'process', 'cash', 'PayPal', 1, '0', '0.00', '0', '', '0', '0', '0', '2016-06-07', ''),
(18, 42, '2016-06-07', '05:11 PM', '244.00', 'Prasad Rao', '7207757581', '206  Satiesh apart', '', '', 'Marathahalli', 'Bengaluru', '', '', 'home', '2016-06-07 11:51:56', 'cancelled', 'cash', 'PayPal', 4, '0', '0.00', '0', '', '0', '0', '0', '2016-06-07', ''),
(19, 42, '2016-06-11', '09:22 PM', '244.00', 'Prasad Rao', '7207757581', '203  Kumar building', '', '', 'Koramangala', 'Bengaluru', '', '', 'home', '2016-06-07 11:52:57', 'process', 'cash', 'PayPal', 4, '0', '0.00', '0', '', '0', '0', '0', '2016-06-07', ''),
(20, 53, '2016-06-07', '05:29 PM', '258.00', 'srinivasarao dharnasi', '8142487714', 'fggfff  fgggg', '', '', 'Begumpet', 'Hyderabad', '', '', 'home', '2016-06-07 11:59:23', 'process', 'cash', 'PayPal', 2, '0', '0.00', '0', '', '0', '0', '0', '2016-06-07', ''),
(21, 53, '2017-06-07', '05:31 PM', '258.00', 'srinivasarao dharnasi', '8142487714', 'ffxcvv  gffvgh', '', '', 'Begumpet', 'Hyderabad', '', '', 'home', '2016-06-07 12:01:06', 'delivered', 'cash', 'PayPal', 2, '0', '0.00', '0', '', '0', '0', '0', '2016-06-07', ''),
(22, 53, '2016-06-07', '05:34 PM', '258.00', 'srinivasarao dharnasi', '8142487714', 'dffcv  fggggg', '', '', 'Begumpet', 'Hyderabad', '', '', 'home', '2016-06-07 12:04:54', 'process', 'cash', 'PayPal', 2, '0', '0.00', '0', '', '0', '0', '0', '2016-06-07', ''),
(23, 53, '2016-06-07', '05:37 PM', '258.00', 'srinivasarao dharnasi', '8142487714', 'df  gggggh', '', '', 'Begumpet', 'Hyderabad', '', '', 'home', '2016-06-07 12:08:03', 'cancelled', 'cash', 'PayPal', 2, '0', '0.00', '0', '', '0', '0', '0', '2016-06-07', ''),
(24, 43, '2016-06-07', '05:39 PM', '244.00', 'John Smith', '7207757581', 'DG GH  Happy returns', '', '', 'Secundrabad', 'Hyderabad', '', '', 'home', '2016-06-07 12:09:34', 'process', 'cash', 'PayPal', 1, '0', '0.00', '0', '', '0', '0', '0', '2016-06-07', ''),
(25, 53, '2016-06-07', '05:41 PM', '258.00', 'srinivasarao dharnasi', '8142487714', 'fghhhh  ggbb', '', '', 'Madhapur', 'Hyderabad', '', '', 'home', '2016-06-07 12:11:33', 'cancelled', 'cash', 'PayPal', 2, '0', '0.00', '0', '', '0', '0', '0', '2016-06-07', ''),
(26, 53, '2016-06-07', '05:44 PM', '444.00', 'srinivasarao dharnasi', '8142487714', 'fggg  ggji', '', '', 'Begumpet', 'Hyderabad', '', '', 'home', '2016-06-07 12:14:25', 'cancelled', 'cash', 'PayPal', 2, '0', '0.00', '0', '', '0', '0', '0', '2016-06-07', ''),
(27, 43, '2017-06-07', '05:47 PM', '254.00', 'John Smith', '7207757581', 'Paradise  Happy', '', '', 'Noombal', 'Chennai', '', '', 'home', '2016-06-07 12:18:28', 'delivered', 'online', 'PayPal', 1, '0', '0.00', '0', '', '0', '0', '0', '2016-06-07', ''),
(28, 53, '2016-06-07', '05:50 PM', '258.00', 'srinivasarao dharnasi', '8142487714', 'cbdffg  ffffgf', '', '', 'Begumpet', 'Hyderabad', '', '', 'home', '2016-06-07 12:20:19', 'delivered', 'cash', 'PayPal', 2, '0', '0.00', '0', '', '0', '0', '0', '2016-06-07', ''),
(29, 53, '2016-06-07', '05:56 PM', '258.00', 'srinivasarao dharnasi', '8142487714', 'hxjj  hdjxj', '', '', 'Begumpet', 'Hyderabad', '', '', 'home', '2016-06-07 12:26:43', 'cancelled', 'online', 'PayPal', 2, '1465302402', '0.00', 'ch_18JjI6LvUBwfDsvBRDCCRvNR', '', '', '', 'true', '2016-06-07', ''),
(30, 43, '2016-06-07', '05:58 PM', '244.00', 'John Smith', '7207757581', '344  Happy good', '', '', 'Sanjay Lake', 'Delhi', '', '', 'home', '2016-06-07 12:28:58', 'delivered', 'cash', 'PayPal', 1, '0', '0.00', '0', '', '0', '0', '0', '2016-06-07', ''),
(31, 53, '2016-06-07', '06:34 PM', '258.00', 'srinivasarao dharnasi', '8142487714', '123  qwqw', '', '', 'Begumpet', 'Hyderabad', '', '', 'home', '2016-06-07 12:34:53', 'delivered', 'cash', 'PayPal', 2, '', '0.00', '', '', '', '', '', '2016-06-07', ''),
(32, 43, '2016-06-07', '05:58 PM', '244.00', 'John Smith', '7207757581', '344  Happy good', '', '', 'Sanjay Lake', 'Delhi', '', '', 'home', '2016-06-07 12:37:57', 'delivered', 'cash', 'PayPal', 0, '0', '0.00', '0', '', '0', '0', '0', '2016-06-07', ''),
(33, 30, '2017-06-06', '07:42 PM', '689.00', 'Dharnasi Srinivasarao', '8142487714', 'ffghgg  fhggggg', '', '', 'Marredpally,Secunderabad,', 'Hyderabad', '', '', 'home', '2016-06-07 12:42:37', 'delivered', 'online', 'PayPal', 2, '0', '0.00', '0', '', '0', '0', '0', '2016-06-07', ''),
(34, 53, '2017-06-06', '07:42 PM', '689.00', 'Dharnasi Srinivasarao', '8142487714', 'ffghgg  fhggggg', '', '', 'Marredpally,Secunderabad,', 'Hyderabad', '', '', 'home', '2016-06-07 12:43:01', 'process', 'online', 'PayPal', 2, '0', '0.00', '0', '', '0', '0', '0', '2016-06-07', ''),
(35, 53, '2017-06-06', '07:42 PM', '689.00', 'Dharnasi Srinivasarao', '8142487714', 'ffghgg  fhggggg', '', '', 'Marredpally,Secunderabad,', 'Hyderabad', '', '', 'home', '2016-06-07 12:44:19', 'process', 'online', 'PayPal', 2, '', '0.00', '', '', '', '', '', '2016-06-07', ''),
(36, 53, '2017-06-06', '07:42 PM', '689.00', 'Dharnasi Srinivasarao', '8142487714', 'ffghgg  fhggggg', '', '', 'Marredpally,Secunderabad,', 'Hyderabad', '', '', 'home', '2016-06-07 12:49:38', 'process', 'online', 'PayPal', 2, '', '0.00', '', '', '', '', '', '2016-06-07', ''),
(37, 53, '2017-06-06', '07:42 PM', '689.00', 'Dharnasi Srinivasarao', '8142487714', 'ffghgg  fhggggg', '', '', 'Marredpally,Secunderabad,', 'Hyderabad', '', '', 'home', '2016-06-07 12:53:08', 'process', 'online', 'PayPal', 2, '', '0.00', '', '', '', '', '', '2016-06-07', ''),
(38, 53, '2017-06-06', '07:42 PM', '689.00', 'Dharnasi Srinivasarao', '8142487714', 'ffghgg  fhggggg', '', '', 'Marredpally,Secunderabad,', 'Hyderabad', '', '', 'home', '2016-06-07 12:59:25', 'process', 'online', 'PayPal', 2, '', '0.00', '', '', '', '', '', '2016-06-07', ''),
(39, 53, '2016-06-07', '07:55 PM', '826.00', 'srinivasarao dharnasi', '8142487714', 'dgggggg  ghhh', '', '', 'Begumpet', 'Hyderabad', '', '', 'home', '2016-06-07 13:26:21', 'process', 'online', 'PayPal', 4, '2016-06-07T13:26:20Z', '0.00', 'PAY-83294014TM051504CK5LMW4Y', '', 'srinivasaraouesi@gmail.com', 'srinivasarao dharnasi', 'approved', '2016-06-07', ''),
(40, 45, '2016-06-08', '11:42 AM', '587.00', 'John Simon', '7207757581', '402  Santhi apartment', '', '', 'Nemilichery', 'Chennai', '', '', 'home', '2016-06-08 05:22:00', 'new', 'online', 'PayPal', 2, '2016-06-08T05:21:59Z', '0.00', 'PAY-6JM972450V906794HK5L2W4A', NULL, 'sivakrishnadami@gmail.com', 'John Simon', 'approved', '2016-06-08', ''),
(41, 45, '2017-06-08', '11:41 AM', '378.00', 'John Simon', '7207757581', '205  KVR', '', '', 'Begumpet', 'Hyderabad', '', '', 'home', '2016-06-08 05:45:30', 'new', 'online', 'PayPal', 2, '2016-06-08T05:45:29Z', '0.00', 'PAY-3NW20478VS868264RK5L3B4Y', NULL, 'sivakrishnadami@gmail.com', 'John Simon', 'approved', '2016-06-08', ''),
(42, 53, '2016-06-08', '12:14 PM', '258.00', 'srinivasarao dharnasi', '8142487714', 'fgggghhhg  hhhhh', '', '', 'Begumpet', 'Hyderabad', '', '', 'home', '2016-06-08 06:43:57', 'new', 'cash', 'PayPal', 2, NULL, '0.00', NULL, NULL, NULL, NULL, NULL, '2016-06-08', ''),
(43, 53, '2016-06-08', '12:31 PM', '258.00', 'srinivasarao dharnasi', '8142487714', '121  qwewqe', '', '', 'Begumpet', 'Hyderabad', '', '', 'home', '2016-06-08 07:01:47', 'new', 'cash', 'PayPal', 2, NULL, '0.00', NULL, NULL, NULL, NULL, NULL, '2016-06-08', ''),
(44, 53, '2016-06-08', '12:34 PM', '249.00', 'srinivasarao dharnasi', '8142487714', '23123  qweqe', '', '', 'Begumpet', 'Hyderabad', '', '', 'home', '2016-06-08 07:04:19', 'new', 'cash', 'PayPal', 2, NULL, '0.00', NULL, NULL, NULL, NULL, NULL, '2016-06-08', ''),
(45, 42, '2017-06-08', '01:42 PM', '254.00', 'Prasad Rao', '7207757581', '295  Bawachi hotel', '', '', 'Madhapur', 'Hyderabad', '', '', 'home', '2016-06-08 07:12:17', 'new', 'cash', 'PayPal', 2, NULL, '0.00', NULL, NULL, NULL, NULL, NULL, '2016-06-08', ''),
(46, 53, '2016-06-08', '12:53 PM', '258.00', 'srinivasarao dharnasi', '8142487714', '1232  qwe', '', '', 'Begumpet', 'Hyderabad', '', '', 'home', '2016-06-08 07:23:43', 'new', 'cash', 'PayPal', 2, NULL, '0.00', NULL, NULL, NULL, NULL, NULL, '2016-06-08', ''),
(47, 53, '2016-06-08', '01:07 PM', '258.00', 'srinivasarao dharnasi', '8142487714', 'q  w', '', '', 'Begumpet', 'Hyderabad', '', '', 'home', '2016-06-08 07:37:25', 'new', 'cash', 'PayPal', 2, NULL, '0.00', NULL, NULL, NULL, NULL, NULL, '2016-06-08', ''),
(48, 53, '2016-06-08', '01:08 PM', '258.00', 'srinivasarao dharnasi', '8142487714', '2312  123123', '', '', 'Begumpet', 'Hyderabad', '', '', 'home', '2016-06-08 07:38:31', 'new', 'cash', 'PayPal', 2, NULL, '0.00', NULL, NULL, NULL, NULL, NULL, '2016-06-08', ''),
(49, 53, '2016-06-08', '01:09 PM', '587.00', 'srinivasarao dharnasi', '8142487714', '3123  123', '', '', 'Begumpet', 'Hyderabad', '', '', 'home', '2016-06-08 07:39:06', 'new', 'cash', 'PayPal', 2, NULL, '0.00', NULL, NULL, NULL, NULL, NULL, '2016-06-08', ''),
(50, 53, '2016-06-08', '01:11 PM', '134.00', 'srinivasarao dharnasi', '8142487714', 'hxhxn  hxjxjx', '', '', 'Begumpet', 'Hyderabad', '', '', 'home', '2016-06-08 07:41:40', 'new', 'online', 'PayPal', 1, '2016-06-08T07:41:39Z', '0.00', 'PAY-3J54982220085242MK5L4YLI', NULL, 'srinivasaraouesi@gmail.com', 'srinivasarao dharnasi', 'approved', '2016-06-08', ''),
(51, 53, '2017-06-08', '01:12 PM', '698.00', 'srinivasarao dharnasi', '8142487714', 'gfghhh  gghjj', '', '', 'Begumpet', 'Hyderabad', '', '', 'home', '2016-06-08 07:43:06', 'new', 'online', 'PayPal', 3, '1465371785', '0.00', 'ch_18K1LBLvUBwfDsvB5VX8kacn', NULL, '', '', 'true', '2016-06-08', ''),
(52, 53, '2016-06-08', '02:38 PM', '258.00', 'srinivasarao dharnasi', '8142487714', '1232  qewe', '', '', 'Begumpet', 'Hyderabad', '', '', 'home', '2016-06-08 09:08:32', 'new', 'cash', 'PayPal', 2, NULL, '0.00', NULL, NULL, NULL, NULL, NULL, '2016-06-08', ''),
(53, 45, '2017-06-08', '02:59 PM', '67.00', 'John Simon', '7207757581', '343  Amrutha apartment', '', '', 'Madhapur', 'Hyderabad', '', '', 'home', '2016-06-08 09:29:48', 'new', 'cash', 'PayPal', 2, NULL, '0.00', NULL, NULL, NULL, NULL, NULL, '2016-06-08', ''),
(54, 45, '2017-06-08', '02:59 PM', '67.00', 'John Simon', '7207757581', '343  Amrutha apartment', '', '', 'Madhapur', 'Hyderabad', '', '', 'home', '2016-06-08 09:31:43', 'new', 'cash', 'PayPal', 4, NULL, '0.00', NULL, NULL, NULL, NULL, NULL, '2016-06-08', ''),
(55, 45, '2017-06-08', '03:03 PM', '231.00', 'John Simon', '7207757581', '309  Prathusha apartment', '', '', 'Madhapur', 'Hyderabad', '', '', 'home', '2016-06-08 09:33:49', 'new', 'cash', 'PayPal', 3, NULL, '0.00', NULL, NULL, NULL, NULL, NULL, '2016-06-08', ''),
(56, 45, '2016-06-11', '05:04 PM', '231.00', 'John Simon', '7207757581', '309  Prathusha apartment', '', '', 'Madhapur', 'Hyderabad', '', '', 'home', '2016-06-08 09:34:51', 'new', 'cash', 'PayPal', 2, NULL, '0.00', NULL, NULL, NULL, NULL, NULL, '2016-06-08', ''),
(57, 45, '2016-06-09', '10:05 PM', '231.00', 'John Simon', '7207757581', '405  Prathush', '', '', 'Madhapur', 'Hyderabad', '', '', 'home', '2016-06-08 09:35:59', 'new', 'cash', 'PayPal', 1, NULL, '0.00', NULL, NULL, NULL, NULL, NULL, '2016-06-08', ''),
(58, 45, '2016-06-09', '10:43 AM', '244.00', 'John Simon', '7207757581', '243  Hyderabad', '', '', 'Secundrabad', 'Hyderabad', '', '', 'home', '2016-06-08 10:13:58', 'new', 'cash', 'PayPal', 1, NULL, '0.00', NULL, NULL, NULL, NULL, NULL, '2016-06-08', ''),
(59, 55, '2016-06-09', '06:40 AM', '244.00', 'Siva Ram', '7207757581', '501  Hyderabad', '', '', 'Secundrabad', 'Hyderabad', '', '', 'home', '2016-06-08 11:10:38', 'new', 'cash', 'PayPal', 1, NULL, '0.00', NULL, NULL, NULL, NULL, NULL, '2016-06-08', ''),
(60, 45, '2016-06-08', '05:49 PM', '544.00', 'John Simon', '7207757581', 'Hyderabad  Hyderabad', '', '', 'Begumpet', 'Hyderabad', '', '', 'home', '2016-06-08 12:19:24', 'new', 'cash', 'PayPal', 2, NULL, '0.00', NULL, NULL, NULL, NULL, NULL, '2016-06-08', ''),
(61, 45, '2017-06-10', '05:49 PM', '852.00', 'John Simon', '7207757581', 'Many happy  Hyderabad open', '', '', 'Secundrabad', 'Hyderabad', '', '', 'home', '2016-06-08 12:20:05', 'new', 'cash', 'PayPal', 3, NULL, '0.00', NULL, NULL, NULL, NULL, NULL, '2016-06-08', ''),
(62, 61, '2016-06-09', '05:12 PM', '498.00', 'Dharnasi Srinivasarao', '8142487714', 'vcgjjh  ghhhjj', '', '', 'Begumpet', 'Hyderabad', '', '', 'home', '2016-06-09 11:42:40', 'new', 'cash', 'PayPal', 2, NULL, '0.00', NULL, NULL, NULL, NULL, NULL, '2016-06-09', ''),
(63, 61, '2016-06-09', '05:16 PM', '544.00', 'Dharnasi Srinivasarao', '8142487714', 'cvbhbb  vvbbh', '', '', 'Begumpet', 'Hyderabad', '', '', 'home', '2016-06-09 11:46:17', 'new', 'cash', 'PayPal', 2, NULL, '0.00', NULL, NULL, NULL, NULL, NULL, '2016-06-09', ''),
(64, 61, '2016-06-09', '05:18 PM', '544.00', 'Dharnasi Srinivasarao', '8142487714', 'gfgghhh  fhgffgg', '', '', 'Begumpet', 'Hyderabad', '', '', 'home', '2016-06-09 11:48:08', 'new', 'cash', 'PayPal', 2, NULL, '0.00', NULL, NULL, NULL, NULL, NULL, '2016-06-09', ''),
(65, 61, '2016-06-09', '06:02 PM', '258.00', 'Dharnasi Srinivasarao', '8142487714', 'white house  green park avenue', '', '', 'Begumpet', 'Hyderabad', '', '', 'home', '2016-06-09 12:32:29', 'new', 'online', 'PayPal', 2, '1465475548', '0.00', 'ch_18KSKmLvUBwfDsvBJ36Tl7JW', NULL, '', '', 'true', '2016-06-09', ''),
(66, 61, '2016-06-09', '06:30 PM', '1166.00', 'Dharnasi Srinivasarao', '8142487714', 'White house  Green park avenue', '', '', 'Begumpet', 'Hyderabad', '', '', 'home', '2016-06-09 13:01:14', 'new', 'online', 'PayPal', 3, '1465477273', '0.00', 'ch_18KSmbLvUBwfDsvBiNzXm1XQ', NULL, '', '', 'true', '2016-06-09', ''),
(67, 61, '2016-06-09', '06:46 PM', '1250.00', 'Dharnasi Srinivasarao', '8142569978', 'White house  Green park avenue', '', '', 'Begumpet', 'Hyderabad', '', '', 'home', '2016-06-09 13:17:14', 'new', 'online', 'PayPal', 2, '1465478233', '0.00', 'ch_18KT25LvUBwfDsvBI8h34ZM8', NULL, '', '', 'true', '2016-06-09', ''),
(68, 70, '2017-06-10', '01:04 PM', '250.00', 'Gollapalli Peter', '7569861197', '107  lalitha nilayam', '', '', 'Secundrabad', 'Hyderabad', '', '', 'home', '2016-06-10 07:34:27', 'new', 'cash', 'PayPal', 1, NULL, '0.00', NULL, NULL, NULL, NULL, NULL, '2016-06-10', ''),
(69, 77, '2016-06-20', '08:11 AM', '42.00', 'Danny ash', '7542364578', '76  loyat', '', '', 'Madhapur', 'Hyderabad', '', '', 'home', '2016-06-20 07:11:36', 'cancelled', 'cash', 'PayPal', 1, NULL, '0.00', NULL, NULL, NULL, NULL, NULL, '2016-06-20', ''),
(70, 81, '2016-06-21', '11:10 PM', '2380.00', 'Asif Siddiqui', '9800050508', 'Flat no 14  Asha apartment', '', '', 'Gandhi Nagar Market', 'Delhi', '', '', 'home', '2016-06-20 17:37:35', 'new', 'cash', 'PayPal', 4, NULL, '0.00', NULL, NULL, NULL, NULL, NULL, '2016-06-20', ''),
(71, 81, '2016-06-20', '11:46 PM', '244.00', 'Asif Siddiqui', '9800050508', '24  Abc', '', '', 'Nemilichery', 'Chennai', '', '', 'home', '2016-06-20 18:15:54', 'new', 'cash', 'PayPal', 1, NULL, '0.00', NULL, NULL, NULL, NULL, NULL, '2016-06-20', ''),
(72, 82, '2016-10-20', '08:57 PM', '1613.00', 'Jay Jay', '7850628799', '56  Paul Johnson', '', '', 'Nemilichery', 'Chennai', '', '', 'home', '2016-06-20 19:58:19', 'new', 'cash', 'PayPal', 4, NULL, '0.00', NULL, NULL, NULL, NULL, NULL, '2016-06-20', ''),
(73, 83, '2017-06-21', '12:22 PM', '258.00', 'Dharnasi Srinivasarao', '8142487714', 'vxbxxbxbc  bxbcnx', '', '', 'Begumpet', 'Hyderabad', '', '', 'home', '2016-06-21 06:53:37', 'new', 'online', 'PayPal', 2, '1466492016', '0.00', 'ch_18OilQLvUBwfDsvBoXLbF0qi', NULL, '', '', 'true', '2016-06-21', ''),
(74, 84, '2016-06-22', '12:58 AM', '773.00', 'Iie Ya', '81904212', '8298e87  123', '', '', 'Noombal', 'Chennai', '', '', 'home', '2016-06-21 17:58:42', 'new', 'cash', 'PayPal', 3, NULL, '0.00', NULL, NULL, NULL, NULL, NULL, '2016-06-21', ''),
(75, 87, '2016-06-22', '03:13 AM', '651.00', 'Ds Singh', '2554444455', 'Ccf  Cf', '', '', 'Pitampura ', 'Delhi', '', '', 'home', '2016-06-21 21:43:40', 'new', 'cash', 'PayPal', 5, NULL, '0.00', NULL, NULL, NULL, NULL, NULL, '2016-06-21', ''),
(76, 49, '2018-06-26', '11:25 PM', '2402.00', 'Ds Singh', '2554444455', '221  526', '', '', 'Pitampura ', 'Delhi', '', '', 'home', '2016-06-22 17:00:53', 'cancelled', 'cash', 'PayPal', 5, NULL, '0.00', NULL, NULL, NULL, NULL, NULL, '2016-06-22', ''),
(77, 88, '2016-06-23', '12:27 AM', '244.00', 'Pedro Duarte', '85996577193', '245  Ghhv', '', '', 'Nemilichery', 'Chennai', '', '', 'home', '2016-06-23 03:25:46', 'new', 'cash', 'PayPal', 1, NULL, '0.00', NULL, NULL, NULL, NULL, NULL, '2016-06-23', ''),
(78, 83, '2016-06-23', '07:42 PM', '124.00', 'Dharnasi Srinivasarao', '8142487714', 'qwe  qweqwe', '', '', 'Begumpet', 'Hyderabad', '', '', 'home', '2016-06-23 14:12:46', 'new', 'cash', 'PayPal', 1, NULL, '0.00', NULL, NULL, NULL, NULL, NULL, '2016-06-23', ''),
(79, 92, '2017-06-24', '06:00 PM', '244.00', 'Pavan Kumar', '7207757581', '305  Rose marry', '', '', 'Begumpet', 'Hyderabad', NULL, '', 'home', '2016-06-24 10:46:34', 'delivered', 'cash', 'PayPal', 1, NULL, '0.00', NULL, NULL, NULL, NULL, NULL, '2016-06-24', ''),
(80, 92, '0025-06-20', '12:00 AM', '244.00', 'Pavan Kumar', '7207555581', '878  Hyderabad', '', '', 'Secundrabad', 'Hyderabad', NULL, '', 'home', '2016-06-24 10:50:55', 'new', 'cash', 'PayPal', 0, NULL, '0.00', NULL, NULL, NULL, NULL, NULL, '2016-06-24', ''),
(81, 92, '0025-06-20', '12:00 AM', '244.00', 'Pavan Kumar', '7207555581', '878  Hyderabad', '', '', 'Secundrabad', 'Hyderabad', NULL, '', 'home', '2016-06-24 10:51:09', 'new', 'cash', 'PayPal', 0, NULL, '0.00', NULL, NULL, NULL, NULL, NULL, '2016-06-24', ''),
(82, 92, '0025-06-20', '12:00 AM', '244.00', 'Pavan Kumar', '7207555581', '878  Hyderabad', '', '', 'Secundrabad', 'Hyderabad', NULL, '', 'home', '2016-06-24 10:51:10', 'cancelled', 'cash', 'PayPal', 0, NULL, '0.00', NULL, NULL, NULL, NULL, NULL, '2016-06-24', ''),
(83, 92, '2016-06-24', '07:21 PM', '254.00', 'Pavan Kumar', '7207757581', '66788  Hyderabad', '', '', 'Koramangala', 'Bengaluru', NULL, '', 'home', '2016-06-24 10:52:00', 'new', 'cash', 'PayPal', 1, NULL, '0.00', NULL, NULL, NULL, NULL, NULL, '2016-06-24', ''),
(84, 92, '2016-06-24', '04:31 PM', '0.00', 'Pavan Kumar', '7207757581', '262  Happy', '', '', 'Marathahalli', 'Bengaluru', NULL, '', 'home', '2016-06-24 10:58:29', 'delivered', 'cash', 'PayPal', 0, NULL, '0.00', NULL, NULL, NULL, NULL, NULL, '2016-06-24', ''),
(85, 83, '2016-06-24', '05:46 PM', '732.00', 'Dharnasi Srinivasarao', '8142487714', 'asdsadsad  asdasdasd', '', '', 'Begumpet', 'Hyderabad', NULL, '', 'home', '2016-06-24 12:17:11', 'new', 'cash', 'PayPal', 1, NULL, '0.00', NULL, NULL, NULL, NULL, NULL, '2016-06-24', ''),
(86, 98, '2017-06-24', '05:47 PM', '244.00', 'Pavan Kumar', '7207757581', '6456  Hyderabad cfg', '', '', 'Koramangala', 'Bengaluru', NULL, '', 'home', '2016-06-24 12:17:33', 'new', 'cash', 'PayPal', 1, NULL, '0.00', NULL, NULL, NULL, NULL, NULL, '2016-06-24', ''),
(87, 98, '2017-06-24', '06:20 AM', '1170.00', 'Pavan Kumar', '7207757581', '3664  Hyderabad', '', '', 'Nemilichery', 'Chennai', NULL, '', 'home', '2016-06-24 12:19:16', 'new', 'cash', 'PayPal', 2, NULL, '0.00', NULL, NULL, NULL, NULL, NULL, '2016-06-24', ''),
(88, 83, '2016-06-24', '05:49 PM', '1160.00', 'Dharnasi Srinivasarao', '8142487714', 'qweqweqw  qweqwe', '', '', 'Begumpet', 'Hyderabad', NULL, '', 'home', '2016-06-24 12:19:53', 'new', 'cash', 'PayPal', 1, NULL, '0.00', NULL, NULL, NULL, NULL, NULL, '2016-06-24', ''),
(89, 98, '2016-06-24', '05:54 PM', '254.00', 'Pavan Kumar', '7207757581', '244  Hyderabad', '', '', 'Noombal', 'Chennai', NULL, '', 'home', '2016-06-24 12:25:05', 'new', 'cash', 'PayPal', 1, NULL, '0.00', NULL, NULL, NULL, NULL, NULL, '2016-06-24', ''),
(90, 92, '2018-06-24', '06:04 PM', '0.00', 'Pavan Kumar', '7207757581', '2556  Hyderabad', '', '', 'Madhapur', 'Hyderabad', NULL, '', 'home', '2016-06-24 12:34:55', 'new', 'cash', 'PayPal', 0, NULL, '0.00', NULL, NULL, NULL, NULL, NULL, '2016-06-24', ''),
(91, 83, '2016-06-24', '06:36 PM', '244.00', 'Dharnasi Srinivasarao', '8142487714', 'dasd', 'asdasdasd', 'asdsad', 'Begumpet', 'Hyderabad', NULL, '', 'home', '2016-06-24 13:06:27', 'new', 'cash', 'PayPal', 1, NULL, '0.00', NULL, NULL, NULL, NULL, NULL, '2016-06-24', ''),
(92, 83, '2016-06-30', '06:41 PM', '244.00', 'Dharnasi Srinivasarao', '8142487714', '13123', 'eqwe', 'qweqwe', 'Begumpet', 'Hyderabad', NULL, '', 'home', '2016-06-24 13:11:34', 'new', 'cash', 'PayPal', 1, NULL, '0.00', NULL, NULL, NULL, NULL, NULL, '2016-06-24', ''),
(93, 83, '2016-06-24', '06:57 PM', '1148.00', 'Dharnasi Srinivasarao', '8142487714', '123', 'weqw', 'qweqwe', 'Madhapur', 'Hyderabad', NULL, '', 'home', '2016-06-24 13:27:26', 'new', 'cash', 'PayPal', 1, NULL, '0.00', NULL, NULL, NULL, NULL, NULL, '2016-06-24', ''),
(94, 83, '2016-06-24', '06:58 PM', '1125.00', 'Dharnasi Srinivasarao', '8142487714', 'saasd', 'asdasd', 'asdasd', 'Adyar', 'Chennai', NULL, '', 'home', '2016-06-24 13:29:03', 'new', 'cash', 'PayPal', -1, NULL, '0.00', NULL, NULL, NULL, NULL, NULL, '2016-06-24', ''),
(95, 83, '2016-06-24', '07:20 PM', '544.00', 'Dharnasi Srinivasarao', '8142487714', '123123', 'asas', 'aSas', 'Begumpet', 'Hyderabad', NULL, '', 'home', '2016-06-24 13:50:40', 'new', 'cash', 'PayPal', 2, NULL, '0.00', NULL, NULL, NULL, NULL, NULL, '2016-06-24', ''),
(96, 101, '2016-07-24', '09:39 PM', '250.00', 'Srinivasarao Dharnasi', '8142487714', 'vzbxbx', 'bxbxbxh', 'vzbxbx', 'Begumpet', 'Hyderabad', NULL, '', 'home', '2016-06-24 14:10:04', 'new', 'cash', 'PayPal', 2, NULL, '0.00', NULL, NULL, NULL, NULL, NULL, '2016-06-24', ''),
(97, 100, '2016-06-24', '07:44 PM', '244.00', ' 0', '7207757581', '114', 'Hyderabad', '0', 'Secundrabad', 'Hyderabad', NULL, '', 'home', '2016-06-24 14:14:25', 'new', 'cash', 'PayPal', 1, NULL, '0.00', NULL, NULL, NULL, NULL, NULL, '2016-06-24', ''),
(98, 100, '0025-06-20', '12:00 AM', '244.00', ' 0', '7207757581', '233', 'Hyderabad', '0', 'Secundrabad', 'Hyderabad', NULL, '', 'home', '2016-06-24 14:16:27', 'new', 'cash', 'PayPal', 0, NULL, '0.00', NULL, NULL, NULL, NULL, NULL, '2016-06-24', ''),
(99, 100, '2016-06-24', '07:47 PM', '244.00', ' 0', '72877547', 'Rrf', 'Xccc', '0', 'Nemilichery', 'Chennai', NULL, '', 'home', '2016-06-24 14:17:19', 'new', 'cash', 'PayPal', 1, NULL, '0.00', NULL, NULL, NULL, NULL, NULL, '2016-06-24', ''),
(100, 101, '2017-06-24', '07:51 PM', '258.00', 'Srinivasarao Dharnasi', '8142487714', 'vvvvvbb', 'hhhhh', 'hhhhh', 'Begumpet', 'Hyderabad', NULL, '', 'home', '2016-06-24 14:21:41', 'new', 'cash', 'PayPal', 2, NULL, '0.00', NULL, NULL, NULL, NULL, NULL, '2016-06-24', ''),
(101, 101, '2017-06-24', '07:59 PM', '544.00', 'Srinivasarao Dharnasi', '8142487714', 'gvvvhhh', 'hbbbb', 'hbbbh', 'Begumpet', 'Hyderabad', NULL, '', 'home', '2016-06-24 14:29:50', 'new', 'cash', 'PayPal', 2, NULL, '0.00', NULL, NULL, NULL, NULL, NULL, '2016-06-24', ''),
(102, 92, '2016-06-24', '08:01 PM', '284.00', 'Pavan Kumar', '7207757581', '225', 'Hyderabad', '0', 'Nemilichery', 'Chennai', NULL, '', 'home', '2016-06-24 14:31:42', 'new', 'cash', 'PayPal', 1, NULL, '0.00', NULL, NULL, NULL, NULL, NULL, '2016-06-24', ''),
(103, 101, '2017-06-24', '08:17 PM', '244.00', 'Srinivasarao Dharnasi', '8142487714', 'bxbxxx', 'hxnxn', 'hxnx', 'Begumpet', 'Hyderabad', NULL, '', 'home', '2016-06-24 14:47:11', 'new', 'cash', 'PayPal', 1, NULL, '0.00', NULL, NULL, NULL, NULL, NULL, '2016-06-24', ''),
(104, 101, '2016-07-24', '08:19 PM', '258.00', 'Srinivasarao Dharnasi', '8142487714', 'bzbxbx', 'bxbxbx', 'bzhxbx', 'Begumpet', 'Hyderabad', NULL, '', 'home', '2016-06-24 14:49:15', 'new', 'cash', 'PayPal', 2, NULL, '0.00', NULL, NULL, NULL, NULL, NULL, '2016-06-24', ''),
(105, 101, '2017-06-24', '08:24 PM', '258.00', 'Srinivasarao Dharnasi', '8142487717', 'bzbxbxbx', 'bxbx', 'vxbx', 'Begumpet', 'Hyderabad', NULL, '', 'home', '2016-06-24 14:54:51', 'new', 'cash', 'PayPal', 2, NULL, '0.00', NULL, NULL, NULL, NULL, NULL, '2016-06-24', ''),
(106, 101, '2017-06-24', '08:27 PM', '258.00', 'Srinivasarao Dharnasi', '8142487714', 'cvvv', 'vvvb', 'gh', 'Begumpet', 'Hyderabad', NULL, '', 'home', '2016-06-24 14:57:40', 'new', 'cash', 'PayPal', 2, NULL, '0.00', NULL, NULL, NULL, NULL, NULL, '2016-06-24', ''),
(107, 101, '2017-06-24', '09:05 PM', '249.00', 'Srinivasarao Dharnasi', '8142487714', 'gxbxnhxnnc', 'bxnxn', 'hxnc', 'Begumpet', 'Hyderabad', NULL, '', 'home', '2016-06-24 15:35:37', 'new', 'cash', 'PayPal', 2, NULL, '0.00', NULL, NULL, NULL, NULL, NULL, '2016-06-24', ''),
(108, 101, '2017-06-24', '09:06 PM', '544.00', 'Srinivasarao Dharnasi', '8142487714', 'bzbnxbdhf', 'bdbd', 'hdn', 'Begumpet', 'Hyderabad', NULL, '', 'home', '2016-06-24 15:37:10', 'new', 'cash', 'PayPal', 2, NULL, '0.00', NULL, NULL, NULL, NULL, NULL, '2016-06-24', ''),
(109, 101, '2017-06-24', '09:11 PM', '798.00', 'Srinivasarao Dharnasi', '8142487714', 'ghhgg', 'hhbbn', 'bbnnn', 'Begumpet', 'Hyderabad', NULL, '', 'home', '2016-06-24 15:41:24', 'new', 'cash', 'PayPal', 3, NULL, '0.00', NULL, NULL, NULL, NULL, NULL, '2016-06-24', ''),
(110, 83, '2016-06-24', '09:14 PM', '544.00', 'Dharnasi Srinivasarao', '8142487714', 'sadasd', 'asdasd', 'asd', 'Begumpet', 'Hyderabad', NULL, '', 'home', '2016-06-24 15:45:03', 'new', 'cash', 'PayPal', 2, NULL, '0.00', NULL, NULL, NULL, NULL, NULL, '2016-06-24', ''),
(111, 83, '2016-06-24', '09:16 PM', '544.00', 'Dharnasi Srinivasarao', '8142487714', 'asdsa', 'asdasd', 'asdasd', 'Begumpet', 'Hyderabad', NULL, '', 'home', '2016-06-24 15:46:08', 'new', 'cash', 'PayPal', 2, NULL, '0.00', NULL, NULL, NULL, NULL, NULL, '2016-06-24', ''),
(112, 83, '2016-06-24', '09:17 PM', '544.00', 'Dharnasi Srinivasarao', '8142487714', 'sdas', 'asd', 'asd', 'Begumpet', 'Hyderabad', NULL, '', 'home', '2016-06-24 15:47:44', 'new', 'cash', 'PayPal', 2, NULL, '0.00', NULL, NULL, NULL, NULL, NULL, '2016-06-24', ''),
(113, 101, '2017-06-24', '09:18 PM', '258.00', 'Srinivasarao Dharnasi', '8142487714', 'vbxbbxnc', 'hxhch', 'hjx', 'Begumpet', 'Hyderabad', NULL, '', 'home', '2016-06-24 15:49:04', 'new', 'cash', 'PayPal', 2, NULL, '0.00', NULL, NULL, NULL, NULL, NULL, '2016-06-24', ''),
(114, 110, '2017-06-27', '12:46 PM', '259.00', 'SrinivasaRao D', '8142487714', '1234', 'hxjxj', 'bznx', 'Begumpet', 'Hyderabad', NULL, '', 'home', '2016-06-27 07:16:17', 'new', 'cash', 'PayPal', 2, NULL, '0.00', NULL, NULL, NULL, NULL, NULL, '2016-06-27', ''),
(115, 101, '2017-06-27', '12:49 PM', '258.00', 'Srinivasarao Dharnasi', '8142487717', 'shxjc', 'hxhxhx', 'hxjxj', 'Begumpet', 'Hyderabad', NULL, '', 'home', '2016-06-27 07:19:22', 'new', 'cash', 'PayPal', 2, NULL, '0.00', NULL, NULL, NULL, NULL, NULL, '2016-06-27', ''),
(116, 101, '2017-06-27', '12:51 PM', '1464.00', 'Srinivasarao Dharnasi', '8142487714', 'gxbbchc', 'hnx', 'vxbx', 'Adyar', 'Chennai', NULL, '', 'home', '2016-06-27 07:21:34', 'new', 'cash', 'PayPal', 3, NULL, '0.00', NULL, NULL, NULL, NULL, NULL, '2016-06-27', ''),
(117, 110, '2017-06-27', '12:55 PM', '383.00', 'SrinivasaRao D', '8142487714', 'gxbx', 'bbxbb', 'bxbxxn', 'Begumpet', 'Hyderabad', NULL, '', 'home', '2016-06-27 07:25:18', 'new', 'cash', 'PayPal', 3, NULL, '0.00', NULL, NULL, NULL, NULL, NULL, '2016-06-27', ''),
(118, 111, '2016-06-27', '02:33 PM', '244.00', 'Pavan Kumar', '7207757581', '23', 'Hyderabad', '0', 'Noombal', 'Chennai', NULL, '', 'home', '2016-06-27 09:03:30', 'delivered', 'cash', 'PayPal', 1, NULL, '0.00', NULL, NULL, NULL, NULL, NULL, '2016-06-27', ''),
(119, 111, '2016-06-27', '02:34 PM', '798.00', 'Pavan Kumar', '7207757581', '233', 'Hyderabad', '0', 'Pitampura ', 'Delhi', NULL, '', 'home', '2016-06-27 09:04:22', 'cancelled', 'cash', 'PayPal', 3, NULL, '0.00', NULL, NULL, NULL, NULL, NULL, '2016-06-27', ''),
(120, 111, '0028-06-20', '12:00 AM', '798.00', 'Pavan Kumar', '7207757581', '444', 'Happy', '0', 'Koramangala', 'Bengaluru', NULL, '', 'home', '2016-06-27 09:04:53', 'delivered', 'cash', 'PayPal', 0, NULL, '0.00', NULL, NULL, NULL, NULL, NULL, '2016-06-27', ''),
(121, 113, '2016-06-27', '02:47 PM', '0.00', ' 0', '7207757581', '225', 'Hyderabad city', '0', 'Noombal', 'Chennai', NULL, '', 'home', '2016-06-27 09:17:30', 'delivered', 'cash', 'PayPal', 0, NULL, '0.00', NULL, NULL, NULL, NULL, NULL, '2016-06-27', ''),
(122, 111, '2016-06-27', '04:43 PM', '685.00', 'Pavan Kumar', '7207757581', '221', 'Hyderabad open', '0', 'Koramangala', 'Bengaluru', NULL, '', 'home', '2016-06-27 11:13:28', 'process', 'cash', 'PayPal', 1, NULL, '0.00', NULL, NULL, NULL, NULL, NULL, '2016-06-27', ''),
(123, 111, '2016-06-27', '04:49 PM', '2126.00', 'Pavan Kumar', '7207757581', '334', 'Happy returns', '0', 'Pitampura ', 'Delhi', NULL, '', 'home', '2016-06-27 11:19:48', 'cancelled', 'cash', 'PayPal', 3, NULL, '0.00', NULL, NULL, NULL, NULL, NULL, '2016-06-27', ''),
(124, 116, '2016-06-27', '05:54 PM', '244.00', 'Pavan Kumar', '7207757581', '457', 'Hi', '0', 'Pitampura ', 'Delhi', NULL, '', 'home', '2016-06-27 12:24:22', 'delivered', 'cash', 'PayPal', 1, NULL, '0.00', NULL, NULL, NULL, NULL, NULL, '2016-06-27', ''),
(125, 110, '2016-06-27', '07:18 PM', '258.00', 'SrinivasaRao D', '8142487714', '1212', '12121', '2eqweqweqw', 'Adyar', 'Chennai', NULL, '', 'home', '2016-06-27 13:48:54', 'new', 'cash', 'PayPal', 2, NULL, '0.00', NULL, NULL, NULL, NULL, NULL, '2016-06-27', ''),
(126, 110, '2016-06-27', '07:23 PM', '258.00', 'SrinivasaRao D', '8142487714', '123', 'sdasd', 'asdasd', 'Nemilichery', 'Chennai', NULL, '', 'home', '2016-06-27 13:53:24', 'new', 'cash', 'PayPal', 2, NULL, '0.00', NULL, NULL, NULL, NULL, NULL, '2016-06-27', ''),
(127, 111, '2016-06-28', '10:01 AM', '63.00', 'Pavan Kumar', '9963759617', 'Gwf', 'Fwgs', 'Gege', 'Marathahalli', 'Bengaluru', NULL, '', 'home', '2016-06-28 04:31:38', 'new', 'cash', 'PayPal', 1, NULL, '0.00', NULL, NULL, NULL, NULL, NULL, '2016-06-28', ''),
(128, 111, '2016-06-28', '10:30 AM', '254.00', 'Pavan Kumar', '9963759617', '505', 'Rajiv apartment opp', 'Chennai center', 'Pitampura ', 'Delhi', NULL, '', 'home', '2016-06-28 05:00:34', 'new', 'cash', 'PayPal', 1, NULL, '0.00', NULL, NULL, NULL, NULL, NULL, '2016-06-28', ''),
(129, 111, '2016-06-28', '10:31 AM', '956.00', 'Pavan Kumar', '9963759617', 'Gwf', 'Fwgs', 'Gege', 'Marathahalli', 'Bengaluru', NULL, '', 'home', '2016-06-28 05:01:22', 'new', 'cash', 'PayPal', 1, NULL, '0.00', NULL, NULL, NULL, NULL, NULL, '2016-06-28', ''),
(130, 111, '2016-06-28', '10:34 AM', '284.00', 'Pavan Kumar', '9963759617', '505', 'Rajiv apartment opp', 'Chennai center', 'Pitampura ', 'Delhi', NULL, '', 'home', '2016-06-28 05:04:15', 'new', 'cash', 'PayPal', 1, NULL, '0.00', NULL, NULL, NULL, NULL, NULL, '2016-06-28', ''),
(131, 110, '2016-06-28', '11:18 PM', '258.00', 'SrinivasaRao D', '8142487714', '123123', '123123123', '123123123', 'Adyar', 'Chennai', NULL, '', 'home', '2016-06-28 05:44:09', 'new', 'cash', 'PayPal', 2, NULL, '0.00', NULL, NULL, NULL, NULL, NULL, '2016-06-28', ''),
(132, 110, '2016-06-28', '11:14 PM', '258.00', 'SrinivasaRao D', '8142487714', '123123', '123123123', '123123123', 'Adyar', 'Chennai', NULL, '', 'home', '2016-06-28 05:44:58', 'new', 'cash', 'PayPal', 2, NULL, '0.00', NULL, NULL, NULL, NULL, NULL, '2016-06-28', ''),
(136, 111, '2016-06-29', '05:00 AM', '1872.00', 'Pavan Kumar', '9963759617', '505', 'Rajiv apartment opp', 'Chennai center', 'Pitampura ', 'Delhi', NULL, '', 'home', '2016-06-28 06:45:29', 'new', 'cash', 'PayPal', 2, NULL, '0.00', NULL, NULL, NULL, NULL, NULL, '2016-06-28', ''),
(139, 111, '2016-06-28', '10:00 PM', '916.00', 'Pavan Kumar', '9963759617', '505', 'Rajiv apartment opp', 'Chennai center', 'Pitampura ', 'Delhi', NULL, '', 'home', '2016-06-28 07:26:46', 'new', 'cash', 'PayPal', 1, NULL, '0.00', NULL, NULL, NULL, NULL, NULL, '2016-06-28', ''),
(140, 111, '2016-06-28', '09:58 PM', '254.00', 'Pavan Kumar', '9963759617', '505', 'Rajiv apartment opp', 'Chennai center', 'Pitampura ', 'Delhi', NULL, '', 'home', '2016-06-28 07:28:36', 'new', 'cash', 'PayPal', 1, NULL, '0.00', NULL, NULL, NULL, NULL, NULL, '2016-06-28', ''),
(143, 111, '2016-06-28', '10:00 PM', '254.00', 'Pavan Kumar', '9963759617', '505', 'Rajiv apartment opp', 'Chennai center', 'Pitampura ', 'Delhi', NULL, '', 'home', '2016-06-28 07:37:01', 'new', 'cash', 'PayPal', 1, NULL, '0.00', NULL, NULL, NULL, NULL, NULL, '2016-06-28', ''),
(145, 111, '2016-06-28', '09:00 PM', '244.00', 'Pavan Kumar', '9963759617', '505', 'Rajiv apartment opp', 'Chennai center', 'Pitampura ', 'Delhi', NULL, '', 'home', '2016-06-28 07:38:34', 'new', 'cash', 'PayPal', 1, NULL, '0.00', NULL, NULL, NULL, NULL, NULL, '2016-06-28', ''),
(148, 111, '2016-06-28', '09:52 PM', '254.00', 'Pavan Kumar', '9963759617', '505', 'Rajiv apartment opp', 'Chennai center', 'Pitampura ', 'Delhi', NULL, '', 'home', '2016-06-28 10:23:17', 'new', 'cash', 'PayPal', 1, NULL, '0.00', NULL, NULL, NULL, NULL, NULL, '2016-06-28', ''),
(149, 111, '2016-06-28', '10:00 PM', '544.00', 'Pavan Kumar', '9963759617', '505', 'Rajiv apartment opp', 'Chennai center', 'Pitampura ', 'Delhi', NULL, '', 'home', '2016-06-28 10:24:49', 'new', 'cash', 'PayPal', 2, NULL, '0.00', NULL, NULL, NULL, NULL, NULL, '2016-06-28', ''),
(150, 111, '2016-06-28', '03:55 PM', '0.00', 'Pavan Kumar', '9963759617', '505', 'Rajiv apartment opp', 'Chennai center', 'Pitampura ', 'Delhi', NULL, '', 'home', '2016-06-28 10:25:28', 'new', 'cash', 'PayPal', 0, NULL, '0.00', NULL, NULL, NULL, NULL, NULL, '2016-06-28', ''),
(151, 111, '2016-06-28', '03:56 PM', '244.00', 'Pavan Kumar', '9963759617', '505', 'Rajiv apartment opp', 'Chennai center', 'Pitampura ', 'Delhi', NULL, '', 'home', '2016-06-28 10:27:02', 'new', 'cash', 'PayPal', 1, NULL, '0.00', NULL, NULL, NULL, NULL, NULL, '2016-06-28', ''),
(152, 111, '2016-06-28', '04:11 PM', '519.00', 'Pavan Kumar', '9963759617', '505', 'Rajiv apartment opp', 'Chennai center', 'Pitampura ', 'Delhi', NULL, '', 'home', '2016-06-28 10:41:55', 'new', 'cash', 'PayPal', 1, NULL, '0.00', NULL, NULL, NULL, NULL, NULL, '2016-06-28', ''),
(163, 111, '2016-06-29', '12:18 PM', '258.00', 'Pavan Kumar', '9963759617', '505', 'Rajiv apartment opp', 'Chennai center', 'Hebbal', 'Bengaluru', NULL, '', 'home', '2016-06-29 06:48:49', 'new', 'cash', 'PayPal', 2, NULL, '0.00', NULL, NULL, NULL, NULL, NULL, '2016-06-29', ''),
(164, 119, '2016-06-29', '12:37 PM', '502.00', 'SrinivasaRao D', '8142487714', '23123', '123123', '123123', 'Adyar', 'Chennai', NULL, '', 'home', '2016-06-29 07:07:34', 'new', 'cash', 'PayPal', 3, NULL, '0.00', NULL, NULL, NULL, NULL, NULL, '2016-06-29', ''),
(165, 119, '2016-06-29', '12:57 PM', '498.00', 'SrinivasaRao D', '8142487714', '23123', '123123', '123123', 'Adyar', 'Chennai', NULL, '', 'home', '2016-06-29 07:27:25', 'new', 'cash', 'PayPal', 2, NULL, '0.00', NULL, NULL, NULL, NULL, NULL, '2016-06-29', ''),
(166, 111, '2016-06-30', '02:51 PM', '3157.00', 'Pavan Kumar', '9963759617', '505', 'Rajiv apartment opp', 'Chennai center', 'Hebbal', 'Bengaluru', NULL, '', 'home', '2016-06-29 09:21:50', 'new', 'cash', 'PayPal', 7, NULL, '0.00', NULL, NULL, NULL, NULL, NULL, '2016-06-29', ''),
(167, 111, '2016-06-29', '10:00 PM', '84.00', 'Pavan Kumar', '9963759617', '345', 'Ff', '0', 'Koramangala', 'Bengaluru', NULL, '', 'home', '2016-06-29 09:35:40', 'new', 'online', 'PayPal', 1, '2016-06-29T09:35:39Z', '84.00', 'PAY-7YM52411FB718710JK5ZZMYY', NULL, 'pavanconquerors@gmail.com', 'Pavan Kumar', 'approved', '2016-06-29', ''),
(168, 116, '2016-06-30', '11:24 AM', '160.00', 'Pavan Kumar', '7207757581', '2455', 'Fgbbj', 'Gb', 'Madhapur', 'Hyderabad', NULL, '', 'home', '2016-06-30 05:55:44', 'new', 'online', 'PayPal', 0, '2016-06-30T05:55:42Z', '999.00', 'PAY-4UT303148H7964105K52LIVA', NULL, 'pavankumareu@gmail.com', 'Pavan Kumar', 'approved', '2016-06-30', ''),
(169, 119, '2016-06-30', '01:18 PM', '1755.00', 'SrinivasaRao D', '8142487714', '23123', '123123', '123123', 'Adyar', 'Chennai', NULL, '', 'home', '2016-06-30 07:48:44', 'new', 'cash', 'PayPal', 1, NULL, '0.00', NULL, NULL, NULL, NULL, NULL, '2016-06-30', ''),
(170, 116, '2016-06-30', '04:48 PM', '912.00', 'Pavan Kumar', '7207757581', '2455', 'Fgbbj', 'Gb', 'Madhapur', 'Hyderabad', NULL, '', 'home', '2016-06-30 11:18:44', 'new', 'cash', 'PayPal', 3, NULL, '0.00', NULL, NULL, NULL, NULL, NULL, '2016-06-30', ''),
(171, 111, '2016-06-30', '04:48 PM', '85.00', 'Pavan Kumar', '7207757581', '2455', 'Fgbbj', 'Gb', 'Madhapur', 'Hyderabad', NULL, '', 'home', '2016-06-30 11:22:07', 'cancelled', 'cash', 'PayPal', 0, NULL, '0.00', NULL, NULL, NULL, NULL, NULL, '2016-06-30', ''),
(172, 111, '2016-06-30', '05:22 PM', '1400.00', 'Pavan Kumar', '9963759617', '505', 'Rajiv apartment opp', 'Chennai center', 'Hebbal', 'Bengaluru', NULL, '', 'home', '2016-06-30 11:52:22', 'new', 'cash', 'PayPal', 2, NULL, '0.00', NULL, NULL, NULL, NULL, NULL, '2016-06-30', ''),
(173, 119, '2016-06-30', '05:51 PM', '1440.00', 'Williams Sandy', '8142487714', '2-246', 'High lands', 'Green park', 'Begumpet', 'Hyderabad', NULL, '', 'home', '2016-06-30 12:22:55', 'new', 'online', 'PayPal', 1, '1467289374', '1440.00', 'ch_18S4C2LvUBwfDsvBIn8eYaFe', NULL, '', '', 'true', '2016-06-30', ''),
(174, 111, '2016-06-30', '06:12 PM', '1238.00', 'Pavan Kumar', '9963759617', '505', 'Rajiv apartment opp', 'Chennai center', 'Hebbal', 'Bengaluru', NULL, '', 'home', '2016-06-30 12:42:53', 'process', 'cash', 'PayPal', 3, NULL, '0.00', NULL, NULL, NULL, NULL, NULL, '2016-06-30', ''),
(175, 49, '2016-07-11', '10:49 AM', '454.00', 'Samuel Paul', '7207757581', '63', 'Lohiya nagar', '', 'Secundrabad', 'Hyderabad', NULL, '', 'home', '2016-07-11 07:50:53', 'new', 'online', 'PayPal', 2, '1468223452', '454.00', 'ch_18VzBoLvUBwfDsvBggLRFp5C', NULL, '', '', 'true', '2016-07-11', ''),
(176, 49, '2016-07-11', '01:16 PM', '498.00', 'Samuel Paul', '7207757581', '63', 'Lohiya nagar', '', 'Secundrabad', 'Hyderabad', NULL, '', 'home', '2016-07-11 11:17:02', 'new', 'online', 'PayPal', 2, '1468235820', '498.00', 'ch_18W2PILvUBwfDsvBhVLlcJGs', NULL, '', '', 'true', '2016-07-11', ''),
(177, 49, '2016-07-11', '01:26 PM', '244.00', 'Samuel Paul', '7207757581', '63', 'Lohiya nagar', '', 'Secundrabad', 'Hyderabad', NULL, '', 'home', '2016-07-11 11:27:33', 'new', 'online', 'PayPal', 1, '1468236452', '244.00', 'ch_18W2ZULvUBwfDsvBlyXiDJC4', NULL, '', '', 'true', '2016-07-11', ''),
(178, 126, '2016-07-19', '04:29 PM', '140.00', 'naveen Kumar', '9876543210', 'Rgd', 'Fgd', 'Check hf', 'Begumpet', 'Hyderabad', NULL, '', 'home', '2016-07-19 11:00:22', 'new', 'cash', 'PayPal', 1, NULL, '0.00', NULL, NULL, NULL, NULL, NULL, '2016-07-19', ''),
(179, 123, '2016-07-22', '11:34 AM', '134.00', 'Acquah Stephen', '2443805543', '', '', '', 'Madhapur', 'Hyderabad', NULL, '', 'home', '2016-07-22 11:37:18', 'new', 'cash', 'PayPal', 1, NULL, '0.00', NULL, NULL, NULL, NULL, NULL, '2016-07-22', ''),
(180, 123, '2016-07-22', '11:34 AM', '105.00', 'Acquah Stephen', '2443805543', '', '', '', 'Madhapur', 'Hyderabad', NULL, '', 'home', '2016-07-22 11:52:06', 'new', 'cash', 'PayPal', 2, NULL, '0.00', NULL, NULL, NULL, NULL, NULL, '2016-07-22', ''),
(181, 123, '2016-07-22', '11:34 AM', '288.00', 'Acquah Stephen', '2443805543', '', '', '', 'Madhapur', 'Hyderabad', NULL, '', 'home', '2016-07-22 12:05:59', 'new', 'cash', 'PayPal', 1, NULL, '0.00', NULL, NULL, NULL, NULL, NULL, '2016-07-22', ''),
(182, 137, '2016-07-25', '04:47 PM', '310.00', 'Pedro Branco', '1194672252', 'Jdjshsjs', 'Nnsbsbssb', '', 'Nemilichery', 'Chennai', NULL, '', 'home', '2016-07-25 19:47:04', 'new', 'cash', 'PayPal', 1, NULL, '0.00', NULL, NULL, NULL, NULL, NULL, '2016-07-25', ''),
(183, 137, '2017-07-25', '07:44 PM', '40.00', 'Pedro Branco', '5454545454', 'Jdjshsjs', 'Nnsbsbssb', '', 'Nemilichery', 'Chennai', NULL, '', 'home', '2016-07-25 22:43:24', 'process', 'cash', 'PayPal', 1, NULL, '0.00', NULL, NULL, NULL, NULL, NULL, '2016-07-25', ''),
(184, 137, '2017-07-26', '10:34 AM', '288.00', 'Pedro Branco', '9494949455', 'Jdjshsjs', 'Nnsbsbssb', '', 'Nemilichery', 'Chennai', NULL, '', 'home', '2016-07-26 13:33:20', 'delivered', 'cash', 'PayPal', 1, NULL, '0.00', NULL, NULL, NULL, NULL, NULL, '2016-07-26', ''),
(185, 139, '2016-07-26', '11:33 PM', '739.00', 'Kamsam Hamida', '4456321546', '1', '', '', 'Madhapur', 'Hyderabad', NULL, '', 'home', '2016-07-26 22:33:56', 'delivered', 'cash', 'PayPal', 2, NULL, '0.00', NULL, NULL, NULL, NULL, NULL, '2016-07-26', ''),
(186, 147, '2016-07-28', '06:16 PM', '0.00', 'Gollapalli John peter', '7569861197', '07', 'Lohiya Nagar', 'East Marredpally', 'Secundrabad', 'Hyderabad', NULL, '', 'home', '2016-07-28 12:47:00', 'delivered', 'cash', 'PayPal', 0, NULL, '0.00', NULL, NULL, NULL, NULL, NULL, '2016-07-28', ''),
(187, 147, '2016-07-28', '06:16 PM', '254.00', 'Gollapalli John peter', '7569861197', '07', 'Lohiya Nagar', 'East Marredpally', 'Secundrabad', 'Hyderabad', NULL, '', 'home', '2016-07-28 12:50:40', 'delivered', 'cash', 'PayPal', 1, NULL, '0.00', NULL, NULL, NULL, NULL, NULL, '2016-07-28', ''),
(188, 162, '2016-07-30', '05:13 PM', '134.00', 'Toniwa Awa', '9787545546', '7a', 'Thffg', 'Gggg', 'Nemilichery', 'Chennai', NULL, '', 'home', '2016-07-29 11:41:36', 'new', 'cash', 'PayPal', 1, NULL, '0.00', NULL, NULL, NULL, NULL, NULL, '2016-07-29', ''),
(189, 88, '2016-07-31', '09:01 AM', '985.00', 'Pedro Duarte', '9965771930', '56', 'Gh', 'Hbvf', 'Marathahalli', 'Bengaluru', NULL, '', 'home', '2016-07-31 11:59:14', 'new', 'cash', 'PayPal', 3, NULL, '0.00', NULL, NULL, NULL, NULL, NULL, '2016-07-31', ''),
(190, 81, '2016-07-31', '06:11 PM', '1414.00', 'Asif Siddiqui', '9800050508', 'Ggg', 'Ggg', 'Ggg', 'Madhapur', 'Hyderabad', NULL, '', 'home', '2016-07-31 12:38:05', 'new', 'cash', 'PayPal', 3, NULL, '0.00', NULL, NULL, NULL, NULL, NULL, '2016-07-31', ''),
(191, 81, '2016-08-01', '01:04 AM', '1349.00', 'Asif Siddiqui', '9800050508', 'Ggg', 'Ggg', 'Ggg', 'Madhapur', 'Hyderabad', NULL, '', 'home', '2016-07-31 19:34:51', 'new', 'cash', 'PayPal', 3, NULL, '0.00', NULL, NULL, NULL, NULL, NULL, '2016-07-31', ''),
(192, 147, '2016-08-04', '11:59 AM', '55.00', 'Gollapalli John peter', '7569861197', '07', 'Lohiya Nagar', 'East Marredpally', 'Secundrabad', 'Hyderabad', NULL, '', 'home', '2016-08-03 06:29:37', 'new', 'online', 'PayPal', 1, '1470205776', '55.00', 'ch_18eIsmLvUBwfDsvBZXq0EMHm', NULL, '', '', 'true', '2016-08-03', ''),
(193, 147, '2016-08-03', '01:13 PM', '130.00', 'Gollapalli John peter', '7569861197', '07', 'Lohiya Nagar', 'East Marredpally', 'Secundrabad', 'Hyderabad', NULL, '', 'home', '2016-08-03 06:43:58', 'new', 'cash', 'PayPal', 2, NULL, '0.00', NULL, NULL, NULL, NULL, NULL, '2016-08-03', ''),
(194, 147, '2016-08-03', '12:19 PM', '339.00', 'Gollapalli John peter', '7569861197', '07', 'Lohiya Nagar', 'East Marredpally', 'Secundrabad', 'Hyderabad', NULL, '', 'home', '2016-08-03 06:49:57', 'new', 'cash', 'PayPal', 1, NULL, '0.00', NULL, NULL, NULL, NULL, NULL, '2016-08-03', ''),
(195, 172, '2016-08-04', '06:52 PM', '752.00', 'Pavan Kumar', '7207757581', 'Cvv', 'Gghh', '', 'Madhapur', 'Hyderabad', NULL, '', 'home', '2016-08-04 13:22:45', 'new', 'cash', 'PayPal', 3, NULL, '0.00', NULL, NULL, NULL, NULL, NULL, '2016-08-04', ''),
(196, 172, '2016-08-04', '06:52 PM', '1759.00', 'Pavan Kumar', '7207757581', 'Cvv', 'Gghh', '', 'Madhapur', 'Hyderabad', NULL, '', 'home', '2016-08-04 13:26:51', 'process', 'cash', 'PayPal', 6, NULL, '0.00', NULL, NULL, NULL, NULL, NULL, '2016-08-04', ''),
(197, 172, '2016-08-04', '06:52 PM', '254.00', 'Pavan Kumar', '7207757581', 'Cvv', 'Gghh', '', 'Madhapur', 'Hyderabad', NULL, '', 'home', '2016-08-04 13:27:19', 'new', 'cash', 'PayPal', 1, NULL, '0.00', NULL, NULL, NULL, NULL, NULL, '2016-08-04', ''),
(198, 148, '2016-08-05', '11:30 PM', '268.00', 'hxjcc hxnc', '7569861197', 'Er', 'Ff', 'Ff', 'Secundrabad', 'Hyderabad', NULL, '', 'home', '2016-08-05 18:01:00', 'new', 'cash', 'PayPal', 2, NULL, '0.00', NULL, NULL, NULL, NULL, NULL, '2016-08-05', ''),
(199, 148, '2016-08-07', '03:47 PM', '160.00', 'hxjcc hxnc', '9175698611', 'Er', 'Ff', 'Ff', 'Secundrabad', 'Hyderabad', NULL, '', 'home', '2016-08-06 10:17:24', 'new', 'cash', 'PayPal', 2, NULL, '0.00', NULL, NULL, NULL, NULL, NULL, '2016-08-06', ''),
(200, 173, '2016-08-06', '04:58 PM', '258.00', 'Kiran Kumar', '8341052387', 'Th', 'Gh', 'Gh', 'Madhapur', 'Hyderabad', NULL, '', 'home', '2016-08-06 11:28:43', 'new', 'cash', 'PayPal', 2, NULL, '0.00', NULL, NULL, NULL, NULL, NULL, '2016-08-06', ''),
(201, 173, '2016-08-06', '05:13 PM', '258.00', 'Kiran Kumar', '8341052387', 'Th', 'Gh', 'Gh', 'Madhapur', 'Hyderabad', NULL, '', 'home', '2016-08-06 11:43:12', 'new', 'cash', 'PayPal', 2, NULL, '0.00', NULL, NULL, NULL, NULL, NULL, '2016-08-06', ''),
(202, 123, '2016-08-31', '04:26 PM', '344.00', 'Acquah Stephen', '2665885555', '', '', '', 'Madhapur', 'Hyderabad', NULL, '', 'home', '2016-08-31 16:26:23', 'new', 'cash', 'PayPal', 2, NULL, '0.00', NULL, NULL, NULL, NULL, NULL, '2016-08-31', ''),
(203, 123, '2016-09-05', '09:12 AM', '105.00', 'Acquah Stephen', '5622336666', '', '', '', 'Madhapur', 'Hyderabad', NULL, '', 'home', '2016-09-05 09:19:18', 'new', 'cash', 'PayPal', 1, NULL, '0.00', NULL, NULL, NULL, NULL, NULL, '2016-09-05', ''),
(204, 178, '2016-10-01', '01:50 PM', '244.00', 'Gollapalli Bryson Mario', '7569861197', '107', 'Lohiya', 'Marredpally', 'Secundrabad', 'Hyderabad', NULL, '', 'home', '2016-10-01 08:21:08', 'process', 'cash', 'PayPal', 1, NULL, '0.00', NULL, NULL, NULL, NULL, NULL, '2016-10-01', ''),
(205, 178, '2016-10-01', '02:45 PM', '0.00', 'Gollapalli Bryson Mario', '7569861197', '107', 'Lohiya', 'Marredpally', 'Secundrabad', 'Hyderabad', NULL, '', 'home', '2016-10-01 09:16:01', 'new', 'cash', 'PayPal', -2, NULL, '0.00', NULL, NULL, NULL, NULL, NULL, '2016-10-01', '');
INSERT INTO `dn_orders` (`order_id`, `user_id`, `order_date`, `order_time`, `total_cost`, `customer_name`, `phone`, `house_no`, `apartment_name`, `other`, `landmark`, `city`, `pincode`, `message`, `order_type`, `date_created`, `status`, `payment_type`, `payment_gateway`, `no_of_items`, `paid_date`, `paid_amount`, `transaction_id`, `payer_id`, `payer_email`, `payer_name`, `payment_status`, `date_updated`, `device_id`) VALUES
(206, 178, '2016-10-01', '03:12 PM', '244.00', 'Gollapalli Bryson Mario', '7569861197', '107', 'Lohiya', 'Marredpally', 'Secundrabad', 'Hyderabad', NULL, '', 'home', '2016-10-01 09:42:52', 'new', 'cash', 'PayPal', 1, NULL, '0.00', NULL, NULL, NULL, NULL, NULL, '2016-10-01', ''),
(207, 179, '2016-10-01', '03:54 PM', '504.00', 'Gollapalli john', '7569861197', '10', 'Lalitha Apartments', '', 'Secundrabad', 'Hyderabad', NULL, '', 'home', '2016-10-01 10:24:49', 'process', 'cash', 'PayPal', 1, NULL, '0.00', NULL, NULL, NULL, NULL, NULL, '2016-10-01', ''),
(208, 179, '2016-10-01', '05:27 PM', '568.00', 'Gollapalli john', '7569861197', '10', 'Lalitha Apartments', '', 'Secundrabad', 'Hyderabad', NULL, '', 'home', '2016-10-01 11:57:35', 'process', 'cash', 'PayPal', 2, NULL, '0.00', NULL, NULL, NULL, NULL, NULL, '2016-10-01', ''),
(209, 180, '2016-11-25', '04:11 PM', '383.00', 'Sai Ram', '3256545645', '35/65-57', 'Vhvv', 'Xbhsb', 'Begumpet', 'Hyderabad', NULL, '', 'home', '2016-11-24 10:41:35', 'new', 'cash', 'PayPal', 3, NULL, '0.00', NULL, NULL, NULL, NULL, NULL, '2016-11-24', '0'),
(210, 180, '2016-11-25', '04:11 PM', '383.00', 'Sai Ram', '3256545645', '35/65-57', 'Vhvv', 'Xbhsb', 'Begumpet', 'Hyderabad', NULL, '', 'home', '2016-11-24 10:41:40', 'process', 'cash', 'PayPal', 3, NULL, '0.00', NULL, NULL, NULL, NULL, NULL, '2016-11-24', '0'),
(211, 180, '2016-11-25', '04:11 PM', '383.00', 'Sai Ram', '3256545645', '35/65-57', 'Vhvv', 'Xbhsb', 'Begumpet', 'Hyderabad', NULL, '', 'home', '2016-11-24 10:42:16', 'process', 'cash', 'PayPal', 3, NULL, '0.00', NULL, NULL, NULL, NULL, NULL, '2016-11-24', '0'),
(212, 180, '2016-11-25', '04:16 PM', '383.00', 'Sai Ram', '1236547890', 'H.no78/45-3/8', 'Kr puram', 'Gj and jh', 'KR Puram', 'Bangalore', NULL, '', 'home', '2016-11-24 10:49:22', 'delivered', 'online', '', 3, '2016-11-24T10:49:21Z', '383.00', 'PAY-1R426170PC327053GLA3MLJI', NULL, 'sai84130@gmail.com', 'Sai Ram', 'approved', '2016-11-24', '0'),
(213, 180, '2016-11-25', '04:16 PM', '383.00', 'Sai Ram', '1236547890', 'H.no78/45-3/8', 'Kr puram', 'Gj and jh', 'KR Puram', 'Bangalore', NULL, '', 'home', '2016-11-24 10:49:37', 'delivered', 'cash', 'PayPal', 3, NULL, '0.00', NULL, NULL, NULL, NULL, NULL, '2016-11-24', '0'),
(214, 180, '2016-11-24', '04:38 PM', '359.00', 'Sai Ram', '8341052387', 'H.no78/45-3/8', 'Kr puram', 'Gj and jh', 'KR Puram', 'Bangalore', NULL, '', 'home', '2016-11-24 11:08:13', 'new', 'cash', 'PayPal', 3, NULL, '0.00', NULL, NULL, NULL, NULL, NULL, '2016-11-24', '0'),
(215, 180, '2016-11-24', '04:38 PM', '359.00', 'Sai Ram', '8341052387', 'H.no78/45-3/8', 'Kr puram', 'Gj and jh', 'KR Puram', 'Bangalore', NULL, '', 'home', '2016-11-24 11:08:29', 'process', 'cash', 'PayPal', 3, NULL, '0.00', NULL, NULL, NULL, NULL, NULL, '2016-11-24', '0'),
(216, 180, '2016-11-24', '04:38 PM', '359.00', 'Sai Ram', '8341052387', 'H.no78/45-3/8', 'Kr puram', 'Gj and jh', 'KR Puram', 'Bangalore', NULL, '', 'home', '2016-11-24 11:10:41', 'new', 'cash', 'PayPal', 3, NULL, '0.00', NULL, NULL, NULL, NULL, NULL, '2016-11-24', ''),
(217, 180, '2016-11-24', '04:38 PM', '359.00', 'Sai Ram', '8341052387', 'H.no78/45-3/8', 'Kr puram', 'Gj and jh', 'KR Puram', 'Bangalore', NULL, '', 'home', '2016-11-24 11:10:46', 'new', 'cash', 'PayPal', 3, NULL, '0.00', NULL, NULL, NULL, NULL, NULL, '2016-11-24', ''),
(218, 180, '2016-11-24', '05:03 PM', '359.00', 'Sai Ram', '8341052387', 'H.no78/45-3/8', 'Kr puram', 'Gj and jh', 'KR Puram', 'Bangalore', NULL, '', 'home', '2016-11-24 11:33:48', 'new', 'cash', 'PayPal', 3, NULL, '0.00', NULL, NULL, NULL, NULL, NULL, '2016-11-24', ''),
(219, 180, '2016-11-24', '05:03 PM', '359.00', 'Sai Ram', '8341052387', 'H.no78/45-3/8', 'Kr puram', 'Gj and jh', 'KR Puram', 'Bangalore', NULL, '', 'home', '2016-11-24 11:42:30', 'new', 'cash', 'PayPal', 3, NULL, '0.00', NULL, NULL, NULL, NULL, NULL, '2016-11-24', '154d117f-6451-4827-bc85-d3710bb11072'),
(220, 180, '2016-11-24', '05:03 PM', '359.00', 'Sai Ram', '8341052387', 'H.no78/45-3/8', 'Kr puram', 'Gj and jh', 'KR Puram', 'Bangalore', NULL, '', 'home', '2016-11-24 11:43:00', 'new', 'cash', 'PayPal', 3, NULL, '0.00', NULL, NULL, NULL, NULL, NULL, '2016-11-24', '154d117f-6451-4827-bc85-d3710bb11072'),
(221, 180, '2016-11-24', '05:03 PM', '359.00', 'Sai Ram', '8341052387', 'H.no78/45-3/8', 'Kr puram', 'Gj and jh', 'KR Puram', 'Bangalore', NULL, '', 'home', '2016-11-24 11:43:06', 'new', 'cash', 'PayPal', 3, NULL, '0.00', NULL, NULL, NULL, NULL, NULL, '2016-11-24', '154d117f-6451-4827-bc85-d3710bb11072'),
(222, 180, '2016-11-24', '05:03 PM', '359.00', 'Sai Ram', '8341052387', 'H.no78/45-3/8', 'Kr puram', 'Gj and jh', 'KR Puram', 'Bangalore', NULL, '', 'home', '2016-11-24 11:43:17', 'new', 'cash', 'PayPal', 3, NULL, '0.00', NULL, NULL, NULL, NULL, NULL, '2016-11-24', '154d117f-6451-4827-bc85-d3710bb11072'),
(223, 180, '2016-11-24', '05:03 PM', '359.00', 'Sai Ram', '8341052387', 'H.no78/45-3/8', 'Kr puram', 'Gj and jh', 'KR Puram', 'Bangalore', NULL, '', 'home', '2016-11-24 11:44:30', 'new', 'cash', 'PayPal', 3, NULL, '0.00', NULL, NULL, NULL, NULL, NULL, '2016-11-24', '154d117f-6451-4827-bc85-d3710bb11072'),
(224, 180, '2016-11-24', '05:03 PM', '359.00', 'Sai Ram', '8341052387', 'H.no78/45-3/8', 'Kr puram', 'Gj and jh', 'KR Puram', 'Bangalore', NULL, '', 'home', '2016-11-24 11:45:11', 'new', 'cash', 'PayPal', 3, NULL, '0.00', NULL, NULL, NULL, NULL, NULL, '2016-11-24', '154d117f-6451-4827-bc85-d3710bb11072'),
(225, 180, '2016-11-24', '05:03 PM', '359.00', 'Sai Ram', '8341052387', 'H.no78/45-3/8', 'Kr puram', 'Gj and jh', 'KR Puram', 'Bangalore', NULL, '', 'home', '2016-11-24 11:46:57', 'new', 'cash', 'PayPal', 3, NULL, '0.00', NULL, NULL, NULL, NULL, NULL, '2016-11-24', '154d117f-6451-4827-bc85-d3710bb11072'),
(226, 180, '2016-11-24', '05:03 PM', '359.00', 'Sai Ram', '8341052387', 'H.no78/45-3/8', 'Kr puram', 'Gj and jh', 'KR Puram', 'Bangalore', NULL, '', 'home', '2016-11-24 11:49:12', 'new', 'cash', 'PayPal', 3, NULL, '0.00', NULL, NULL, NULL, NULL, NULL, '2016-11-24', '154d117f-6451-4827-bc85-d3710bb11072'),
(227, 180, '2016-11-24', '05:03 PM', '359.00', 'Sai Ram', '8341052387', 'H.no78/45-3/8', 'Kr puram', 'Gj and jh', 'KR Puram', 'Bangalore', NULL, '', 'home', '2016-11-24 11:50:43', 'new', 'cash', 'PayPal', 3, NULL, '0.00', NULL, NULL, NULL, NULL, NULL, '2016-11-24', '154d117f-6451-4827-bc85-d3710bb11072'),
(228, 180, '2016-11-24', '05:03 PM', '359.00', 'Sai Ram', '8341052387', 'H.no78/45-3/8', 'Kr puram', 'Gj and jh', 'KR Puram', 'Bangalore', NULL, '', 'home', '2016-11-24 11:51:15', 'new', 'cash', 'PayPal', 3, NULL, '0.00', NULL, NULL, NULL, NULL, NULL, '2016-11-24', '154d117f-6451-4827-bc85-d3710bb11072'),
(229, 181, '2016-11-26', '02:25 PM', '425.00', 'aruna yellanuru', '8341052387', 'H.no56/72-52', 'Aruna apartments', 'Kr puram Bangalore', 'KR Puram', 'Bangalore', NULL, '', 'home', '2016-11-25 08:55:23', 'process', 'cash', 'PayPal', 3, NULL, '0.00', NULL, NULL, NULL, NULL, NULL, '2016-11-25', '154d117f-6451-4827-bc85-d3710bb11072'),
(230, 181, '2016-11-29', '04:22 PM', '210.00', 'aruna yellanuru', '8341052387', 'H.no56/72-52', 'Aruna apartments', 'Kr puram Bangalore', 'KR Puram', 'Bangalore', NULL, '', 'home', '2016-11-25 09:51:19', 'new', 'online', '', 3, '2016-11-25T09:51:18Z', '210.00', 'PAY-9CY58114GX8473536LA4ATBI', NULL, 'arunayellanuru@gmail.com', 'aruna yellanuru', 'approved', '2016-11-25', '154d117f-6451-4827-bc85-d3710bb11072'),
(231, 181, '2016-11-30', '06:27 PM', '944.00', 'aruna yellanuru', '8341052387', 'H.no56/72-52', 'Aruna apartments', 'Kr puram Bangalore', 'KR Puram', 'Bangalore', NULL, '', 'home', '2016-11-25 11:14:03', 'new', 'online', 'Stripe', 2, '1480072442', '944.00', 'ch_19JheYLvUBwfDsvBvdwI9LW3', NULL, '', '', 'true', '2016-11-25', '154d117f-6451-4827-bc85-d3710bb11072'),
(232, 181, '2016-11-26', '06:59 PM', '1029.00', 'aruna yellanuru', '8341052387', 'H.no56/72-52', 'Aruna apartments', 'Kr puram Bangalore', 'KR Puram', 'Bangalore', NULL, '', 'home', '2016-11-25 11:29:49', 'cancelled', 'cash', 'PayPal', 4, NULL, '0.00', NULL, NULL, NULL, NULL, NULL, '2016-11-25', '8f35135d-9e36-4af0-9c02-bcf79da03426'),
(233, 181, '2016-11-27', '05:15 PM', '4280.00', 'aruna yellanuru', '8341052387', 'H.no 45/75-68', '', 'Test avg', 'KR Puram', 'Bangalore', NULL, '0', 'home', '2016-11-25 11:46:26', 'new', 'cash', 'PayPal', 3, NULL, '0.00', NULL, NULL, NULL, NULL, NULL, '2016-11-25', '8f35135d-9e36-4af0-9c02-bcf79da03426'),
(234, 181, '2016-11-29', '05:18 PM', '1297.00', 'aruna yellanuru', '8341052387', 'H.no 45/75-68', '', 'Test avg', 'KR Puram', 'Bangalore', NULL, '0', 'home', '2016-11-25 11:48:41', 'new', 'cash', 'PayPal', 4, NULL, '0.00', NULL, NULL, NULL, NULL, NULL, '2016-11-25', '8f35135d-9e36-4af0-9c02-bcf79da03426'),
(235, 181, '2016-11-27', '06:19 PM', '67.00', 'aruna yellanuru', '8341052387', 'H.no 45/75-68', '', 'Test avg', 'KR Puram', 'Bangalore', NULL, '0', 'home', '2016-11-25 11:49:59', 'new', 'online', 'Stripe', 2, '1480074598', '67.00', 'ch_19JiDKLvUBwfDsvBU9513pru', NULL, '', '', 'true', '2016-11-25', '8f35135d-9e36-4af0-9c02-bcf79da03426'),
(236, 181, '2016-11-27', '06:19 PM', '244.00', 'aruna yellanuru', '8341052387', 'H.no 45/75-68', '', 'Test avg', 'KR Puram', 'Bangalore', NULL, '0', 'home', '2016-11-25 11:51:14', 'new', 'online', 'PayPal', 1, '2016-11-25T11:51:12Z', '244.00', 'PAY-9HC8706838525724ALA4CLJI', NULL, 'arunayellanuru@gmail.com', 'aruna yellanuru', 'approved', '2016-11-25', '8f35135d-9e36-4af0-9c02-bcf79da03426'),
(237, 181, '2016-11-25', '07:54 PM', '252.00', 'aruna yellanuru', '8341052387', 'H.no 45/75-68', '', 'Test avg', 'KR Puram', 'Bangalore', NULL, '', 'home', '2016-11-25 14:29:10', 'new', '', 'PayPal', 3, '2016-11-25', '252.00', 'f8d320fc3a202087e7fc', NULL, 'arunayellanuru@gmail.com', 'aruna yellanuru', 'success', '2016-11-25', '154d117f-6451-4827-bc85-d3710bb11072'),
(238, 181, '2016-11-30', '11:58 AM', '1521.00', 'aruna yellanuru', '8341052387', 'H.no 53/12-74', 'Villas apartments', 'Gandhi Nagar main road', 'JANGOAN', 'Warangal', NULL, NULL, 'home', '2016-11-28 04:29:11', 'new', 'cash', 'PayPal', 5, NULL, '0.00', NULL, NULL, NULL, NULL, NULL, '2016-11-28', '154d117f-6451-4827-bc85-d3710bb11072'),
(239, 181, '2016-11-30', '11:58 AM', '883.00', 'aruna yellanuru', '8341052387', 'H.no 53/12-74', 'Villas apartments', 'Gandhi Nagar main road', 'JANGOAN', 'Warangal', NULL, 'Sorry for late update Your order is Cancelled', 'home', '2016-11-28 05:00:06', 'cancelled', 'online', 'PayPal', 3, '2016-11-28T05:00:02Z', '883.00', 'PAY-85V00248E26605913LA53TSQ', NULL, 'arunayellanuru@gmail.com', 'aruna yellanuru', 'approved', '2016-11-28', '154d117f-6451-4827-bc85-d3710bb11072'),
(240, 181, '2016-12-02', '11:40 AM', '620.00', 'aruna yellanuru', '8341052387', 'H.no 53/12-74', 'Villas apartments', 'Gandhi Nagar main road', 'JANGOAN', 'Warangal', NULL, NULL, 'home', '2016-11-28 05:08:14', 'new', 'online', 'Stripe', 3, '1480309693', '620.00', 'ch_19KhNBLvUBwfDsvBOqWzBZ4M', NULL, '', '', 'true', '2016-11-28', '154d117f-6451-4827-bc85-d3710bb11072'),
(241, 181, '2016-11-28', '09:00 PM', '100.00', 'aruna yellanuru', '8341052387', 'H.no 53/12-74', 'Villas apartments', 'Gandhi Nagar main road', 'JANGOAN', 'Warangal', NULL, NULL, 'home', '2016-11-28 05:46:30', 'new', 'cash', 'PayPal', 1, NULL, '0.00', NULL, NULL, NULL, NULL, NULL, '2016-11-28', '154d117f-6451-4827-bc85-d3710bb11072'),
(242, 181, '2016-11-30', '03:50 PM', '484.00', 'aruna yellanuru', '8341052387', 'H.no 53/12-74', 'Villas apartments', 'Gandhi Nagar main road', 'JANGOAN', 'Warangal', NULL, '', 'home', '2016-11-28 10:25:23', 'new', '', 'PayPal', 2, '2016-11-28', '484.00', '36ef7aa05bfcfca70c04', NULL, 'arunayellanuru@gmail.com', 'aruna yellanuru', 'success', '2016-11-28', 'b845182d-4036-4a1b-ad59-005e5161e0f5'),
(243, 181, '2016-11-30', '03:50 PM', '484.00', 'aruna yellanuru', '8341052387', 'H.no 53/12-74', 'Villas apartments', 'Gandhi Nagar main road', 'JANGOAN', 'Warangal', NULL, '', 'home', '2016-11-28 10:28:59', 'new', '', 'PayPal', 2, '2016-11-28', '484.00', '36ef7aa05bfcfca70c04', NULL, 'arunayellanuru@gmail.com', 'aruna yellanuru', 'success', '2016-11-28', 'b845182d-4036-4a1b-ad59-005e5161e0f5'),
(244, 181, '2016-11-30', '03:50 PM', '484.00', 'aruna yellanuru', '8341052387', 'H.no 53/12-74', 'Villas apartments', 'Gandhi Nagar main road', 'JANGOAN', 'Warangal', NULL, '', 'home', '2016-11-28 10:29:00', 'new', '', 'PayPal', 2, '2016-11-28', '484.00', '36ef7aa05bfcfca70c04', NULL, 'arunayellanuru@gmail.com', 'aruna yellanuru', 'success', '2016-11-28', 'b845182d-4036-4a1b-ad59-005e5161e0f5'),
(245, 181, '2016-11-30', '03:50 PM', '484.00', 'aruna yellanuru', '8341052387', 'H.no 53/12-74', 'Villas apartments', 'Gandhi Nagar main road', 'JANGOAN', 'Warangal', NULL, '', 'home', '2016-11-28 10:48:19', 'new', '', 'PayPal', 2, '2016-11-28', '484.00', '36ef7aa05bfcfca70c04', NULL, 'arunayellanuru@gmail.com', 'aruna yellanuru', 'success', '2016-11-28', 'b845182d-4036-4a1b-ad59-005e5161e0f5'),
(246, 181, '2016-11-30', '03:50 PM', '484.00', 'aruna yellanuru', '8341052387', 'H.no 53/12-74', 'Villas apartments', 'Gandhi Nagar main road', 'JANGOAN', 'Warangal', NULL, 'In Process', 'home', '2016-11-28 10:49:06', 'process', '', 'PayPal', 2, '2016-11-28', '484.00', '36ef7aa05bfcfca70c04', NULL, 'arunayellanuru@gmail.com', 'aruna yellanuru', 'success', '2016-11-28', 'b845182d-4036-4a1b-ad59-005e5161e0f5'),
(247, 181, '2016-11-29', '04:32 PM', '394.00', 'aruna yellanuru', '8341052387', 'H.no 53/12-74', 'Villas apartments', 'Gandhi Nagar main road', 'JANGOAN', 'Warangal', NULL, 'Your order is Delivered', 'home', '2016-11-28 11:04:20', 'delivered', '', 'PayPal', 2, '2016-11-28', '394.00', 'adeae5ec6407af5ac4ae', NULL, 'arunayellanuru@gmail.com', 'aruna yellanuru', 'success', '2016-11-28', 'b845182d-4036-4a1b-ad59-005e5161e0f5'),
(248, 181, '2016-11-30', '05:10 PM', '730.00', 'aruna yellanuru', '8341052387', 'H.no 53/12-74', 'Villas apartments', 'Gandhi Nagar main road', 'JANGOAN', 'Warangal', NULL, 'Your Order is delivered', 'home', '2016-11-28 11:53:08', 'delivered', 'online', 'PayU', 2, '2016-11-28', '730.00', '1399781237caf7abad98', NULL, 'arunayellanuru@gmail.com', 'aruna yellanuru', 'success', '2016-11-28', '81d9bcde-e497-4ed1-88e8-a4da9487d1f7');

-- --------------------------------------------------------

--
-- Table structure for table `dn_order_addons`
--

CREATE TABLE IF NOT EXISTS `dn_order_addons` (
  `oa_id` int(11) NOT NULL AUTO_INCREMENT,
  `order_id` int(11) NOT NULL,
  `addon_name` varchar(50) NOT NULL,
  `price` decimal(10,2) NOT NULL,
  `quantity` int(11) NOT NULL,
  `final_cost` decimal(10,2) NOT NULL,
  `is_deleted` int(11) NOT NULL,
  PRIMARY KEY (`oa_id`)
) ENGINE=MyISAM  DEFAULT CHARSET=latin1 AUTO_INCREMENT=68 ;

--
-- Dumping data for table `dn_order_addons`
--

INSERT INTO `dn_order_addons` (`oa_id`, `order_id`, `addon_name`, `price`, `quantity`, `final_cost`, `is_deleted`) VALUES
(1, 93, 'Chickent Boti', '90.00', 4, '360.00', 0),
(2, 93, 'Mutton Haleem', '100.00', 3, '300.00', 0),
(3, 94, 'Chickent Boti', '90.00', 5, '450.00', 0),
(4, 94, 'Chickent Boti', '90.00', 1, '90.00', 0),
(5, 94, 'Mutton Haleem', '100.00', 3, '300.00', 1),
(6, 94, 'Mutton Haleem', '100.00', 1, '100.00', 1),
(7, 122, 'Mutton Haleem', '100.00', 1, '100.00', 0),
(8, 152, 'CHICKEN CORN SOUP', '40.00', 3, '120.00', 0),
(9, 152, 'CHICKEN CORN SOUP', '40.00', 3, '120.00', 0),
(10, 152, 'GREEN TEA', '25.00', 1, '25.00', 0),
(11, 168, 'CHICKEN CORN SOUP', '40.00', 1, '40.00', 0),
(12, 168, 'Chicken Cutlets', '30.00', 1, '30.00', 0),
(13, 168, 'Chickent Boti', '90.00', 1, '90.00', 0),
(14, 170, 'CHICKEN CORN SOUP', '40.00', 1, '40.00', 0),
(15, 170, 'Chicken Cutlets', '30.00', 1, '30.00', 0),
(16, 170, 'Chickent Boti', '90.00', 1, '90.00', 0),
(17, 171, 'MUTTON BOTI', '30.00', 1, '30.00', 0),
(18, 171, 'MASOOR BIRYANI', '25.00', 1, '25.00', 0),
(19, 171, 'Chicken Cutlets', '30.00', 1, '30.00', 0),
(20, 172, 'Chickent Boti', '90.00', 1, '90.00', 0),
(21, 172, 'Chicken Cutlets', '30.00', 1, '30.00', 0),
(22, 172, 'CHICKEN CORN SOUP', '40.00', 1, '40.00', 0),
(23, 172, 'MASOOR BIRYANI', '25.00', 1, '25.00', 0),
(24, 172, 'MUTTON BOTI', '30.00', 1, '30.00', 0),
(25, 173, 'Chickent Boti', '90.00', 6, '540.00', 0),
(26, 173, 'Chicken Cutlets', '30.00', 6, '180.00', 0),
(27, 174, 'CHICKEN CORN SOUP', '40.00', 1, '40.00', 0),
(28, 174, 'Chicken Cutlets', '30.00', 1, '30.00', 0),
(29, 174, 'Chickent Boti', '90.00', 1, '90.00', 0),
(30, 174, 'Chicken Haleem', '40.00', 1, '40.00', 0),
(31, 174, 'Chicken Reshmi Kabab', '80.00', 1, '80.00', 0),
(32, 178, 'Chickent Boti', '90.00', 1, '90.00', 0),
(33, 182, 'Chickent Boti', '90.00', 2, '90.00', 0),
(34, 182, 'Chicken Reshmi Kabab', '80.00', 1, '80.00', 0),
(35, 182, 'Chicken Steam Roast', '100.00', 1, '100.00', 0),
(36, 185, 'Chickent Boti', '90.00', 1, '90.00', 0),
(37, 185, 'Chicken Steam Roast', '100.00', 1, '100.00', 0),
(38, 189, 'Chicken Cutlets', '30.00', 1, '30.00', 0),
(39, 191, 'Chicken Cutlets', '30.00', 1, '30.00', 0),
(40, 192, 'Update Addon', '25.00', 2, '25.00', 0),
(41, 192, 'Update Addon One', '20.00', 3, '20.00', 0),
(42, 193, 'Update Addon', '25.00', 2, '50.00', 0),
(43, 193, 'Update Addon One', '20.00', 3, '60.00', 0),
(44, 194, 'MUTTON BOTI', '30.00', 1, '30.00', 0),
(45, 194, 'MASOOR BIRYANI', '25.00', 1, '25.00', 0),
(46, 194, 'Chicken Cutlets', '30.00', 1, '30.00', 0),
(47, 199, 'Chicken Reshmi Kabab', '80.00', 1, '80.00', 0),
(48, 203, 'GREEN TEA', '25.00', 1, '25.00', 1),
(49, 203, 'GULAB JAMAN', '35.00', 1, '35.00', 1),
(50, 203, 'Chicken Cutlets', '30.00', 1, '30.00', 0),
(51, 205, 'Chicken Steam Roast', '100.00', 2, '200.00', 1),
(52, 205, 'Chicken Cutlets', '30.00', 1, '30.00', 1),
(53, 207, 'Chicken Steam Roast', '100.00', 1, '100.00', 0),
(54, 207, 'Chicken Cutlets', '30.00', 1, '30.00', 0),
(55, 207, 'Chickent Boti', '90.00', 1, '90.00', 0),
(56, 207, 'Chicken Reshmi Kabab', '80.00', 1, '80.00', 1),
(57, 232, 'Chicken Cutlets', '30.00', 4, '120.00', 0),
(58, 232, 'Masala', '25.00', 1, '25.00', 0),
(59, 233, 'Chicken Cutlets', '30.00', 1, '30.00', 0),
(60, 238, 'Chicken Cutlets', '30.00', 5, '150.00', 0),
(61, 238, 'Chickent Boti', '90.00', 1, '90.00', 0),
(62, 239, 'Chicken Cutlets', '30.00', 5, '150.00', 0),
(63, 239, 'Chickent Boti', '90.00', 1, '90.00', 0),
(64, 239, 'Masala', '25.00', 1, '25.00', 0),
(65, 241, 'Onions', '10.00', 1, '10.00', 0),
(66, 248, 'CHICKEN CORN SOUP', '40.00', 2, '80.00', 0),
(67, 248, 'Chicken Steam Roast', '100.00', 2, '200.00', 0);

-- --------------------------------------------------------

--
-- Table structure for table `dn_order_products`
--

CREATE TABLE IF NOT EXISTS `dn_order_products` (
  `op_id` int(11) NOT NULL AUTO_INCREMENT,
  `is_deleted` int(11) NOT NULL,
  `order_id` int(11) NOT NULL,
  `item_name` varchar(50) NOT NULL,
  `size_id` varchar(20) NOT NULL,
  `size_name` varchar(20) NOT NULL,
  `item_size_id` varchar(20) NOT NULL,
  `size_price` decimal(10,2) NOT NULL,
  `final_cost` decimal(10,2) NOT NULL,
  `item_qty` int(11) NOT NULL,
  `item_cost` decimal(10,2) NOT NULL,
  PRIMARY KEY (`op_id`),
  KEY `fk_order_id` (`order_id`)
) ENGINE=InnoDB  DEFAULT CHARSET=latin1 AUTO_INCREMENT=463 ;

--
-- Dumping data for table `dn_order_products`
--

INSERT INTO `dn_order_products` (`op_id`, `is_deleted`, `order_id`, `item_name`, `size_id`, `size_name`, `item_size_id`, `size_price`, `final_cost`, `item_qty`, `item_cost`) VALUES
(1, 0, 1, 'Clear Chicken Noodle Soup', '', '', '', '0.00', '134.00', 1, '134.00'),
(2, 0, 2, 'Chicken Biryani', '', '', '', '0.00', '244.00', 1, '244.00'),
(3, 0, 3, 'Double Ka Meetha', '', '', '', '0.00', '84.00', 1, '84.00'),
(4, 0, 4, 'Chicken Fried Rice', '', '', '', '0.00', '184.00', 1, '184.00'),
(5, 0, 5, 'Butter Chicken Boneless', '', '', '', '0.00', '288.00', 1, '288.00'),
(6, 0, 6, 'Apollo Fish', '', '', '', '0.00', '358.00', 1, '358.00'),
(7, 0, 7, 'Chicken Biryani', '', '', '', '0.00', '244.00', 1, '244.00'),
(8, 0, 9, 'Egg Biryani', '', '', '', '0.00', '200.00', 1, '200.00'),
(9, 0, 9, 'Mutton Biryani', '', '', '', '0.00', '254.00', 1, '254.00'),
(10, 0, 10, 'Baby Corn Hot-N-Pepper', '', '', '', '0.00', '229.00', 1, '229.00'),
(11, 0, 11, 'Chicken 65', '', '', '', '0.00', '309.00', 1, '309.00'),
(12, 0, 12, 'Clear Chicken Noodle Soup', '', '', '', '0.00', '134.00', 1, '134.00'),
(13, 0, 12, 'Cream Of Chicken Soup', '', '', '', '0.00', '124.00', 1, '124.00'),
(14, 0, 13, 'Cream Of Chicken Soup', '', '', '', '0.00', '124.00', 1, '124.00'),
(15, 0, 14, 'Clear Chicken Noodle Soup', '', '', '', '0.00', '134.00', 1, '134.00'),
(16, 0, 14, 'Hot-N-Sour Chicken Soup', '', '', '', '0.00', '134.00', 1, '134.00'),
(17, 0, 15, 'Clear Chicken Noodle Soup', '', '', '', '0.00', '134.00', 1, '134.00'),
(18, 0, 15, 'Cream Of Chicken Soup', '', '', '', '0.00', '124.00', 1, '124.00'),
(19, 0, 16, 'Clear Chicken Noodle Soup', '', '', '', '0.00', '134.00', 1, '134.00'),
(20, 0, 17, 'Chicken Biryani', '', '', '', '0.00', '244.00', 1, '244.00'),
(21, 0, 18, 'Egg Biryani', '', '', '', '0.00', '200.00', 1, '200.00'),
(22, 0, 18, 'Mutton Biryani', '', '', '', '0.00', '254.00', 1, '254.00'),
(23, 0, 18, 'Special Biryani', '', '', '', '0.00', '254.00', 1, '254.00'),
(24, 0, 18, 'Special Supreme Biryani Chicken', '', '', '', '0.00', '916.00', 1, '916.00'),
(25, 0, 19, 'Clear Chicken Noodle Soup', '', '', '', '0.00', '134.00', 1, '134.00'),
(26, 0, 19, 'Cream Of Chicken Soup', '', '', '', '0.00', '124.00', 1, '124.00'),
(27, 0, 19, 'Chicken Garlic Kebab', '', '', '', '0.00', '284.00', 1, '284.00'),
(28, 0, 19, 'Chicken Hara Bhara Kebab', '', '', '', '0.00', '284.00', 1, '284.00'),
(29, 0, 20, 'Clear Chicken Noodle Soup', '', '', '', '0.00', '134.00', 1, '134.00'),
(30, 0, 20, 'Cream Of Chicken Soup', '', '', '', '0.00', '124.00', 1, '124.00'),
(31, 0, 21, 'Clear Chicken Noodle Soup', '', '', '', '0.00', '134.00', 1, '134.00'),
(32, 0, 21, 'Cream Of Chicken Soup', '', '', '', '0.00', '124.00', 1, '124.00'),
(33, 0, 22, 'Clear Chicken Noodle Soup', '', '', '', '0.00', '134.00', 1, '134.00'),
(34, 0, 22, 'Cream Of Chicken Soup', '', '', '', '0.00', '124.00', 1, '124.00'),
(35, 0, 23, 'Clear Chicken Noodle Soup', '', '', '', '0.00', '134.00', 1, '134.00'),
(36, 0, 23, 'Cream Of Chicken Soup', '', '', '', '0.00', '124.00', 1, '124.00'),
(37, 0, 24, 'Chicken Biryani', '', '', '', '0.00', '244.00', 1, '244.00'),
(38, 0, 25, 'Clear Chicken Noodle Soup', '', '', '', '0.00', '134.00', 1, '134.00'),
(39, 0, 25, 'Cream Of Chicken Soup', '', '', '', '0.00', '124.00', 1, '124.00'),
(40, 0, 26, 'Chicken Biryani', '', '', '', '0.00', '244.00', 1, '244.00'),
(41, 0, 26, 'Egg Biryani', '', '', '', '0.00', '200.00', 1, '200.00'),
(42, 0, 27, 'Mutton Biryani', '', '', '', '0.00', '254.00', 1, '254.00'),
(43, 0, 28, 'Clear Chicken Noodle Soup', '', '', '', '0.00', '134.00', 1, '134.00'),
(44, 0, 28, 'Cream Of Chicken Soup', '', '', '', '0.00', '124.00', 1, '124.00'),
(45, 0, 29, 'Clear Chicken Noodle Soup', '', '', '', '0.00', '134.00', 1, '134.00'),
(46, 0, 29, 'Cream Of Chicken Soup', '', '', '', '0.00', '124.00', 1, '124.00'),
(47, 0, 30, 'Chicken Biryani', '', '', '', '0.00', '244.00', 1, '244.00'),
(48, 0, 31, 'Clear Chicken Noodle Soup', '', '', '', '0.00', '134.00', 1, '134.00'),
(49, 0, 31, 'Cream Of Chicken Soup', '', '', '', '0.00', '124.00', 1, '124.00'),
(50, 0, 37, '??? ?????', '', '', '', '0.00', '555.00', 1, '555.00'),
(51, 0, 37, 'Clear Chicken Noodle Soup', '', '', '', '0.00', '134.00', 1, '134.00'),
(52, 0, 38, '??? ?????', '', '', '', '0.00', '555.00', 1, '555.00'),
(53, 0, 38, 'Clear Chicken Noodle Soup', '', '', '', '0.00', '134.00', 1, '134.00'),
(54, 0, 39, 'Clear Chicken Noodle Soup', '', '', '', '0.00', '134.00', 1, '134.00'),
(55, 0, 39, 'Cream Of Chicken Soup', '', '', '', '0.00', '124.00', 1, '124.00'),
(56, 0, 39, 'Chicken Garlic Kebab', '', '', '', '0.00', '284.00', 1, '284.00'),
(57, 0, 39, 'Chicken Hara Bhara Kebab', '', '', '', '0.00', '284.00', 1, '284.00'),
(58, 0, 40, 'Apollo Fish', '', '', '', '0.00', '358.00', 1, '358.00'),
(59, 0, 40, 'Baby Corn Hot-N-Pepper', '', '', '', '0.00', '229.00', 1, '229.00'),
(60, 0, 41, 'Clear Chicken Noodle Soup', '', '', '', '0.00', '134.00', 1, '134.00'),
(61, 0, 41, 'Chicken Biryani', '', '', '', '0.00', '244.00', 1, '244.00'),
(62, 0, 42, 'Clear Chicken Noodle Soup', '', '', '', '0.00', '134.00', 1, '134.00'),
(63, 0, 42, 'Cream Of Chicken Soup', '', '', '', '0.00', '124.00', 1, '124.00'),
(64, 0, 43, 'Clear Chicken Noodle Soup', '', '', '', '0.00', '134.00', 1, '134.00'),
(65, 0, 43, 'Cream Of Chicken Soup', '', '', '', '0.00', '124.00', 1, '124.00'),
(66, 0, 44, 'Cream Of Chicken Soup', '', '', '', '0.00', '124.00', 1, '124.00'),
(67, 0, 44, 'Cream Of Tomato Soup', '', '', '', '0.00', '125.00', 1, '125.00'),
(68, 0, 45, 'Special Biryani', '', '', '', '0.00', '254.00', 1, '254.00'),
(69, 0, 45, 'Chicken Biryani', '', '', '', '0.00', '244.00', 1, '244.00'),
(70, 0, 46, 'Clear Chicken Noodle Soup', '', '', '', '0.00', '134.00', 1, '134.00'),
(71, 0, 46, 'Cream Of Chicken Soup', '', '', '', '0.00', '124.00', 1, '124.00'),
(72, 0, 47, 'Clear Chicken Noodle Soup', '', '', '', '0.00', '134.00', 1, '134.00'),
(73, 0, 47, 'Cream Of Chicken Soup', '', '', '', '0.00', '124.00', 1, '124.00'),
(74, 0, 48, 'Clear Chicken Noodle Soup', '', '', '', '0.00', '134.00', 1, '134.00'),
(75, 0, 48, 'Cream Of Chicken Soup', '', '', '', '0.00', '124.00', 1, '124.00'),
(76, 0, 49, 'Apollo Fish', '', '', '', '0.00', '358.00', 1, '358.00'),
(77, 0, 49, 'Baby Corn Hot-N-Pepper', '', '', '', '0.00', '229.00', 1, '229.00'),
(78, 0, 50, 'Clear Chicken Noodle Soup', '', '', '', '0.00', '134.00', 1, '134.00'),
(79, 1, 50, 'Cream Of Tomato Soup', '', '', '', '0.00', '125.00', 1, '125.00'),
(80, 0, 51, 'Chicken Biryani', '', '', '', '0.00', '244.00', 1, '244.00'),
(81, 0, 51, 'Egg Biryani', '', '', '', '0.00', '200.00', 1, '200.00'),
(82, 0, 51, 'Mutton Biryani', '', '', '', '0.00', '254.00', 1, '254.00'),
(83, 0, 52, 'Clear Chicken Noodle Soup', '', '', '', '0.00', '134.00', 1, '134.00'),
(84, 0, 52, 'Cream Of Chicken Soup', '', '', '', '0.00', '124.00', 1, '124.00'),
(85, 0, 53, 'Butter Naan', '', '', '', '0.00', '67.00', 1, '67.00'),
(86, 0, 53, 'Chicken Biryani', '', '', '', '0.00', '244.00', 1, '244.00'),
(87, 0, 54, 'Chicken Biryani', '', '', '', '0.00', '244.00', 1, '244.00'),
(88, 0, 54, 'Dal Fry', '', '', '', '0.00', '200.00', 1, '200.00'),
(89, 0, 54, 'Dal Makhani', '', '', '', '0.00', '200.00', 1, '200.00'),
(90, 0, 54, 'Kadai Paneer', '', '', '', '0.00', '210.00', 1, '210.00'),
(91, 0, 55, 'Butterscotch Milkshake', '', '', '', '0.00', '84.00', 1, '84.00'),
(92, 0, 55, 'Chocolate Milkshake', '', '', '', '0.00', '84.00', 1, '84.00'),
(93, 0, 55, 'Diet Coke', '', '', '', '0.00', '63.00', 1, '63.00'),
(94, 0, 56, 'Banana Split', '', '', '', '0.00', '150.00', 1, '150.00'),
(95, 0, 56, 'Black Forest Gateau', '', '', '', '0.00', '125.00', 1, '125.00'),
(96, 0, 57, 'Butter Naan', '', '', '', '0.00', '67.00', 1, '67.00'),
(97, 0, 58, 'Chicken Biryani', '', '', '', '0.00', '244.00', 1, '244.00'),
(98, 0, 59, 'Chicken Biryani', '', '', '', '0.00', '244.00', 1, '244.00'),
(99, 0, 60, 'Chicken Biryani', '', '', '', '0.00', '244.00', 1, '244.00'),
(100, 0, 60, 'Egg Biryani1', '', '', '', '0.00', '300.00', 1, '300.00'),
(101, 0, 61, 'Chicken Garlic Kebab', '', '', '', '0.00', '284.00', 1, '284.00'),
(102, 0, 61, 'Chicken Hara Bhara Kebab', '', '', '', '0.00', '284.00', 1, '284.00'),
(103, 0, 61, 'Chicken Sheek Kebab', '', '', '', '0.00', '284.00', 1, '284.00'),
(104, 0, 62, 'Chicken Biryani', '', '', '', '0.00', '244.00', 1, '244.00'),
(105, 1, 62, 'Egg Biryani1', '', '', '', '0.00', '300.00', 1, '300.00'),
(106, 0, 62, 'Mutton Biryani', '', '', '', '0.00', '254.00', 1, '254.00'),
(107, 0, 63, 'Chicken Biryani', '', '', '', '0.00', '244.00', 1, '244.00'),
(108, 0, 63, 'Egg Biryani1', '', '', '', '0.00', '300.00', 1, '300.00'),
(109, 0, 64, 'Chicken Biryani', '', '', '', '0.00', '244.00', 1, '244.00'),
(110, 0, 64, 'Egg Biryani1', '', '', '', '0.00', '300.00', 1, '300.00'),
(111, 0, 65, 'Clear Chicken Noodle Soup', '', '', '', '0.00', '134.00', 1, '134.00'),
(112, 0, 65, 'Cream Of Chicken Soup', '', '', '', '0.00', '124.00', 1, '124.00'),
(113, 0, 66, 'Clear Chicken Noodle Soup', '', '', '', '0.00', '536.00', 4, '134.00'),
(114, 0, 66, 'Cream Of Chicken Soup', '', '', '', '0.00', '496.00', 4, '124.00'),
(115, 0, 66, 'Hot-N-Sour Chicken Soup', '', '', '', '0.00', '134.00', 1, '134.00'),
(116, 0, 67, 'Cream Of Tomato Soup', '', '', '', '0.00', '625.00', 5, '125.00'),
(117, 0, 67, 'Hot-N-Sour Vegetable Soup', '', '', '', '0.00', '625.00', 5, '125.00'),
(118, 1, 67, 'Sweet Corn Vegetable Soup', '', '', '', '0.00', '500.00', 4, '125.00'),
(119, 1, 68, 'Cream Of Tomato Soup', '', '', '', '0.00', '125.00', 1, '125.00'),
(120, 1, 68, 'Hot-N-Sour Vegetable Soup', '', '', '', '0.00', '125.00', 1, '125.00'),
(121, 0, 69, 'Kinley Water', '', '', '', '0.00', '42.00', 1, '42.00'),
(122, 0, 70, 'Mutton Biryani', '', '', '', '0.00', '254.00', 1, '254.00'),
(123, 0, 70, 'Special Biryani', '', '', '', '0.00', '254.00', 1, '254.00'),
(124, 0, 70, 'Special Supreme Biryani Chicken', '', '', '', '0.00', '916.00', 1, '916.00'),
(125, 0, 70, 'Special Supreme Biryani Mutton', '', '', '', '0.00', '956.00', 1, '956.00'),
(126, 0, 71, 'Chicken Biryani', '', '', '', '0.00', '244.00', 1, '244.00'),
(127, 0, 72, 'Cream Of Tomato Soup', '', '', '', '0.00', '125.00', 1, '125.00'),
(128, 0, 72, 'Chicken Sheek Kebab', '', '', '', '0.00', '284.00', 1, '284.00'),
(129, 0, 72, 'Special Supreme Biryani Chicken', '', '', '', '0.00', '916.00', 1, '916.00'),
(130, 0, 72, 'Butter Chicken Boneless', '', '', '', '0.00', '288.00', 1, '288.00'),
(131, 0, 73, 'Clear Chicken Noodle Soup', '', '', '', '0.00', '134.00', 1, '134.00'),
(132, 0, 73, 'Cream Of Chicken Soup', '', '', '', '0.00', '124.00', 1, '124.00'),
(133, 0, 74, 'Chicken Biryani', '', '', '', '0.00', '244.00', 1, '244.00'),
(134, 0, 74, 'Egg Biryani1', '', '', '', '0.00', '300.00', 1, '300.00'),
(135, 0, 74, 'Baby Corn Manchurian', '', '', '', '0.00', '229.00', 1, '229.00'),
(136, 0, 75, 'Hot-N-Sour Chicken Soup', '', '', '', '0.00', '134.00', 1, '134.00'),
(137, 0, 75, 'Cream Of Tomato Soup', '', '', '', '0.00', '125.00', 1, '125.00'),
(138, 0, 75, 'Cream Of Chicken Soup', '', '', '', '0.00', '124.00', 1, '124.00'),
(139, 0, 75, 'Clear Chicken Noodle Soup', '', '', '', '0.00', '134.00', 1, '134.00'),
(140, 0, 75, 'Sweet Corn Chicken Soup', '', '', '', '0.00', '134.00', 1, '134.00'),
(141, 0, 76, 'Clear Chicken Noodle Soup', '', '', '', '0.00', '134.00', 1, '134.00'),
(142, 0, 76, 'Sweet Corn Chicken Soup', '', '', '', '0.00', '134.00', 1, '134.00'),
(143, 0, 76, 'Hot-N-Sour Vegetable Soup', '', '', '', '0.00', '125.00', 1, '125.00'),
(144, 0, 76, 'Hot-N-Sour Chicken Soup', '', '', '', '0.00', '134.00', 1, '134.00'),
(145, 0, 76, 'Cream Of Tomato Soup', '', '', '', '0.00', '1875.00', 15, '125.00'),
(146, 1, 76, 'Sweet Corn Vegetable Soup', '', '', '', '0.00', '125.00', 1, '125.00'),
(147, 0, 77, 'Chicken Biryani', '', '', '', '0.00', '244.00', 1, '244.00'),
(148, 1, 78, 'Clear Chicken Noodle Soup', '', '', '', '0.00', '134.00', 1, '134.00'),
(149, 0, 78, 'Cream Of Chicken Soup', '', '', '', '0.00', '124.00', 1, '124.00'),
(150, 0, 79, 'Chicken Biryani', '', '', '', '0.00', '244.00', 1, '244.00'),
(151, 0, 83, 'Special Biryani', '', '', '', '0.00', '254.00', 1, '254.00'),
(152, 1, 84, 'Mutton Biryani', '', '', '', '0.00', '254.00', 1, '254.00'),
(153, 0, 85, 'Chicken Biryani', '', '', '', '0.00', '732.00', 3, '244.00'),
(154, 0, 86, 'Chicken Biryani', '', '', '', '0.00', '244.00', 1, '244.00'),
(155, 0, 87, 'Special Biryani', '', '', '', '0.00', '254.00', 1, '254.00'),
(156, 0, 87, 'Special Supreme Biryani Chicken', '', '', '', '0.00', '916.00', 1, '916.00'),
(157, 1, 87, 'Special Supreme Biryani Mutton', '', '', '', '0.00', '956.00', 1, '956.00'),
(158, 0, 88, 'Chicken Biryani', '', '', '', '0.00', '732.00', 3, '244.00'),
(159, 0, 89, 'Mutton Biryani', '', '', '', '0.00', '254.00', 1, '254.00'),
(160, 1, 90, 'Clear Chicken Noodle Soup', '', '', '', '0.00', '134.00', 1, '134.00'),
(161, 1, 90, 'Cream Of Chicken Soup', '', '', '', '0.00', '124.00', 1, '124.00'),
(162, 1, 90, 'Cream Of Tomato Soup', '', '', '', '0.00', '125.00', 1, '125.00'),
(163, 1, 90, 'Hot-N-Sour Chicken Soup', '', '', '', '0.00', '134.00', 1, '134.00'),
(164, 1, 90, 'Hot-N-Sour Vegetable Soup', '', '', '', '0.00', '125.00', 1, '125.00'),
(165, 1, 90, 'Sweet Corn Chicken Soup', '', '', '', '0.00', '134.00', 1, '134.00'),
(166, 1, 90, 'Sweet Corn Vegetable Soup', '', '', '', '0.00', '125.00', 1, '125.00'),
(167, 0, 91, 'Chicken Biryani', '', '', '', '0.00', '244.00', 1, '244.00'),
(168, 0, 92, 'Chicken Biryani', '', '', '', '0.00', '244.00', 1, '244.00'),
(169, 0, 93, 'Chicken Biryani', '', '', '', '0.00', '488.00', 2, '244.00'),
(170, 0, 94, 'Chicken Biryani', '6', 'COMBO', '15', '585.00', '585.00', 1, '244.00'),
(171, 0, 95, 'Chicken Biryani', '', '', '', '0.00', '244.00', 1, '244.00'),
(172, 0, 95, 'Egg Biryani1', '', '', '', '0.00', '300.00', 1, '300.00'),
(173, 0, 96, 'Cream Of Tomato Soup', '', '', '', '0.00', '125.00', 1, '125.00'),
(174, 0, 96, 'Hot-N-Sour Vegetable Soup', '', '', '', '0.00', '125.00', 1, '125.00'),
(175, 0, 97, 'Chicken Biryani', '', '', '', '0.00', '244.00', 1, '244.00'),
(176, 0, 99, 'Chicken Biryani', '', '', '', '0.00', '244.00', 1, '244.00'),
(177, 0, 100, 'Clear Chicken Noodle Soup', '', '', '', '0.00', '134.00', 1, '134.00'),
(178, 0, 100, 'Cream Of Chicken Soup', '', '', '', '0.00', '124.00', 1, '124.00'),
(179, 0, 101, 'Chicken Biryani', '', '', '', '0.00', '244.00', 1, '244.00'),
(180, 0, 101, 'Egg Biryani1', '', '', '', '0.00', '300.00', 1, '300.00'),
(181, 0, 102, 'Chicken Garlic Kebab', '', '', '', '0.00', '284.00', 1, '284.00'),
(182, 0, 103, 'Chicken Biryani', '', '', '', '0.00', '244.00', 1, '244.00'),
(183, 0, 104, 'Clear Chicken Noodle Soup', '', '', '', '0.00', '134.00', 1, '134.00'),
(184, 0, 104, 'Cream Of Chicken Soup', '', '', '', '0.00', '124.00', 1, '124.00'),
(185, 0, 105, 'Clear Chicken Noodle Soup', '', '', '', '0.00', '134.00', 1, '134.00'),
(186, 0, 105, 'Cream Of Chicken Soup', '', '', '', '0.00', '124.00', 1, '124.00'),
(187, 0, 106, 'Clear Chicken Noodle Soup', '', '', '', '0.00', '134.00', 1, '134.00'),
(188, 0, 106, 'Cream Of Chicken Soup', '', '', '', '0.00', '124.00', 1, '124.00'),
(189, 0, 107, 'Cream Of Chicken Soup', '', '', '', '0.00', '124.00', 1, '124.00'),
(190, 0, 107, 'Cream Of Tomato Soup', '', '', '', '0.00', '125.00', 1, '125.00'),
(191, 0, 108, 'Chicken Biryani', '', '', '', '0.00', '244.00', 1, '244.00'),
(192, 0, 108, 'Egg Biryani1', '', '', '', '0.00', '300.00', 1, '300.00'),
(193, 0, 109, 'Chicken Biryani', '', '', '', '0.00', '244.00', 1, '244.00'),
(194, 0, 109, 'Egg Biryani1', '', '', '', '0.00', '300.00', 1, '300.00'),
(195, 0, 109, 'Mutton Biryani', '', '', '', '0.00', '254.00', 1, '254.00'),
(196, 0, 110, 'Chicken Biryani', '', '', '', '0.00', '244.00', 1, '244.00'),
(197, 0, 110, 'Egg Biryani1', '', '', '', '0.00', '300.00', 1, '300.00'),
(198, 0, 111, 'Chicken Biryani', '', '', '', '0.00', '244.00', 1, '244.00'),
(199, 0, 111, 'Egg Biryani1', '', '', '', '0.00', '300.00', 1, '300.00'),
(200, 0, 112, 'Chicken Biryani', '', '', '', '0.00', '244.00', 1, '244.00'),
(201, 0, 112, 'Egg Biryani1', '', '', '', '0.00', '300.00', 1, '300.00'),
(202, 0, 113, 'Clear Chicken Noodle Soup', '', '', '', '0.00', '134.00', 1, '134.00'),
(203, 0, 113, 'Cream Of Chicken Soup', '', '', '', '0.00', '124.00', 1, '124.00'),
(204, 0, 114, 'Clear Chicken Noodle Soup', '', '', '', '0.00', '134.00', 1, '134.00'),
(205, 0, 114, 'Cream Of Tomato Soup', '', '', '', '0.00', '125.00', 1, '125.00'),
(206, 0, 115, 'Clear Chicken Noodle Soup', '', '', '', '0.00', '134.00', 1, '134.00'),
(207, 0, 115, 'Cream Of Chicken Soup', '', '', '', '0.00', '124.00', 1, '124.00'),
(208, 0, 116, 'Mutton Biryani', '', '', '', '0.00', '254.00', 1, '254.00'),
(209, 0, 116, 'Special Biryani', '', '', '', '0.00', '254.00', 1, '254.00'),
(210, 0, 116, 'Special Supreme Biryani Mutton', '', '', '', '0.00', '956.00', 1, '956.00'),
(211, 0, 117, 'Clear Chicken Noodle Soup', '', '', '', '0.00', '134.00', 1, '134.00'),
(212, 0, 117, 'Cream Of Chicken Soup', '', '', '', '0.00', '124.00', 1, '124.00'),
(213, 0, 117, 'Cream Of Tomato Soup', '', '', '', '0.00', '125.00', 1, '125.00'),
(214, 1, 117, 'Hot-N-Sour Chicken Soup', '', '', '', '0.00', '134.00', 1, '134.00'),
(215, 0, 118, 'Chicken Biryani', '', '', '', '0.00', '244.00', 1, '244.00'),
(216, 0, 119, 'Chicken Biryani', '', '', '', '0.00', '244.00', 1, '244.00'),
(217, 0, 119, 'Egg Biryani1', '', '', '', '0.00', '300.00', 1, '300.00'),
(218, 0, 119, 'Mutton Biryani', '', '', '', '0.00', '254.00', 1, '254.00'),
(219, 1, 121, 'Chicken Biryani', '', '', '', '0.00', '244.00', 1, '244.00'),
(220, 0, 122, 'Chicken Biryani', '6', 'COMBO', '15', '585.00', '585.00', 1, '244.00'),
(221, 0, 123, 'Special Biryani', '', '', '', '0.00', '254.00', 1, '254.00'),
(222, 0, 123, 'Special Supreme Biryani Chicken', '', '', '', '0.00', '916.00', 1, '916.00'),
(223, 0, 123, 'Special Supreme Biryani Mutton', '', '', '', '0.00', '956.00', 1, '956.00'),
(224, 0, 124, 'Chicken Biryani', '', '', '', '0.00', '244.00', 1, '244.00'),
(225, 0, 125, 'Clear Chicken Noodle Soup', '', '', '', '0.00', '134.00', 1, '134.00'),
(226, 0, 125, 'Cream Of Chicken Soup', '', '', '', '0.00', '124.00', 1, '124.00'),
(227, 0, 126, 'Clear Chicken Noodle Soup', '', '', '', '0.00', '134.00', 1, '134.00'),
(228, 0, 126, 'Cream Of Chicken Soup', '', '', '', '0.00', '124.00', 1, '124.00'),
(229, 1, 127, 'Butterscotch Milkshake', '', '', '', '0.00', '84.00', 1, '84.00'),
(230, 0, 127, 'Diet Coke', '', '', '', '0.00', '63.00', 1, '63.00'),
(231, 0, 128, 'Special Biryani', '', '', '', '0.00', '254.00', 1, '254.00'),
(232, 0, 129, 'Special Supreme Biryani Mutton', '', '', '', '0.00', '956.00', 1, '956.00'),
(233, 0, 130, 'Chicken Garlic Kebab', '', '', '', '0.00', '284.00', 1, '284.00'),
(234, 0, 131, 'Clear Chicken Noodle Soup', '', '', '', '0.00', '134.00', 1, '134.00'),
(235, 0, 131, 'Cream Of Chicken Soup', '', '', '', '0.00', '124.00', 1, '124.00'),
(236, 0, 132, 'Clear Chicken Noodle Soup', '', '', '', '0.00', '134.00', 1, '134.00'),
(237, 0, 132, 'Cream Of Chicken Soup', '', '', '', '0.00', '124.00', 1, '124.00'),
(244, 0, 136, 'Special Supreme Biryani Chicken', '', '', '', '0.00', '916.00', 1, '916.00'),
(245, 0, 136, 'Special Supreme Biryani Mutton', '', '', '', '0.00', '956.00', 1, '956.00'),
(250, 0, 139, 'Special Supreme Biryani Chicken', '', '', '', '0.00', '916.00', 1, '916.00'),
(251, 0, 140, 'Special Biryani', '', '', '', '0.00', '254.00', 1, '254.00'),
(256, 0, 143, 'Special Biryani', '', '', '', '0.00', '254.00', 1, '254.00'),
(259, 0, 145, 'Chicken Biryani', '', '', '', '0.00', '244.00', 1, '244.00'),
(266, 0, 148, 'Mutton Biryani', '', '', '', '0.00', '254.00', 1, '254.00'),
(267, 0, 149, 'Chicken Biryani', '', '', '', '0.00', '244.00', 1, '244.00'),
(268, 0, 149, 'Egg Biryani1', '', '', '', '0.00', '300.00', 1, '300.00'),
(269, 1, 150, 'Special Supreme Biryani Mutton', '', '', '', '0.00', '956.00', 1, '956.00'),
(270, 1, 150, 'Vegetable Biryani', '', '', '', '0.00', '200.00', 1, '200.00'),
(271, 0, 151, 'Chicken Biryani', '', '', '', '0.00', '244.00', 1, '244.00'),
(272, 0, 152, 'Special Biryani', '', '', '', '0.00', '254.00', 1, '254.00'),
(281, 0, 163, 'Clear Chicken Noodle Soup', '', '', '', '0.00', '134.00', 1, '134.00'),
(282, 0, 163, 'Cream Of Chicken Soup', '', '', '', '0.00', '124.00', 1, '124.00'),
(283, 0, 164, 'Clear Chicken Noodle Soup', '', '', '', '0.00', '134.00', 1, '134.00'),
(284, 0, 164, 'Cream Of Chicken Soup', '', '', '', '0.00', '124.00', 1, '124.00'),
(285, 0, 164, 'Chicken Biryani', '', '', '', '0.00', '244.00', 1, '244.00'),
(286, 0, 165, 'Chicken Biryani', '', '', '', '0.00', '244.00', 1, '244.00'),
(287, 0, 165, 'Mutton Biryani', '', '', '', '0.00', '254.00', 1, '254.00'),
(288, 0, 166, 'Chicken Biryani', '', '', '', '0.00', '244.00', 1, '244.00'),
(289, 0, 166, 'Mutton Biryani', '', '', '', '0.00', '254.00', 1, '254.00'),
(290, 0, 166, 'Special Supreme Biryani Chicken', '', '', '', '0.00', '916.00', 1, '916.00'),
(291, 0, 166, 'Special Supreme Biryani Mutton', '', '', '', '0.00', '956.00', 1, '956.00'),
(292, 0, 166, 'Vegetable Biryani', '', '', '', '0.00', '200.00', 1, '200.00'),
(293, 0, 166, 'Baby Corn Hot-N-Pepper', '', '', '', '0.00', '229.00', 1, '229.00'),
(294, 0, 166, 'Apollo Fish', '', '', '', '0.00', '358.00', 1, '358.00'),
(295, 0, 167, 'Chocolate Milkshake', '', '', '', '0.00', '84.00', 1, '84.00'),
(296, 1, 168, 'Chicken Biryani', '6', 'Combo', '38', '585.00', '585.00', 1, '244.00'),
(297, 1, 168, 'Mutton Biryani', '', '', '', '0.00', '254.00', 1, '254.00'),
(298, 0, 169, 'Chicken Biryani', '6', 'Combo', '38', '585.00', '1755.00', 3, '244.00'),
(299, 0, 170, 'Chicken Biryani', '', '', '', '0.00', '244.00', 1, '244.00'),
(300, 0, 170, 'Mutton Biryani', '', '', '', '0.00', '254.00', 1, '254.00'),
(301, 0, 170, 'Special Biryani', '', '', '', '0.00', '254.00', 1, '254.00'),
(302, 1, 171, 'Chicken Biryani', '', '', '', '0.00', '244.00', 1, '244.00'),
(303, 1, 171, 'Mutton Biryani', '', '', '', '0.00', '254.00', 1, '254.00'),
(304, 0, 172, 'Chicken Biryani', '6', 'Combo', '38', '585.00', '585.00', 1, '244.00'),
(305, 0, 172, 'Mutton Biryani', '6', 'Combo', '43', '600.00', '600.00', 1, '254.00'),
(306, 0, 173, 'Chicken Biryani', '6', 'Combo', '38', '585.00', '1170.00', 2, '244.00'),
(307, 0, 174, 'Chicken Biryani', '12', 'Family', '39', '450.00', '450.00', 1, '244.00'),
(308, 0, 174, 'Mutton Biryani', '', '', '', '0.00', '254.00', 1, '254.00'),
(309, 0, 174, 'Special Biryani', '', '', '', '0.00', '254.00', 1, '254.00'),
(310, 0, 175, 'Paneer achari Kebab', '', '', '', '0.00', '210.00', 1, '210.00'),
(311, 0, 175, 'Chicken Biryani', '', '', '', '0.00', '244.00', 1, '244.00'),
(312, 0, 176, 'Chicken Biryani', '', '', '', '0.00', '244.00', 1, '244.00'),
(313, 0, 176, 'Mutton Biryani', '', '', '', '0.00', '254.00', 1, '254.00'),
(314, 0, 177, 'Chicken Biryani', '', '', '', '0.00', '244.00', 1, '244.00'),
(315, 0, 178, 'Clear Chicken Noodle Soup', '14', 'Single', '28', '50.00', '50.00', 1, '134.00'),
(316, 0, 179, 'Sweet Corn Chicken Soup', '', '', '', '0.00', '134.00', 1, '134.00'),
(317, 0, 180, 'Roasted Papad', '', '', '', '0.00', '38.00', 1, '38.00'),
(318, 0, 180, 'Butter Naan', '', '', '', '0.00', '67.00', 1, '67.00'),
(319, 0, 181, 'Butter Chicken Boneless', '', '', '', '0.00', '288.00', 1, '288.00'),
(320, 0, 182, 'Clear Chicken Noodle Soup', '8', 'Small', '27', '40.00', '40.00', 1, '134.00'),
(321, 0, 183, 'Clear Chicken Noodle Soup', '8', 'Small', '27', '40.00', '40.00', 1, '134.00'),
(322, 0, 184, 'Butter Chicken Boneless', '', '', '', '0.00', '288.00', 1, '288.00'),
(323, 0, 185, 'Chicken Garlic Kebab', '4', 'Large', '65', '250.00', '250.00', 1, '284.00'),
(324, 0, 185, 'Mutton Malai Kebab', '', '', '', '0.00', '299.00', 1, '299.00'),
(325, 1, 186, 'Clear Chicken Noodle Soup', '', '', '', '0.00', '134.00', 1, '134.00'),
(326, 1, 186, 'Cream Of Chicken Soup', '', '', '', '0.00', '124.00', 1, '124.00'),
(327, 1, 187, 'Chicken Biryani', '', '', '', '0.00', '244.00', 1, '244.00'),
(328, 0, 187, 'Mutton Biryani', '', '', '', '0.00', '254.00', 1, '254.00'),
(329, 0, 188, 'Clear Chicken Noodle Soup', '', '', '', '0.00', '134.00', 1, '134.00'),
(330, 0, 189, 'Apollo Fish', '', '', '', '0.00', '358.00', 1, '358.00'),
(331, 0, 189, 'Chicken Drum Sticks', '', '', '', '0.00', '309.00', 1, '309.00'),
(332, 0, 189, 'Butter Chicken Boneless', '', '', '', '0.00', '288.00', 1, '288.00'),
(333, 0, 190, 'Chicken Biryani', '', '', '', '0.00', '244.00', 1, '244.00'),
(334, 0, 190, 'Special Biryani', '', '', '', '0.00', '254.00', 1, '254.00'),
(335, 0, 190, 'Special Supreme Biryani Chicken', '', '', '', '0.00', '916.00', 1, '916.00'),
(336, 0, 191, 'Cream Of Tomato Soup', '', '', '', '0.00', '125.00', 1, '125.00'),
(337, 0, 191, 'Chicken Chilli Masala', '', '', '', '0.00', '278.00', 1, '278.00'),
(338, 0, 191, 'Special Supreme Biryani Chicken', '', '', '', '0.00', '916.00', 1, '916.00'),
(339, 0, 192, 'Update Item One', '', '', '', '0.00', '10.00', 1, '10.00'),
(340, 0, 193, 'Update Item One', '', '', '', '0.00', '10.00', 1, '10.00'),
(341, 0, 193, 'Update Item Two', '17', 'Update Option Two', '86', '10.00', '10.00', 1, '20.00'),
(342, 0, 194, 'Mutton Biryani', '', '', '', '0.00', '254.00', 1, '254.00'),
(343, 0, 195, 'Chicken Biryani', '', '', '', '0.00', '244.00', 1, '244.00'),
(344, 0, 195, 'Mutton Biryani', '', '', '', '0.00', '254.00', 1, '254.00'),
(345, 0, 195, 'Special Biryani', '', '', '', '0.00', '254.00', 1, '254.00'),
(346, 0, 196, 'Chicken Garlic Kebab', '', '', '', '0.00', '284.00', 1, '284.00'),
(347, 0, 196, 'Chicken Hara Bhara Kebab', '', '', '', '0.00', '284.00', 1, '284.00'),
(348, 0, 196, 'Chicken Sheek Kebab', '', '', '', '0.00', '284.00', 1, '284.00'),
(349, 0, 196, 'Fish Malai Kebab', '', '', '', '0.00', '309.00', 1, '309.00'),
(350, 0, 196, 'Mutton Pepper Kebab', '', '', '', '0.00', '299.00', 1, '299.00'),
(351, 0, 196, 'Mutton Malai Kebab', '', '', '', '0.00', '299.00', 1, '299.00'),
(352, 1, 197, 'Chicken Biryani', '', '', '', '0.00', '244.00', 1, '244.00'),
(353, 0, 197, 'Mutton Biryani', '', '', '', '0.00', '254.00', 1, '254.00'),
(354, 0, 198, 'Clear Chicken Noodle Soup', '', '', '', '0.00', '134.00', 1, '134.00'),
(355, 0, 198, 'Hot-N-Sour Chicken Soup', '', '', '', '0.00', '134.00', 1, '134.00'),
(356, 0, 199, 'Chicken Biryani', '', '', '', '0.00', '244.00', 1, '244.00'),
(357, 0, 199, 'Baby Corn Hot-N-Pepper', '8', 'Small', '60', '250.00', '250.00', 1, '229.00'),
(358, 0, 200, 'Clear Chicken Noodle Soup', '', '', '', '0.00', '134.00', 1, '134.00'),
(359, 0, 200, 'Cream Of Chicken Soup', '', '', '', '0.00', '124.00', 1, '124.00'),
(360, 0, 201, 'Cream Of Chicken Soup', '', '', '', '0.00', '124.00', 1, '124.00'),
(361, 0, 201, 'Clear Chicken Noodle Soup', '', '', '', '0.00', '134.00', 1, '134.00'),
(362, 0, 202, 'Chicken Biryani', '', '', '', '0.00', '244.00', 1, '244.00'),
(363, 0, 202, 'Mutton Biryani', '8', 'Small', '41', '100.00', '100.00', 1, '254.00'),
(364, 0, 203, 'Russian Salad', '', '', '', '0.00', '75.00', 1, '75.00'),
(365, 1, 203, 'Banana Split', '8', 'Small', '75', '250.00', '250.00', 1, '150.00'),
(366, 0, 204, 'Chicken Biryani', '', '', '', '0.00', '244.00', 1, '244.00'),
(367, 1, 205, 'Chicken Garlic Kebab', '8', 'Small', '63', '100.00', '100.00', 1, '284.00'),
(368, 0, 206, 'Chicken Biryani', '', '', '', '0.00', '244.00', 1, '244.00'),
(369, 1, 206, 'Mutton Biryani', '', '', '', '0.00', '254.00', 1, '254.00'),
(370, 0, 207, 'Chicken Garlic Kebab', '', '', '', '0.00', '284.00', 1, '284.00'),
(371, 0, 208, 'Chicken Garlic Kebab', '', '', '', '0.00', '284.00', 1, '284.00'),
(372, 0, 208, 'Chicken Hara Bhara Kebab', '', '', '', '0.00', '284.00', 1, '284.00'),
(373, 1, 208, 'Chicken Sheek Kebab', '', '', '', '0.00', '284.00', 1, '284.00'),
(374, 0, 209, 'Cream Of Chicken Soup', '', '', '', '0.00', '124.00', 1, '124.00'),
(375, 0, 209, 'Hot-N-Sour Chicken Soup', '', '', '', '0.00', '134.00', 1, '134.00'),
(376, 0, 209, 'Sweet Corn Vegetable Soup', '', '', '', '0.00', '125.00', 1, '125.00'),
(377, 0, 210, 'Cream Of Chicken Soup', '', '', '', '0.00', '124.00', 1, '124.00'),
(378, 0, 210, 'Hot-N-Sour Chicken Soup', '', '', '', '0.00', '134.00', 1, '134.00'),
(379, 0, 210, 'Sweet Corn Vegetable Soup', '', '', '', '0.00', '125.00', 1, '125.00'),
(380, 0, 211, 'Cream Of Chicken Soup', '', '', '', '0.00', '124.00', 1, '124.00'),
(381, 0, 211, 'Hot-N-Sour Chicken Soup', '', '', '', '0.00', '134.00', 1, '134.00'),
(382, 0, 211, 'Sweet Corn Vegetable Soup', '', '', '', '0.00', '125.00', 1, '125.00'),
(383, 0, 212, 'Cream Of Chicken Soup', '', '', '', '0.00', '124.00', 1, '124.00'),
(384, 0, 212, 'Hot-N-Sour Chicken Soup', '', '', '', '0.00', '134.00', 1, '134.00'),
(385, 0, 212, 'Sweet Corn Vegetable Soup', '', '', '', '0.00', '125.00', 1, '125.00'),
(386, 0, 213, 'Cream Of Chicken Soup', '', '', '', '0.00', '124.00', 1, '124.00'),
(387, 0, 213, 'Hot-N-Sour Chicken Soup', '', '', '', '0.00', '134.00', 1, '134.00'),
(388, 0, 213, 'Sweet Corn Vegetable Soup', '', '', '', '0.00', '125.00', 1, '125.00'),
(389, 0, 214, 'Cream Of Chicken Soup', '', '', '', '0.00', '100.00', 1, '124.00'),
(390, 0, 214, 'Hot-N-Sour Chicken Soup', '', '', '', '0.00', '134.00', 1, '134.00'),
(391, 0, 214, 'Sweet Corn Vegetable Soup', '', '', '', '0.00', '125.00', 1, '125.00'),
(392, 0, 215, 'Cream Of Chicken Soup', '', '', '', '0.00', '100.00', 1, '124.00'),
(393, 0, 215, 'Hot-N-Sour Chicken Soup', '', '', '', '0.00', '134.00', 1, '134.00'),
(394, 0, 215, 'Sweet Corn Vegetable Soup', '', '', '', '0.00', '125.00', 1, '125.00'),
(395, 0, 216, 'Cream Of Chicken Soup', '', '', '', '0.00', '100.00', 1, '124.00'),
(396, 0, 216, 'Hot-N-Sour Chicken Soup', '', '', '', '0.00', '134.00', 1, '134.00'),
(397, 0, 216, 'Sweet Corn Vegetable Soup', '', '', '', '0.00', '125.00', 1, '125.00'),
(398, 0, 217, 'Cream Of Chicken Soup', '', '', '', '0.00', '100.00', 1, '124.00'),
(399, 0, 217, 'Hot-N-Sour Chicken Soup', '', '', '', '0.00', '134.00', 1, '134.00'),
(400, 0, 217, 'Sweet Corn Vegetable Soup', '', '', '', '0.00', '125.00', 1, '125.00'),
(401, 0, 218, 'Cream Of Chicken Soup', '', '', '', '0.00', '100.00', 1, '124.00'),
(402, 0, 218, 'Hot-N-Sour Chicken Soup', '', '', '', '0.00', '134.00', 1, '134.00'),
(403, 0, 218, 'Sweet Corn Vegetable Soup', '', '', '', '0.00', '125.00', 1, '125.00'),
(404, 0, 223, 'Cream Of Chicken Soup', '', '', '', '0.00', '100.00', 1, '124.00'),
(405, 0, 223, 'Hot-N-Sour Chicken Soup', '', '', '', '0.00', '134.00', 1, '134.00'),
(406, 0, 223, 'Sweet Corn Vegetable Soup', '', '', '', '0.00', '125.00', 1, '125.00'),
(407, 0, 224, 'Cream Of Chicken Soup', '', '', '', '0.00', '100.00', 1, '124.00'),
(408, 0, 224, 'Hot-N-Sour Chicken Soup', '', '', '', '0.00', '134.00', 1, '134.00'),
(409, 0, 224, 'Sweet Corn Vegetable Soup', '', '', '', '0.00', '125.00', 1, '125.00'),
(410, 0, 225, 'Cream Of Chicken Soup', '', '', '', '0.00', '100.00', 1, '124.00'),
(411, 0, 225, 'Hot-N-Sour Chicken Soup', '', '', '', '0.00', '134.00', 1, '134.00'),
(412, 0, 225, 'Sweet Corn Vegetable Soup', '', '', '', '0.00', '125.00', 1, '125.00'),
(413, 0, 226, 'Cream Of Chicken Soup', '', '', '', '0.00', '100.00', 1, '124.00'),
(414, 0, 226, 'Hot-N-Sour Chicken Soup', '', '', '', '0.00', '134.00', 1, '134.00'),
(415, 0, 226, 'Sweet Corn Vegetable Soup', '', '', '', '0.00', '125.00', 1, '125.00'),
(416, 0, 227, 'Cream Of Chicken Soup', '', '', '', '0.00', '100.00', 1, '124.00'),
(417, 0, 227, 'Hot-N-Sour Chicken Soup', '', '', '', '0.00', '134.00', 1, '134.00'),
(418, 0, 227, 'Sweet Corn Vegetable Soup', '', '', '', '0.00', '125.00', 1, '125.00'),
(419, 0, 228, 'Cream Of Chicken Soup', '', '', '', '0.00', '100.00', 1, '124.00'),
(420, 0, 228, 'Hot-N-Sour Chicken Soup', '', '', '', '0.00', '134.00', 1, '134.00'),
(421, 0, 228, 'Sweet Corn Vegetable Soup', '', '', '', '0.00', '125.00', 1, '125.00'),
(422, 0, 229, 'Butterscotch Milkshake', '8', 'Small', '72', '150.00', '150.00', 1, '84.00'),
(423, 0, 229, 'Banana Split', '', '', '', '0.00', '150.00', 1, '150.00'),
(424, 0, 229, 'Butterscotch', '', '', '', '0.00', '125.00', 1, '125.00'),
(425, 0, 230, 'Butterscotch Milkshake', '', '', '', '0.00', '84.00', 1, '84.00'),
(426, 0, 230, 'Fanta', '', '', '', '0.00', '42.00', 1, '42.00'),
(427, 0, 230, 'Lassi', '', '', '', '0.00', '84.00', 1, '84.00'),
(428, 0, 231, 'Chicken Biryani', '', '', '', '0.00', '244.00', 1, '244.00'),
(429, 0, 231, 'Mutton Biryani', '12', 'Family', '42', '350.00', '700.00', 2, '254.00'),
(430, 0, 232, 'Butterscotch Milkshake', '8', 'Small', '72', '150.00', '150.00', 1, '84.00'),
(431, 0, 232, 'Sweet Lime', '', '', '', '0.00', '84.00', 1, '84.00'),
(432, 0, 232, 'Chicken Biryani', '12', 'Family', '39', '450.00', '450.00', 1, '244.00'),
(433, 0, 232, 'Vegetable Biryani', '', '', '', '0.00', '200.00', 1, '200.00'),
(434, 0, 233, 'Chicken Biryani', '', '', '', '0.00', '488.00', 2, '244.00'),
(435, 0, 233, 'Mutton Biryani', '', '', '', '0.00', '762.00', 3, '254.00'),
(436, 0, 233, 'Special Biryani', '12', 'Family', '45', '600.00', '3000.00', 5, '254.00'),
(437, 0, 234, 'Cream Of Chicken Soup', '', '', '', '0.00', '372.00', 3, '124.00'),
(438, 0, 234, 'Cream Of Tomato Soup', '', '', '', '0.00', '375.00', 3, '125.00'),
(439, 0, 234, 'Sweet Corn Vegetable Soup', '', '', '', '0.00', '250.00', 2, '125.00'),
(440, 0, 234, 'Butterscotch Milkshake', '8', 'Small', '72', '150.00', '300.00', 2, '84.00'),
(441, 0, 235, 'Cold Coffee', '8', 'Small', '84', '25.00', '25.00', 1, '84.00'),
(442, 0, 235, 'Fanta', '', '', '', '0.00', '42.00', 1, '42.00'),
(443, 0, 236, 'Chicken Biryani', '', '', '', '0.00', '244.00', 1, '244.00'),
(444, 0, 237, 'Butterscotch Milkshake', '', '', '', '0.00', '84.00', 1, '84.00'),
(445, 0, 237, 'Chocolate Milkshake', '', '', '', '0.00', '84.00', 1, '84.00'),
(446, 0, 237, 'Cold Coffee', '', '', '', '0.00', '84.00', 1, '84.00'),
(447, 0, 238, 'Apollo Fish', '', '', '', '0.00', '358.00', 1, '358.00'),
(448, 0, 238, 'Baby Corn Manchurian', '', '', '', '0.00', '229.00', 1, '229.00'),
(449, 0, 238, 'Cream Of Chicken Soup', '9', 'Medium', '21', '100.00', '200.00', 2, '124.00'),
(450, 0, 238, 'Hot-N-Sour Vegetable Soup', '', '', '', '0.00', '250.00', 2, '125.00'),
(451, 0, 238, 'Chicken Biryani', '', '', '', '0.00', '244.00', 1, '244.00'),
(452, 0, 239, 'Chicken Biryani', '12', 'Family', '39', '450.00', '450.00', 1, '244.00'),
(453, 0, 239, 'Butterscotch Milkshake', '', '', '', '0.00', '84.00', 1, '84.00'),
(454, 0, 239, 'Chocolate Milkshake', '', '', '', '0.00', '84.00', 1, '84.00'),
(455, 0, 240, 'Butterscotch Milkshake', '', '', '', '0.00', '168.00', 2, '84.00'),
(456, 0, 240, 'Cold Coffee', '', '', '', '0.00', '252.00', 3, '84.00'),
(457, 0, 240, 'Fresh Lemon Water', '', '', '', '0.00', '200.00', 4, '50.00'),
(458, 0, 241, 'Chicken Curry', '', '', '', '0.00', '90.00', 1, '90.00'),
(459, 0, 247, 'Chicken Biryani', '', '', '', '0.00', '244.00', 1, '244.00'),
(460, 0, 247, 'Mutton Biryani', '4', 'Large', '40', '150.00', '150.00', 1, '254.00'),
(461, 0, 248, 'Sweet Corn Chicken Soup', '8', 'Small', '23', '100.00', '200.00', 2, '134.00'),
(462, 0, 248, 'Baby Corn Hot-N-Pepper', '8', 'Small', '60', '250.00', '250.00', 1, '229.00');

-- --------------------------------------------------------

--
-- Table structure for table `dn_pages`
--

CREATE TABLE IF NOT EXISTS `dn_pages` (
  `id` int(11) unsigned NOT NULL AUTO_INCREMENT,
  `name` varchar(512) NOT NULL,
  `description` varchar(10000) NOT NULL,
  `status` enum('Active','Inactive') NOT NULL DEFAULT 'Active',
  PRIMARY KEY (`id`)
) ENGINE=InnoDB  DEFAULT CHARSET=utf8 AUTO_INCREMENT=5 ;

--
-- Dumping data for table `dn_pages`
--

INSERT INTO `dn_pages` (`id`, `name`, `description`, `status`) VALUES
(1, 'About Us', '<p>This is Sampel About Us Page</p>\r\n', 'Active'),
(2, 'How It Works', '<p dir="rtl">&nbsp;</p>\r\n\r\n<div class="container">\r\n<div class="col-lg-12 col-md-12 col-sm-12 padding-0">\r\n<div class="col-md-7 padding-l">\r\n<div class="jumbotron">\r\n<h1>&nbsp;</h1>\r\n</div>\r\n</div>\r\n</div>\r\n</div>\r\n\r\n<h3>Website Disclaimer</h3>\r\n\r\n<h3>&nbsp;</h3>\r\n\r\n<ol>\r\n	<li>\r\n	<h3>Acceptance of our Terms</h3>\r\n	</li>\r\n</ol>\r\n\r\n<p>&nbsp;</p>\r\n\r\n<p>&nbsp;</p>\r\n', 'Active'),
(3, 'Terms and Conditions', '<p><strong>Terms and Conditions</strong></p>\r\n\r\n<p>Terms and conditions template for website usage <u><strong>Test Change</strong></u></p>\r\n\r\n<p>Welcome to our website. If you continue to browse and use this website, you are agreeing to comply with and be bound by the following terms and conditions of use, which together with our privacy policy govern [business name]&#39;s relationship with you in relation to this website. If you disagree with any part of these terms and conditions, please do not use our website.</p>\r\n\r\n<p>The term &#39;[business name]&#39; or &#39;us&#39; or &#39;we&#39; refers to the owner of the website whose registered office is [address]. Our company registration number is [company registration number and place of registration]. The term &#39;you&#39; refers to the user or viewer of our website.</p>\r\n\r\n<p>The use of this website is subject to the following terms of use:</p>\r\n\r\n<ul>\r\n	<li>The content of the pages of this website is for your general information and use only. It is subject to change without notice.</li>\r\n	<li>This website uses cookies to monitor browsing preferences. If you do allow cookies to be used, the following personal information may be stored by us for use by third parties: [insert list of information].</li>\r\n	<li>Neither we nor any third parties provide any warranty or guarantee as to the accuracy, timeliness, performance, completeness or suitability of the information and materials found or offered on this website for any particular purpose. You acknowledge that such information and materials may contain inaccuracies or errors and we expressly exclude liability for any such inaccuracies or errors to the fullest extent permitted by law.</li>\r\n	<li>Your use of any information or materials on this website is entirely at your own risk, for which we shall not be liable. It shall be your own responsibility to ensure that any products, services or information available through this website meet your specific requirements.</li>\r\n	<li>This website contains material which is owned by or licensed to us. This material includes, but is not limited to, the design, layout, look, appearance and graphics. Reproduction is prohibited other than in accordance with the copyright notice, which forms part of these terms and conditions.</li>\r\n	<li>All trade marks reproduced in this website which are not the property of, or licensed to, the operator are acknowledged on the website.</li>\r\n	<li>Unauthorised use of this website may give rise to a claim for damages and/or be a criminal offence.</li>\r\n	<li>From time to time this website may also include links to other websites. These links are provided for your convenience to provide further information. They do not signify that we endorse the website(s). We have no responsibility for the content of the linked website(s).</li>\r\n	<li>Your use of this website and any dispute arising out of such use of the website is subject to the laws of England, Northern Ireland, Scotland and Wales.</li>\r\n</ul>\r\n', 'Active'),
(4, 'Privacy and Policys', '<p><span class="marker"><strong>Terms and conditions template for website usage</strong></span></p>\r\n\r\n<p><span style="color:red">Welcome to our website. If you continue to browse and use this website, you are agreeing to comply wi</span>th and be bound by the following terms and conditions of use, which together with our privacy policy govern [business name]&#39;s relationship with you in relation to this website. If you disagree with any part of these terms and conditions, please do not use our website.</p>\r\n\r\n<p>The term &#39;[business name]&#39; or &#39;us&#39; or &#39;we&#39; refers to the owner of the website whose registered office is [address]. Our company registration number is [company registration number and place of registration]. The term &#39;you&#39; refers to the user or viewer of our website.</p>\r\n\r\n<p>The use of this website is subject to the following terms of use:</p>\r\n\r\n<ul>\r\n	<li>The content of the pages of this website is for your general information and use only. It is subject to change without notice.</li>\r\n	<li>This website uses cookies to monitor browsing preferences. If you do allow cookies to be used, the following personal information may be stored by us for use by third parties: [insert list of information].</li>\r\n	<li>Neither we nor any third parties provide any warranty or guarantee as to the accuracy, timeliness, performance, completeness or suitability of the information and materials found or offered on this website for any particular purpose. You acknowledge that such information and materials may contain inaccuracies or errors and we expressly exclude liability for any such inaccuracies or errors to the fullest extent permitted by law.</li>\r\n	<li>Your use of any information or materials on this website is entirely at your own risk, for which we shall not be liable. It shall be your own responsibility to ensure that any products, services or information available through this website meet your specific requirements.</li>\r\n	<li>This website contains material which is owned by or licensed to us. This material includes, but is not limited to, the design, layout, look, appearance and graphics. Reproduction is prohibited other than in accordance with the copyright notice, which forms part of these terms and conditions.</li>\r\n	<li>All trade marks reproduced in this website which are not the property of, or licensed to, the operator are acknowledged on the website.</li>\r\n	<li>Unauthorised use of this website may give rise to a claim for damages and/or be a criminal offence.</li>\r\n	<li>From time to time this website may also include links to other websites. These links are provided for your convenience to provide further information. They do not signify that we endorse the website(s). We have no responsibility for the content of the linked website(s).</li>\r\n	<li>Your use of this website and any dispute arising out of such use of the website is subject to the laws of England, Northern Ireland, Scotland and Wales.</li>\r\n</ul>\r\n\r\n<p>&nbsp;</p>\r\n', 'Active');

-- --------------------------------------------------------

--
-- Table structure for table `dn_paypal_settings`
--

CREATE TABLE IF NOT EXISTS `dn_paypal_settings` (
  `id` int(11) NOT NULL,
  `PayPalEnvironmentProduction` varchar(512) NOT NULL,
  `PayPalEnvironmentSandbox` varchar(512) NOT NULL,
  `merchantName` varchar(512) NOT NULL,
  `merchantPrivacyPolicyURL` varchar(512) NOT NULL,
  `merchantUserAgreementURL` varchar(512) NOT NULL,
  `currency` varchar(512) NOT NULL,
  `account_type` enum('sandbox','production') NOT NULL DEFAULT 'sandbox',
  `status` enum('Active','Inactive') NOT NULL DEFAULT 'Active'
) ENGINE=InnoDB DEFAULT CHARSET=utf8;

--
-- Dumping data for table `dn_paypal_settings`
--

INSERT INTO `dn_paypal_settings` (`id`, `PayPalEnvironmentProduction`, `PayPalEnvironmentSandbox`, `merchantName`, `merchantPrivacyPolicyURL`, `merchantUserAgreementURL`, `currency`, `account_type`, `status`) VALUES
(1, 'AWTel-Z6oQbqFJAfyM4rs0OZgC73TbiG9oVnrhSDOcbytcc0YP6EOrAL_NSP0H8os717iCCgXWJ1fHRK', 'Abv9MCw1PGwbmUqjItLAojI8zGc80lYzZEXGa26soQnt3-x3XYNZB2jfRhxNeMXpnjPsqRxhlvl76riT', 'DP Mobile', 'https://dpmobile.systems/pages/privacy', 'https://dpmobile.systems/pages/agreement', 'USD', 'sandbox', 'Active');

-- --------------------------------------------------------

--
-- Table structure for table `dn_payu_settings`
--

CREATE TABLE IF NOT EXISTS `dn_payu_settings` (
  `payu_id` int(11) NOT NULL AUTO_INCREMENT,
  `merchant_key` varchar(50) NOT NULL,
  `salt` varchar(50) NOT NULL,
  `live_url` varchar(50) NOT NULL,
  `test_url` varchar(50) NOT NULL,
  `account_type` enum('test','live') NOT NULL DEFAULT 'test',
  `status` enum('Active','Inactive') NOT NULL DEFAULT 'Active',
  PRIMARY KEY (`payu_id`)
) ENGINE=MyISAM  DEFAULT CHARSET=latin1 AUTO_INCREMENT=2 ;

--
-- Dumping data for table `dn_payu_settings`
--

INSERT INTO `dn_payu_settings` (`payu_id`, `merchant_key`, `salt`, `live_url`, `test_url`, `account_type`, `status`) VALUES
(1, 'do3vAdBt', 'O0nqoiMiY7', 'https://secure.payu.in', 'https://test.payu.in', 'test', 'Active');

-- --------------------------------------------------------

--
-- Table structure for table `dn_phrases`
--

CREATE TABLE IF NOT EXISTS `dn_phrases` (
  `id` int(11) NOT NULL AUTO_INCREMENT,
  `text` varchar(512) NOT NULL,
  `phrase_type` enum('web','app') NOT NULL DEFAULT 'web',
  PRIMARY KEY (`id`)
) ENGINE=InnoDB  DEFAULT CHARSET=utf8 AUTO_INCREMENT=781 ;

--
-- Dumping data for table `dn_phrases`
--

INSERT INTO `dn_phrases` (`id`, `text`, `phrase_type`) VALUES
(5, 'master settings', 'web'),
(6, 'dashboard', 'web'),
(12, 'home', 'web'),
(14, 'pages', 'web'),
(15, 'sample', 'web'),
(17, 'name', 'web'),
(18, 'description', 'web'),
(19, 'status', 'web'),
(20, 'action', 'web'),
(21, 'add', 'web'),
(23, 'update', 'web'),
(24, 'edit', 'web'),
(26, 'text', 'web'),
(27, 'select', 'web'),
(29, 'title', 'web'),
(30, 'start date', 'web'),
(31, 'expiry date', 'web'),
(32, 'date created', 'web'),
(33, 'photo', 'web'),
(35, 'language', 'web'),
(36, 'close', 'web'),
(37, 'delete', 'web'),
(38, 'are you sure to delete', 'web'),
(39, 'yes', 'web'),
(40, 'no', 'web'),
(41, 'phrase', 'web'),
(44, 'keywords', 'web'),
(45, 'dynamic pages', 'web'),
(46, 'is bottom', 'web'),
(47, 'sort order', 'web'),
(49, 'faqs', 'web'),
(52, 'settings', 'web'),
(53, 'site', 'web'),
(55, 'social network settings', 'web'),
(56, 'email settings', 'web'),
(58, 'host', 'web'),
(59, 'email', 'web'),
(60, 'password', 'web'),
(61, 'port', 'web'),
(63, 'address', 'web'),
(64, 'city', 'web'),
(65, 'state', 'web'),
(67, 'zip code', 'web'),
(68, 'phone', 'web'),
(69, 'land line', 'web'),
(70, 'fax', 'web'),
(71, 'contact email', 'web'),
(72, 'select language', 'web'),
(74, 'design by', 'web'),
(75, 'rights reserved', 'web'),
(76, ' site logo', 'web'),
(78, 'app settings', 'web'),
(80, 'contact us', 'web'),
(81, 'mobile', 'web'),
(82, 'message', 'web'),
(83, 'submit', 'web'),
(84, 'about us', 'web'),
(86, 'digi', 'web'),
(89, 'previous', 'web'),
(90, 'next', 'web'),
(93, 'language settings', 'web'),
(98, 'list languages', 'web'),
(99, 'add phrase', 'web'),
(100, 'add language', 'web'),
(101, 'how it works', 'web'),
(102, 'terms and conditions', 'web'),
(103, 'privacy and policy', 'web'),
(105, 'email settings', 'web'),
(109, 'powered by', 'web'),
(110, 'no data available', 'web'),
(112, 'active', 'web'),
(113, 'inactive', 'web'),
(123, 'phrase required', 'web'),
(124, 'languages', 'web'),
(125, 'phrases', 'web'),
(126, 'update phrases', 'web'),
(127, 'select validity for new', 'web'),
(140, 'app settings', 'web'),
(141, 'enable', 'web'),
(142, 'disable', 'web'),
(152, 'validate for new required', 'web'),
(177, 'bottom', 'web'),
(180, 'cancel', 'web'),
(182, 'change password', 'web'),
(183, 'logout', 'web'),
(184, 'old password', 'web'),
(185, 'new password', 'web'),
(186, 'confirm new password', 'web'),
(187, 'old', 'web'),
(191, 'profile', 'web'),
(192, 'password and confirm password does not match', 'web'),
(193, 'personal details', 'web'),
(194, 'first name', 'web'),
(195, 'last name', 'web'),
(196, 'please enter letters only', 'web'),
(197, 'please enter numbers only', 'web'),
(201, 'toggle navigation', 'web'),
(202, 'prev', 'web'),
(210, 'contact us', 'web'),
(212, 'all', 'web'),
(213, 'will be updated soon', 'web'),
(214, 'contact no', 'web'),
(215, 'new', 'web'),
(216, 'end date', 'web'),
(217, 'start date', 'web'),
(218, 'showing', 'web'),
(225, 'edit language', 'web'),
(226, 'language name', 'web'),
(227, 'edit phrase', 'web'),
(228, 'edit phrases', 'web'),
(231, 'how it works', 'web'),
(235, 'site title', 'web'),
(238, 'edit faq', 'web'),
(239, 'add faq', 'web'),
(241, 'showing 1 - 10 of', 'web'),
(242, 'remember me', 'web'),
(243, 'login', 'web'),
(244, 'email template settings', 'web'),
(245, 'edit email template', 'web'),
(246, 'email template', 'web'),
(247, 'subject', 'web'),
(251, 'site logo', 'web'),
(254, 'android url', 'web'),
(255, 'ios url', 'web'),
(256, 'invalid file format', 'web'),
(257, 'updated successfully', 'web'),
(258, 'posted on', 'web'),
(261, 'view more', 'web'),
(262, 'change language', 'web'),
(263, 'language changed successfully', 'web'),
(265, 'posted', 'web'),
(266, 'ago', 'web'),
(267, 'mandrill key', 'web'),
(268, 'api key', 'web'),
(269, 'web mail', 'web'),
(270, ' mandrill', 'web'),
(271, 'mandrill', 'web'),
(272, 'view all', 'web'),
(276, 'reset', 'web'),
(279, 'items', 'web'),
(280, 'add item', 'web'),
(281, 'edit item', 'web'),
(282, 'view items', 'web'),
(283, 'item name', 'web'),
(284, 'item cost', 'web'),
(285, 'item image', 'web'),
(286, 'change image', 'web'),
(287, 'offers', 'web'),
(288, 'create offer', 'web'),
(289, 'view offer', 'web'),
(290, 'view offers', 'web'),
(291, 'offer name', 'web'),
(292, 'offer cost', 'web'),
(293, 'offer start date', 'web'),
(294, 'offer end date', 'web'),
(295, 'edit offer', 'web'),
(296, 'offer valid date', 'web'),
(297, 'offer condition', 'web'),
(298, 'offer image', 'web'),
(299, 'offer conditions', 'web'),
(300, 'quantity', 'web'),
(301, 'add/remove', 'web'),
(302, 'add/ remove', 'web'),
(303, 'no of items', 'web'),
(304, 'latest offers', 'web'),
(305, 'serve no of people', 'web'),
(312, 'gallery', 'web'),
(313, 'alt text', 'web'),
(314, 'image', 'web'),
(315, 'add gallery', 'web'),
(316, 'alt text required', 'web'),
(318, 'paypal settings', 'web'),
(319, 'PayPalEnvironmentProduction', 'web'),
(320, 'PayPalEnvironmentSandbox', 'web'),
(321, 'merchantName', 'web'),
(322, 'merchantPrivacyPolicyURL', 'web'),
(323, 'merchantUserAgreementURL', 'web'),
(324, 'currency', 'web'),
(325, 'account_type', 'web'),
(326, 'logo_image', 'web'),
(327, 'paypal environment production', 'web'),
(328, 'paypal environment sandbox', 'web'),
(329, 'merchant name', 'web'),
(330, 'merchant privacy policy URL', 'web'),
(331, 'merchant user agreement URL', 'web'),
(332, 'currency symbol', 'web'),
(339, 'invalid file', 'web'),
(340, 'added sucessfully', 'web'),
(341, 'unable to add', 'web'),
(342, 'unable to update', 'web'),
(343, 'could not found the record', 'web'),
(344, 'deleted successfully', 'web'),
(345, 'unable to delete', 'web'),
(354, 'product count', 'web'),
(355, 'valid date must be greater than start date', 'web'),
(356, 'invalid operation', 'web'),
(365, 'select item', 'web'),
(366, 'no items available', 'web'),
(367, 'orders', 'web'),
(368, 'new orders', 'web'),
(369, 'under process orders', 'web'),
(370, 'delivered orders', 'web'),
(371, 'cancelled orders', 'web'),
(372, 'order no', 'web'),
(373, 'order date', 'web'),
(374, 'order time', 'web'),
(375, 'order cost', 'web'),
(376, 'customer name', 'web'),
(378, 'order details', 'web'),
(379, 'booked date', 'web'),
(380, 'land mark', 'web'),
(381, 'PINCode', 'web'),
(382, 'order update', 'web'),
(383, 'update order status', 'web'),
(384, 'details not found', 'web'),
(385, 'process', 'web'),
(386, 'delivered', 'web'),
(387, 'cancelled', 'web'),
(388, 'no products available', 'web'),
(389, 'item quantity', 'web'),
(391, 'added successfully', 'web'),
(392, 'invalid credentials', 'web'),
(393, 'site name', 'web'),
(394, 'users', 'web'),
(395, 'logout successfully', 'web'),
(396, 'latest orders', 'web'),
(397, 'user details', 'web'),
(398, 'add atleast one item', 'web'),
(400, 'party size', 'web'),
(401, 'session', 'web'),
(402, 'date of booking', 'web'),
(404, 'uploaded successfully', 'web'),
(405, 'upload app files', 'web'),
(408, 'select currency', 'web'),
(409, 'welcome', 'web'),
(410, 'admin', 'web'),
(411, 'menu', 'web'),
(412, 'add menu', 'web'),
(413, 'view menu', 'web'),
(414, 'menu name', 'web'),
(415, 'punch line', 'web'),
(416, 'required', 'web'),
(417, 'menu image', 'web'),
(418, 'edit menu', 'web'),
(419, 'item type', 'web'),
(420, 'location master', 'web'),
(422, 'states', 'web'),
(423, 'cities', 'web'),
(424, 'service delivery locations', 'web'),
(425, 'state name', 'web'),
(426, 'upload excel', 'web'),
(427, 'city name', 'web'),
(428, 'locality name', 'web'),
(429, 'click here to download sample file', 'web'),
(430, 'upload excel file', 'web'),
(431, 'file', 'web'),
(432, 'email templates', 'web'),
(433, 'registration', 'web'),
(434, 'registration completed successfully activation email sent', 'web'),
(435, 'login success', 'web'),
(436, 'country', 'web'),
(437, 'reset password', 'web'),
(438, 'longitude', 'web'),
(439, 'latitude', 'web'),
(440, 'please login', 'web'),
(441, 'unauthorised user', 'web'),
(442, 'already existed', 'web'),
(443, 'add service delivery location', 'web'),
(444, 'edit service delivery locations', 'web'),
(445, 'add state', 'web'),
(446, 'edit state', 'web'),
(447, 'upload states', 'web'),
(448, 'add city', 'web'),
(449, 'edit city', 'web'),
(450, 'upload cities', 'web'),
(453, 'language code', 'web'),
(454, 'phrase type', 'web'),
(458, 'change password', 'web'),
(459, 'list phrases', 'web'),
(461, 'update app phrases', 'web'),
(462, 'update web phrases', 'web'),
(463, 'changePassword', 'app'),
(464, 'menu', 'app'),
(465, 'login', 'app'),
(467, 'newPassword', 'web'),
(468, 'confirmNewPassword', 'app'),
(469, 'forgotPassword', 'app'),
(470, 'emailAddress', 'app'),
(471, 'send', 'app'),
(472, 'dontWorryJustFillInYourEmailAndWeWillHelpYouResetYourPassword', 'app'),
(473, 'enterEmail', 'app'),
(474, 'password', 'app'),
(475, 'signIn', 'app'),
(476, 'or', 'app'),
(477, 'newUser', 'app'),
(478, 'signUpHere', 'app'),
(479, 'signUp', 'app'),
(480, 'iAccept', 'app'),
(481, 'register', 'app'),
(482, 'firstName', 'app'),
(483, 'lastName', 'app'),
(484, 'email', 'app'),
(485, 'phoneNumber', 'app'),
(486, 'termsAndConditions', 'app'),
(487, 'resetPassword', 'app'),
(488, 'confirmPassword', 'app'),
(489, 'submit', 'app'),
(490, 'aboutUs', 'app'),
(491, 'version', 'app'),
(492, 'address', 'app'),
(493, 'cartList', 'app'),
(494, 'cost', 'app'),
(495, 'addItems', 'app'),
(496, 'totalCost', 'app'),
(497, 'order', 'app'),
(498, 'changeLanguage', 'app'),
(499, 'selectLanguage', 'app'),
(500, 'english', 'app'),
(501, 'chinese', 'app'),
(502, 'byYourMoodOrPreference', 'app'),
(503, 'editProfile', 'app'),
(504, 'city', 'app'),
(505, 'state', 'app'),
(506, 'pincode', 'app'),
(507, 'landmark', 'app'),
(508, 'update', 'app'),
(509, 'placeOrder', 'app'),
(510, 'mobileNumber', 'app'),
(511, 'location', 'app'),
(512, 'flatNoHouseNo', 'app'),
(513, 'apartmentLocalityName', 'app'),
(514, 'addressOtherOptional', 'app'),
(515, 'selectDate', 'app'),
(516, 'date', 'app'),
(517, 'time', 'app'),
(518, 'selectTitle', 'app'),
(519, 'onlinePayment', 'app'),
(520, 'cashOnDeliver', 'app'),
(521, 'proceed', 'app'),
(522, 'allTimeFavourites', 'app'),
(523, 'welcome', 'app'),
(524, 'offers', 'app'),
(525, 'orderHistory', 'app'),
(526, 'shareToFriends', 'app'),
(527, 'rateUsOnThePlaystore', 'app'),
(528, 'signOut', 'app'),
(529, 'offersAvailable', 'app'),
(530, 'validFrom', 'app'),
(531, 'validTo', 'app'),
(532, 'noOfPersons', 'app'),
(533, 'noOfProducts', 'app'),
(534, 'discount', 'app'),
(535, 'orderItems', 'app'),
(536, 'yourOrders', 'app'),
(537, 'currentPassword', 'app'),
(538, 'noOfItems', 'app'),
(539, 'noOrdersFound', 'app'),
(540, 'paymentStatus', 'app'),
(541, 'yourPaymentStatusIs', 'app'),
(542, 'successful', 'app'),
(543, 'yourPaymentOfAmount', 'app'),
(544, 'hasBeenSuccessfullyProcessed', 'app'),
(545, 'selectCity', 'app'),
(546, 'search', 'app'),
(547, 'selectLocation', 'app'),
(548, 'description', 'app'),
(549, 'viewCart', 'app'),
(550, 'terms', 'app'),
(551, 'myAccount', 'app'),
(552, 'timedOutError', 'app'),
(553, 'checkNetworkConnection', 'app'),
(554, 'validatingUser', 'app'),
(555, 'passwordNotMatch', 'app'),
(556, 'signoutSuccessfully', 'app'),
(557, 'specifyDate', 'app'),
(558, 'specifyTime', 'app'),
(559, 'incorrectLogin', 'app'),
(560, 'no', 'app'),
(561, 'availableNow', 'app'),
(562, 'alreadyAddedToCart', 'app'),
(563, 'emailAlreadyUsedOrInvalidUnableToCreateAccount', 'app'),
(564, 'noItemsInYourCart', 'app'),
(565, 'guest', 'app'),
(566, 'user', 'app'),
(567, 'payment', 'app'),
(568, 'please enter email and password', 'web'),
(569, 'peterSrinivas', 'app'),
(570, 'newPassword', 'app'),
(571, 'test Web Phrase', 'web'),
(572, 'edit web phrases', 'web'),
(573, 'edit app phrases', 'web'),
(574, 'state id', 'web'),
(575, 'please upload only jpg|jpeg|png', 'web'),
(576, 'orderedOn', 'app'),
(577, 'veg', 'web'),
(578, 'non veg', 'web'),
(579, 'other', 'web'),
(580, 'offerItems', 'app'),
(581, 'noItemsAvailable', 'app'),
(582, 'makePayment', 'app'),
(583, 'paymentMethod', 'app'),
(584, 'offer details', 'web'),
(585, 'you cannot delete this state cause cities exist under it', 'web'),
(586, 'you cannot delete cities cause delivered location exist under it', 'web'),
(587, 'edit gallery', 'web'),
(588, 'Test  Web Phrase', 'web'),
(589, 'transaction id', 'web'),
(590, 'payment type', 'web'),
(591, 'payment status', 'web'),
(592, 'facebook api', 'web'),
(593, 'google api', 'web'),
(594, 'facebookApi', 'app'),
(595, 'googleApi', 'app'),
(596, 'paymenttype', 'app'),
(597, 'stripe', 'app'),
(598, 'cardNumber', 'app'),
(599, 'expirationDate', 'app'),
(600, 'month', 'app'),
(601, 'year', 'app'),
(602, 'cvc', 'app'),
(603, 'proceedToPay', 'app'),
(604, 'all', 'app'),
(605, 'veg', 'app'),
(606, 'non-veg', 'app'),
(607, 'other', 'app'),
(608, 'passwordsuccessfullychanged', 'app'),
(609, 'registrationcompletedsuccessfullyactivationmailsent', 'app'),
(610, 'accountisinactive', 'app'),
(611, 'itemAddedToCart', 'app'),
(612, 'quantity', 'app'),
(613, 'paid amount', 'web'),
(614, 'is deleted', 'web'),
(615, 'reason', 'web'),
(616, 'deleted item from order', 'web'),
(617, 'addon', 'web'),
(618, 'addons', 'web'),
(619, 'view addons', 'web'),
(620, 'add addon', 'web'),
(621, 'edit addon', 'web'),
(622, 'options', 'web'),
(623, 'add option', 'web'),
(624, 'view options', 'web'),
(625, 'edit option', 'web'),
(626, 'price prefix', 'web'),
(627, 'price', 'web'),
(628, 'order items', 'web'),
(629, 'order addons', 'web'),
(630, 'total', 'web'),
(631, 'deleted addon from order', 'web'),
(632, 'registrationCompletedSuccessfullyPasswordSentToEmail', 'app'),
(633, 'restaurant timings', 'web'),
(634, 'from', 'web'),
(635, 'to', 'web'),
(636, 'from time', 'web'),
(637, 'to time', 'web'),
(638, 'normal', 'web'),
(639, 'user activated', 'web'),
(640, 'user deactivated', 'web'),
(641, 'wrong operation', 'web'),
(642, 'save', 'app'),
(643, 'itemAddons', 'app'),
(644, 'noAddonsAvailable', 'app'),
(645, 'itemSizes', 'app'),
(646, 'customizeYourItem', 'app'),
(647, 'noItemSizesAvailable', 'app'),
(648, 'contactInformation', 'app'),
(649, 'addNew', 'app'),
(650, 'savedAddresses', 'app'),
(651, 'openingHours', 'app'),
(652, 'closingHours', 'app'),
(653, 'sizes', 'app'),
(654, 'addons', 'app'),
(655, 'deleted', 'app'),
(656, 'selectMinimumOneItemThenOnlyAddonsWillApply', 'app'),
(657, 'items', 'app'),
(658, 'addAddress', 'app'),
(659, 'editAddress', 'app'),
(660, 'crunchyRestaurantNotAvailableOnSelectedTime', 'app'),
(661, 'selectAddress', 'app'),
(662, 'invalidCard', 'app'),
(663, 'cancel', 'app'),
(664, 'done', 'app'),
(665, 'crunchy', 'app'),
(666, 'crunchyAppForRestaurant', 'app'),
(667, 'restaruentTimings', 'app'),
(668, 'ok', 'app'),
(669, 'debitedThroughCrunchyAccount', 'app'),
(670, 'crunchyAccount', 'app'),
(671, 'myProfile', 'app'),
(672, 'addNewAddress', 'app'),
(673, 'crunchyRestaurantIsCurrentlyClosed', 'app'),
(674, 'selectLandmark', 'app'),
(675, 'streetname', 'app'),
(676, 'sms gateways', 'web'),
(677, 'sms gateway name', 'web'),
(678, 'is default', 'web'),
(679, 'add sms gateway', 'web'),
(680, 'fields', 'web'),
(681, 'add field', 'web'),
(682, 'field name', 'web'),
(683, 'value', 'web'),
(684, 'is required', 'web'),
(685, 'Push Notifications', 'web'),
(686, 'GCM APP ID', 'web'),
(687, 'FCM server api key', 'web'),
(688, 'gcm status', 'web'),
(689, 'restaurent timings', 'web'),
(690, 'notifications', 'web'),
(691, 'sms notifications', 'web'),
(692, 'push notifications', 'web'),
(693, 'country code', 'web'),
(694, 'list notifications', 'web'),
(695, 'new notification', 'web'),
(696, 'created on', 'web'),
(697, 'save & send', 'web'),
(698, 'resend', 'web'),
(699, 'are you sure to resend', 'web'),
(700, 'no of success', 'web'),
(701, 'no of failures', 'web'),
(702, 'last sent', 'web'),
(703, 'no of times sent', 'web'),
(704, 'sms templates', 'web'),
(705, 'sms template', 'web'),
(706, 'item deleted and sms sent successfully', 'web'),
(707, 'item deleted but sms sent failed', 'web'),
(708, 'updated and sms sent successfully', 'web'),
(709, 'updated but sms sent failed', 'web'),
(710, 'registrationCompletedSuccessfullyOtpSentToMobile', 'app'),
(711, 'smsnotificationtemplateisnotactivepleasecontactadmin', 'app'),
(712, 'smsnotificationisnotenablepleasecontactadmin', 'app'),
(713, 'mobileNoDoesNotExists', 'app'),
(714, 'forgotPasswordEmailNotFound', 'app'),
(715, 'Update Version', 'web'),
(716, 'loginSuccess', 'app'),
(717, 'firstAddItemToCart', 'app'),
(718, 'no devices found', 'web'),
(719, 'option name', 'web'),
(720, 'customers', 'web'),
(721, 'one signal server api key', 'web'),
(722, 'one signal app id', 'web'),
(723, 'loyality points', 'web'),
(724, 'point settings', 'web'),
(725, 'user reward points', 'web'),
(726, 'points logs', 'web'),
(727, 'points label redeem placeholder', 'web'),
(728, 'points label earn', 'web'),
(729, 'points label template', 'web'),
(730, 'maximum earning points for customer', 'web'),
(731, 'points earn apply only on the following payment option', 'web'),
(732, 'cash on delivery', 'web'),
(733, 'paypal', 'web'),
(734, 'stripe', 'web'),
(735, 'earning points conversion settings', 'web'),
(736, 'earning point', 'web'),
(737, 'earning point value in R$', 'web'),
(738, 'redeeming points conversion settings', 'web'),
(739, 'redeeming point', 'web'),
(740, 'redeeming point value in R$', 'web'),
(741, 'disabled redeeming', 'web'),
(742, 'points earned for actions', 'web'),
(743, 'reward points for account signup', 'web'),
(744, 'reward points for restaurant review', 'web'),
(745, 'reward points for first order', 'web'),
(746, 'reward points for sharing app', 'web'),
(747, 'points expiry', 'web'),
(748, 'points expire at the end of the next year after you earned them', 'web'),
(749, 'points never expire', 'web'),
(750, 'minimum points can be used', 'web'),
(751, 'maximum points can be used', 'web'),
(752, 'enabled points system?', 'web'),
(753, 'coupons', 'web'),
(754, 'create coupon', 'web'),
(755, 'edit coupon', 'web'),
(756, 'coupon code', 'web'),
(757, 'minimum purchased amount', 'web'),
(758, 'discount type', 'web'),
(759, 'discount value', 'web'),
(760, 'valid start date', 'web'),
(761, 'valid end date', 'web'),
(762, 'max no of times usage per user', 'web'),
(763, 'please select at least one record', 'web'),
(764, 'merchant key', 'web'),
(765, 'salt', 'web'),
(766, 'live URL', 'web'),
(767, 'test URL', 'web'),
(768, 'payu settings', 'web'),
(769, 'MSG DEACTIVATED', 'web'),
(770, 'MSG ACTIVATED', 'web'),
(771, 'MSG WRONG OPERATION', 'web'),
(772, 'duplicate', 'web'),
(773, 'activate', 'web'),
(774, 'de activate', 'web'),
(775, 'customer details', 'web'),
(776, 'new', 'app'),
(777, 'process', 'app'),
(778, 'delivered', 'app'),
(779, 'cancelled', 'app'),
(780, 'payment through', 'web');

-- --------------------------------------------------------

--
-- Table structure for table `dn_pl_cities`
--

CREATE TABLE IF NOT EXISTS `dn_pl_cities` (
  `city_id` int(11) NOT NULL AUTO_INCREMENT,
  `city_name` varchar(512) NOT NULL,
  `status` enum('Active','Inactive') NOT NULL DEFAULT 'Active',
  PRIMARY KEY (`city_id`)
) ENGINE=InnoDB  DEFAULT CHARSET=utf8 AUTO_INCREMENT=527 ;

--
-- Dumping data for table `dn_pl_cities`
--

INSERT INTO `dn_pl_cities` (`city_id`, `city_name`, `status`) VALUES
(5, 'Delhi', 'Active'),
(6, 'Gurgaon', 'Active'),
(7, 'Noida', 'Active'),
(9, 'Chennai', 'Active'),
(10, 'Bangalore', 'Active'),
(11, 'Shimla', 'Active'),
(12, 'Jaipur', 'Active'),
(13, 'Warangal', 'Active'),
(14, 'Karimnagar', 'Active'),
(15, 'Nizamabad', 'Active'),
(16, 'Nalgonda', 'Active'),
(17, 'Khammam', 'Active'),
(18, 'Adilabad', 'Active'),
(19, 'Mahboobnagar', 'Active'),
(20, 'Medak', 'Active'),
(21, 'Rangareddy', 'Active'),
(22, 'Thirupathi', 'Active'),
(23, 'Vijayawada', 'Active'),
(24, 'Visakhapatnam', 'Active'),
(25, 'Guntur', 'Active'),
(26, 'Nellore', 'Active'),
(27, 'Rajahmundry', 'Active'),
(28, 'Kurnool', 'Active'),
(29, 'Kakinada', 'Active'),
(30, 'Kadapa', 'Inactive'),
(31, 'Anantapur', 'Active'),
(32, 'Eluru', 'Active'),
(33, 'Vizianagara,', 'Active'),
(34, 'Adoni', 'Active'),
(35, 'Ongole', 'Active'),
(36, 'Nandyal', 'Active'),
(37, 'Coimbatore', 'Active'),
(38, 'Madurai', 'Active'),
(39, 'Thiruchirapalli', 'Active'),
(40, 'Tiruppur', 'Active'),
(41, 'Salem', 'Active'),
(42, 'Erode', 'Active'),
(43, 'Tirunelveli', 'Active'),
(44, 'Vellore', 'Active'),
(45, 'Thoothukudi', 'Active'),
(46, 'Thanjavur', 'Active'),
(47, 'Didigul', 'Active'),
(48, 'Kochi', 'Active'),
(49, 'Kozhikode', 'Active'),
(50, 'Thrissur', 'Active'),
(51, 'Malappuram', 'Active'),
(52, 'Thiruvananthapuram', 'Active'),
(53, 'Kannur', 'Active'),
(54, 'Kollam', 'Active'),
(55, 'Cherthala', 'Active'),
(56, 'Kayamkulam', 'Active'),
(57, 'Kottayam', 'Active'),
(58, 'Palakkad', 'Active'),
(59, 'Alappuzha', 'Active'),
(60, 'Ottappalem', 'Active'),
(61, 'Kanhagod', 'Active'),
(62, 'Changanasserry', 'Active'),
(63, 'Chalakkudy', 'Active'),
(64, 'Kothamangalam', 'Active'),
(65, 'Mumbai', 'Active'),
(66, 'Pune', 'Active'),
(67, 'Pimpri Chinchwad', 'Active'),
(68, 'Kalyan-Dombivali', 'Active'),
(69, 'Vasai-Virar', 'Active'),
(70, 'Solapur', 'Active'),
(71, 'Biwandi', 'Active'),
(72, 'Nanded', 'Active'),
(73, 'Kolhapur', 'Active'),
(74, 'Sangli', 'Active'),
(75, 'Jalgaon', 'Active'),
(76, 'Akola', 'Active'),
(77, 'Latur', 'Active'),
(78, 'Dhule', 'Active'),
(79, 'Ahmednagar', 'Active'),
(80, 'Chandrapur', 'Active'),
(81, 'Parbhani', 'Active'),
(82, 'Ujjain', 'Active'),
(83, 'Dewas', 'Active'),
(84, 'Satna', 'Active'),
(85, 'Ratlam', 'Active'),
(86, 'Rewa', 'Active'),
(87, 'Murwara', 'Active'),
(88, 'Singrauli', 'Active'),
(89, 'Burhanpur', 'Active'),
(90, 'Khandwa', 'Active'),
(91, 'Morena', 'Active'),
(92, 'Bhind', 'Active'),
(93, 'Vidisha', 'Active'),
(94, 'Mandsaur', 'Active'),
(95, 'Pithampur', 'Active'),
(96, 'Hoshangabad', 'Active'),
(97, 'Betul', 'Active'),
(98, 'Seoni', 'Active'),
(99, 'Datia', 'Active'),
(100, 'Nagda', 'Active'),
(101, 'Bhubaneshwar', 'Active'),
(102, 'Cuttack', 'Active'),
(103, 'Bramhapur', 'Active'),
(104, 'Puri', 'Active'),
(105, 'Guwahati', 'Active'),
(106, 'Silchar', 'Active'),
(107, 'Dibrugarh', 'Active'),
(108, 'Jorhat', 'Active'),
(109, 'Nagoan', 'Active'),
(110, 'Tinsukia', 'Active'),
(111, 'Bongaigaon', 'Active'),
(112, 'Tezpur', 'Active'),
(113, 'Solan', 'Active'),
(114, 'Dharmsala', 'Active'),
(115, 'Baddi', 'Active'),
(116, 'Nahan', 'Active'),
(117, 'Mandi', 'Active'),
(118, 'Paonta Sahib', 'Active'),
(119, 'Sundar Nagar', 'Active'),
(120, 'Chamba', 'Active'),
(121, 'Kullu', 'Active'),
(122, 'Lucknow', 'Active'),
(123, 'Kanpur', 'Active'),
(124, 'Moradabad', 'Active'),
(125, 'Saharanpur', 'Active'),
(126, 'Muzzaffarnagar', 'Active'),
(127, 'Mathura', 'Active'),
(128, 'Maunath Bhanjan', 'Active'),
(129, 'Hapur', 'Active'),
(130, 'Etawah', 'Active'),
(131, 'Sambhal', 'Active'),
(132, 'Fatehpur', 'Active'),
(133, 'Raebareli', 'Active'),
(134, 'Bahraich', 'Active'),
(135, 'Unnao', 'Active'),
(136, 'Jaunpur', 'Active'),
(137, 'Lalitpur', 'Active'),
(138, 'Deoria', 'Active'),
(139, 'Basti', 'Active'),
(140, 'Chandausi', 'Active'),
(141, 'Akbarpur', 'Active'),
(142, 'Shikohabad', 'Active'),
(143, 'Shamli', 'Active'),
(144, 'Khair', 'Active'),
(145, 'Kasgunj', 'Active'),
(146, 'Bihar Sharif', 'Active'),
(147, 'Arrah', 'Active'),
(148, 'Begusarai', 'Active'),
(149, 'Munger', 'Active'),
(150, 'Saharsa', 'Active'),
(151, 'Sasaram', 'Active'),
(152, 'Hajipur', 'Active'),
(153, 'Dehri', 'Active'),
(154, 'Siwan', 'Active'),
(155, 'Motihari', 'Active'),
(156, 'Bagaha', 'Active'),
(157, 'Kishanganj', 'Active'),
(158, 'Jamalpur', 'Active'),
(159, 'Jehanabad', 'Active'),
(160, 'Aurangabad', 'Active'),
(161, 'Tawang', 'Active'),
(162, 'Ziro', 'Active'),
(163, 'Deomali', 'Active'),
(164, 'Pasighat', 'Active'),
(165, 'Bomdila', 'Active'),
(166, 'Malinithan', 'Active'),
(167, 'Hazaribagh', 'Active'),
(168, 'Jamshedpur', 'Active'),
(169, 'Ghatshila', 'Active'),
(170, 'Bokaro', 'Active'),
(171, 'Deoghar', 'Active'),
(172, 'Dumka', 'Active'),
(173, 'Gomoh', 'Active'),
(174, 'Ghorabandha', 'Active'),
(175, 'Gidi', 'Active'),
(176, 'Rajnandgaon', 'Active'),
(177, 'Raipur', 'Active'),
(178, 'Bhilai', 'Active'),
(179, 'Kawardha', 'Active'),
(180, 'Dongarghar', 'Active'),
(181, 'Ratanpur', 'Active'),
(182, 'Jagdalpur', 'Active'),
(183, 'Dantewada', 'Active'),
(184, 'Bilaspur City', 'Active'),
(185, 'Bade Bachali', 'Active'),
(186, 'Bag Bahara', 'Active'),
(187, 'Basna', 'Active'),
(188, 'Bodri', 'Active'),
(189, 'Dalli Rajhara', 'Active'),
(190, 'Chharchha  ', 'Active'),
(191, 'Chhuikhadan  ', 'Active'),
(192, ' Deori  ', 'Active'),
(193, 'Dongargaon', 'Active'),
(194, 'Jhagrakhand', 'Active'),
(195, 'Kirandul', 'Active'),
(196, 'Margoa', 'Active'),
(197, 'Pernem', 'Active'),
(198, 'Curti', 'Active'),
(199, ' Curchorem Cacora  ', 'Active'),
(200, 'Chicalim  ', 'Active'),
(201, 'Davorlim  ', 'Active'),
(202, 'Guirim  ', 'Active'),
(203, 'Panaji', 'Active'),
(204, 'Marmagao  ', 'Active'),
(205, 'Bishnupur', 'Active'),
(206, 'Churachandpur', 'Active'),
(207, ' Moirang  ', 'Active'),
(208, 'Moreh  ', 'Active'),
(209, ' Ukhrul ', 'Active'),
(210, 'Jiribam ', 'Active'),
(211, 'Mayang Imphal  ', 'Active'),
(212, 'Khongman  ', 'Active'),
(213, 'Naoriya Pakhanglakpa  ', 'Active'),
(214, 'Nambol  ', 'Active'),
(215, ' Ningthoukhong  ', 'Active'),
(216, 'Mamit', 'Active'),
(217, 'Khawzawl  ', 'Active'),
(218, 'Khawhai  ', 'Active'),
(219, 'Lunglei  ', 'Active'),
(220, 'Lawngtlai  ', 'Active'),
(221, 'Barrackpur', 'Active'),
(222, 'Murshidabad ', 'Active'),
(223, ' Cooch Behar ', 'Active'),
(224, ' Asansol', 'Active'),
(225, '  Dakshin Baguan', 'Active'),
(226, '  Bawali ', 'Active'),
(227, '  Jalpaiguri  ', 'Active'),
(228, ' Howrah  ', 'Active'),
(229, 'Mayapur  ', 'Active'),
(230, 'Geonkhali  ', 'Active'),
(231, ' Dakshin Jhapardaha ', 'Active'),
(232, ' Dalkhola ', 'Active'),
(233, 'Dalurband ', 'Active'),
(234, 'Chhora  ', 'Active'),
(235, ' Deuli  ', 'Active'),
(236, 'Dhulian  ', 'Active'),
(237, 'Guskara  ', 'Active'),
(238, 'Junagadh ', 'Active'),
(239, 'Botad  ', 'Active'),
(240, 'Chandkheda  ', 'Active'),
(241, 'Chandlodiya  ', 'Active'),
(242, 'Chanod  ', 'Active'),
(243, ' Dahegam  ', 'Active'),
(244, 'Dahod  ', 'Active'),
(245, 'Damnagar  ', 'Active'),
(246, 'Chhota Udaipur  ', 'Active'),
(247, 'Chikhli  ', 'Active'),
(248, 'Deesa  ', 'Active'),
(249, 'Devgadh Baria  ', 'Active'),
(250, 'Dhola  ', 'Active'),
(251, 'Dholka  ', 'Active'),
(252, 'Dhoraji  ', 'Active'),
(253, 'Dhrol  ', 'Active'),
(254, 'Freelandgunj  ', 'Active'),
(255, ' Gadhada  ', 'Active'),
(256, ' Gandevi  ', 'Active'),
(257, 'Ghatlodiya ', 'Active'),
(258, 'Badrinathpuri ', 'Active'),
(259, 'Almora', 'Active'),
(260, ' Landour', 'Active'),
(261, '  Dharchula  ', 'Active'),
(262, 'Bageshwar ', 'Active'),
(263, 'Champawat  ', 'Active'),
(264, 'Pauri Garhwal', 'Active'),
(265, 'Jyotirmath', 'Active'),
(266, ' Kedarnath  ', 'Active'),
(267, 'Tehri  ', 'Active'),
(268, 'Uttarakashi  ', 'Active'),
(269, '  Askot  ', 'Active'),
(270, '  Barkot  ', 'Active'),
(271, 'Bugyal  ', 'Active'),
(272, 'Dev Prayag  ', 'Active'),
(273, 'Dineshpur  ', 'Active'),
(274, 'Dogadda  ', 'Active'),
(275, 'Doiwala  ', 'Active'),
(276, 'Dwarahat  ', 'Active'),
(277, 'Gadarpur  ', 'Active'),
(278, 'Gochar  ', 'Active'),
(279, 'Kachnal Gosain  ', 'Active'),
(280, ' Laksar  ', 'Active'),
(281, 'Kela Khera  ', 'Active'),
(282, 'Manglaur  ', 'Active'),
(283, 'Khatima  ', 'Active'),
(284, 'Kashirampur', 'Active'),
(285, '  Kichha  ', 'Active'),
(286, 'Kaladungi  ', 'Active'),
(287, 'Narendra Nagar  ', 'Active'),
(288, 'Ghezing  ', 'Active'),
(289, 'Mangan  ', 'Active'),
(290, 'Namchi  ', 'Active'),
(291, 'Rabdentse', 'Active'),
(292, ' Udaipur', 'Active'),
(293, 'Jaisalmer ', 'Active'),
(294, 'Ajmer ', 'Active'),
(295, '  Chittorgarh City', 'Active'),
(296, 'Jodhpur', 'Active'),
(297, ' Bundi', 'Active'),
(298, 'Alwar ', 'Active'),
(299, 'Bikaner ', 'Active'),
(300, 'Pushkar ', 'Active'),
(301, 'Kota', 'Active'),
(302, 'Nawalgarh ', 'Active'),
(303, 'Mandawa', 'Active'),
(304, ' Osian  ', 'Active'),
(305, 'Sirohi ', 'Active'),
(306, 'Jobner  ', 'Active'),
(307, 'Lakheri  ', 'Active'),
(308, 'Laxmangarh ', 'Active'),
(309, 'Ladnu ', 'Active'),
(310, 'Lalsot  ', 'Active'),
(311, 'Kaithoon  ', 'Active'),
(312, ' Kekri  ', 'Active'),
(313, 'Malpura  ', 'Active'),
(314, 'Mandalgarh  ', 'Active'),
(315, ' Khairthal  ', 'Active'),
(316, 'Manohar Thana  ', 'Active'),
(317, 'Kumbhkot  ', 'Active'),
(318, 'Merta ', 'Active'),
(319, 'Mukandgarh  ', 'Active'),
(320, 'Nainwa  ', 'Active'),
(321, 'Kapasan  ', 'Active'),
(322, 'Kaprain  ', 'Active'),
(323, 'Kiranipura  ', 'Active'),
(324, 'Kishangarh Renwal  ', 'Active'),
(325, 'Kherli  ', 'Active'),
(326, 'Kherwara Chhaoni  ', 'Active'),
(327, 'Kuchaman  ', 'Active'),
(328, 'Kuchera  ', 'Active'),
(329, 'Sriganganagar  ', 'Active'),
(330, 'Sanganer  ', 'Active'),
(331, 'Behror  ', 'Active'),
(332, 'Jamwa Ramgarh  ', 'Active'),
(333, 'Beawar  ', 'Active'),
(334, 'Mysore ', 'Active'),
(335, 'Hampi  ', 'Active'),
(336, 'Chikballapur ', 'Active'),
(337, 'Bijapur ', 'Active'),
(338, ' Madikeri', 'Active'),
(339, 'Ullal', 'Active'),
(340, 'Balligavi  ', 'Active'),
(341, 'Yellapur  ', 'Active'),
(342, 'Somwarpet  ', 'Active'),
(343, 'Virajpet  ', 'Active'),
(344, 'Shimoga  ', 'Active'),
(345, 'Karwar  ', 'Active'),
(346, 'Udupi  ', 'Active'),
(347, 'Vijayanagara  ', 'Active'),
(348, 'Annigeri  ', 'Active'),
(349, 'Hassan  ', 'Active'),
(350, 'Hospet  ', 'Active'),
(351, 'Bidar  ', 'Active'),
(352, 'Gulbarga  ', 'Active'),
(353, 'Belur  ', 'Active'),
(354, 'Belgaum  ', 'Active'),
(355, 'Bagalkot  ', 'Active'),
(356, ' Basavakalyan  ', 'Active'),
(357, 'Basavana Bagevadi ', 'Active'),
(358, 'Devanahalli  ', 'Active'),
(359, 'Dharwad  ', 'Active'),
(360, 'Dod Ballapur  ', 'Active'),
(361, 'Hebbalu  ', 'Active'),
(362, ' Hindalgi  ', 'Active'),
(363, 'Malavalli  ', 'Active'),
(364, ' Kudligi  ', 'Active'),
(365, 'Khanapur  ', 'Active'),
(366, 'Kundgol  ', 'Active'),
(367, 'Kunigal  ', 'Active'),
(368, 'Krishnarajasagara  ', 'Active'),
(369, 'Krishnarajpet  ', 'Active'),
(370, 'Narasimharajapura  ', 'Active'),
(371, 'Naregal  ', 'Active'),
(372, ' Nipani  ', 'Active'),
(373, 'Venur  ', 'Active'),
(374, '  Yamuna Nagar', 'Active'),
(375, ' Barwala  ', 'Active'),
(376, 'Bawani Khera  ', 'Active'),
(377, 'Buria  ', 'Active'),
(378, 'Chhachhrauli  ', 'Active'),
(379, 'Dharuhera  ', 'Active'),
(380, ' Farrukhnagar  ', 'Active'),
(381, 'Ganaur  ', 'Active'),
(382, ' Gharaunda  ', 'Active'),
(383, 'Gohana  ', 'Active'),
(384, 'Haileymandi  ', 'Active'),
(385, 'Hassanpur  ', 'Active'),
(386, 'Ladwa  ', 'Active'),
(387, 'Mandi Dabwali  ', 'Active'),
(388, 'Mustafabad  ', 'Active'),
(389, 'Kardhan  ', 'Active'),
(390, 'Kalan Wali  ', 'Active'),
(391, 'Naraingarh  ', 'Active'),
(392, 'Narnaul  ', 'Active'),
(393, 'Narnaund  ', 'Active'),
(394, 'Agroha  ', 'Active'),
(395, 'Kurukshetra  ', 'Active'),
(397, 'Babiyal ', 'Active'),
(398, ' Ladakh', 'Active'),
(399, 'Kargil ', 'Active'),
(400, 'Basholi  ', 'Active'),
(401, 'Bijbehara  ', 'Active'),
(402, ' Gulmarg  ', 'Active'),
(403, 'Poonch', 'Active'),
(404, 'Dras  ', 'Active'),
(405, 'Katra  ', 'Active'),
(406, '  Pahalgam  ', 'Active'),
(407, ' Sonamarg  ', 'Active'),
(408, 'Akhnoor  ', 'Active'),
(409, 'Badami Bagh  ', 'Active'),
(410, 'Bari Brahmana  ', 'Active'),
(411, 'Charari Sharief  ', 'Active'),
(412, ' Chenani  ', 'Active'),
(413, ' Duru Verinag  ', 'Active'),
(414, 'Ganderbal ', 'Active'),
(415, 'Gho Manhasan  ', 'Active'),
(416, 'Hajan  ', 'Active'),
(417, 'Gorah Salathian  ', 'Active'),
(418, 'Handwara  ', 'Active'),
(419, 'Hiranagar  ', 'Active'),
(420, 'Kukernag  ', 'Active'),
(421, ' Kunzer  ', 'Active'),
(422, 'Kupwara  ', 'Active'),
(423, 'Kishtwar  ', 'Active'),
(424, '  Khour  ', 'Active'),
(425, 'Khrew', 'Active'),
(426, 'Panamik  ', 'Active'),
(427, 'Stok  ', 'Active'),
(428, 'Shey  ', 'Active'),
(429, 'Tikse  ', 'Active'),
(430, 'Matho  ', 'Active'),
(431, 'Hemis  ', 'Active'),
(432, 'Sumtsek  ', 'Active'),
(433, 'Lamayuru  ', 'Active'),
(434, 'Phyang  ', 'Active'),
(435, ' Spitok  ', 'Active'),
(436, 'Kumarghat  ', 'Active'),
(437, 'Unakoti  ', 'Active'),
(438, 'Badharghat  ', 'Active'),
(439, 'Dharmanagar  ', 'Active'),
(440, 'Gakulnagar', 'Active'),
(441, 'Kunjaban  ', 'Active'),
(442, 'Mokokchung', 'Active'),
(443, 'Amarpur  ', 'Active'),
(444, 'Sabroom  ', 'Active'),
(445, 'Mon', 'Active'),
(446, 'Belonia  ', 'Active'),
(447, 'Kailashahar  ', 'Active'),
(448, '  Cherrapunj', 'Active'),
(449, '  Mairang  ', 'Active'),
(450, '  Nongthymmai  ', 'Active'),
(451, 'Wokha', 'Active'),
(452, 'Baghmara  ', 'Active'),
(453, 'Sohra  ', 'Active'),
(454, 'Pathankot', 'Active'),
(455, 'Varanasi ', 'Active'),
(456, 'Ludhiana', 'Active'),
(457, ' Kausambi ', 'Active'),
(458, ' Jhansi  ', 'Active'),
(459, 'Batala', 'Active'),
(460, 'Bansi  ', 'Active'),
(461, ' Itaunja  ', 'Active'),
(462, 'Garhshanker  ', 'Active'),
(463, 'Muktsar  ', 'Active'),
(464, ' Moonak  ', 'Active'),
(465, 'Kot Fatta  ', 'Active'),
(466, 'Gurdaspur', 'Active'),
(467, 'Ghanaur  ', 'Active'),
(468, 'Gidderbaha  ', 'Active'),
(469, 'Moga', 'Active'),
(470, 'Budhlada  ', 'Active'),
(471, 'Ahmedgarh  ', 'Active'),
(472, 'Bariwala  ', 'Active'),
(473, 'Beas  ', 'Active'),
(474, 'Khanna  ', 'Active'),
(475, 'Jandiala Guru  ', 'Active'),
(476, 'Amloh  ', 'Active'),
(477, 'Mukerian  ', 'Active'),
(478, 'Dera Bassi  ', 'Active'),
(479, 'Dharamkot  ', 'Active'),
(480, 'Firozpur ', 'Active'),
(481, ' Majitha  ', 'Active'),
(482, 'Dirba  ', 'Active'),
(483, 'Faridkot  ', 'Active'),
(484, 'Khanauri  ', 'Active'),
(485, 'Jhusi  ', 'Active'),
(486, 'Hargaon  ', 'Active'),
(487, 'Sankasya  ', 'Active'),
(488, 'Maudaha  ', 'Active'),
(489, 'Kailashpur  ', 'Active'),
(490, 'Milak  ', 'Active'),
(491, 'Khaga  ', 'Active'),
(492, '  Indore', 'Active'),
(493, 'Indore', 'Active'),
(494, 'Jabalpur ', 'Active'),
(495, ' Hindoria  ', 'Active'),
(496, 'Joura  ', 'Active'),
(497, 'Anuppur  ', 'Active'),
(498, 'Khetia  ', 'Active'),
(500, 'Marredpally', 'Active'),
(503, 'Secunderabad', 'Active'),
(505, 'Bapatla', 'Active'),
(506, 'repalle', 'Inactive'),
(507, 'Egmore', 'Active'),
(508, 'Nagapatnam', 'Active'),
(511, 'Sidipeta', 'Inactive'),
(512, 'Hyderabad', 'Active'),
(514, 'Bengaluru', 'Active'),
(515, 'Surabaya', 'Active'),
(516, 'Update City', 'Active'),
(517, 'Malkajgiri', 'Active'),
(519, 'Jamal', 'Active'),
(520, 'Katre', 'Active'),
(521, 'utarkand', 'Active'),
(522, 'malkarram', 'Active');

-- --------------------------------------------------------

--
-- Table structure for table `dn_service_provide_locations`
--

CREATE TABLE IF NOT EXISTS `dn_service_provide_locations` (
  `service_provide_location_id` int(11) NOT NULL AUTO_INCREMENT,
  `city_id` int(11) NOT NULL,
  `locality` varchar(600) NOT NULL,
  `pincode` varchar(10) NOT NULL,
  `status` enum('Active','Inactive') NOT NULL DEFAULT 'Active',
  PRIMARY KEY (`service_provide_location_id`),
  KEY `fk_city_id` (`city_id`)
) ENGINE=InnoDB  DEFAULT CHARSET=latin1 AUTO_INCREMENT=23 ;

--
-- Dumping data for table `dn_service_provide_locations`
--

INSERT INTO `dn_service_provide_locations` (`service_provide_location_id`, `city_id`, `locality`, `pincode`, `status`) VALUES
(1, 512, 'Begumpet', '500015', 'Active'),
(2, 512, 'Madhapur', '500082', 'Active'),
(3, 9, 'Adyar', '518412', 'Active'),
(4, 9, 'Nemilichery', '518423', 'Active'),
(5, 9, 'Noombal', '514218', 'Active'),
(6, 512, 'Secundrabad', '500043', 'Active'),
(7, 514, 'Hebbal', '500812', 'Active'),
(8, 514, 'Marathahalli', '514218', 'Active'),
(9, 514, 'Koramangala', '514813', 'Inactive'),
(11, 5, 'Sanjay Lake', '514213', 'Active'),
(12, 5, 'Pitampura ', '500112', 'Inactive'),
(13, 516, 'Hyderabad', '500048', 'Active'),
(14, 270, 'Makota', '50002', 'Active'),
(15, 226, 'Kol', '8520', 'Active'),
(16, 5, 'DARKJA', '7896541', 'Active'),
(19, 13, 'JANGOAN', '500089', 'Active'),
(21, 10, 'KR Puram', '560036', 'Active');

-- --------------------------------------------------------

--
-- Table structure for table `dn_sessions`
--

CREATE TABLE IF NOT EXISTS `dn_sessions` (
	`id` varchar(128) NOT NULL,
	`ip_address` varchar(45) NOT NULL,
	`timestamp` int(10) unsigned DEFAULT 0 NOT NULL,
	`data` blob NOT NULL,
	KEY `ci_sessions_timestamp` (`timestamp`)
);

-- --------------------------------------------------------

--
-- Table structure for table `dn_site_settings`
--

CREATE TABLE IF NOT EXISTS `dn_site_settings` (
  `id` int(11) NOT NULL AUTO_INCREMENT,
  `site_title` varchar(512) NOT NULL,
  `site_name` varchar(512) NOT NULL,
  `address` varchar(512) NOT NULL,
  `city` varchar(512) NOT NULL,
  `state` varchar(512) NOT NULL,
  `country` varchar(512) NOT NULL,
  `zip` varchar(512) NOT NULL,
  `phone` varchar(512) NOT NULL,
  `land_line` varchar(512) NOT NULL,
  `fax` varchar(512) NOT NULL,
  `portal_email` varchar(512) NOT NULL,
  `site_country` varchar(512) NOT NULL,
  `from_time` varchar(50) NOT NULL,
  `to_time` varchar(50) NOT NULL,
  `language_id` int(11) NOT NULL,
  `design_by` varchar(512) NOT NULL,
  `rights_reserved_content` varchar(512) NOT NULL,
  `site_logo` varchar(512) NOT NULL,
  `currency` varchar(20) NOT NULL,
  `currency_symbol` varchar(20) NOT NULL,
  `country_code` varchar(10) NOT NULL,
  `latitude` varchar(50) NOT NULL,
  `longitude` varchar(50) NOT NULL,
  `ios_url` varchar(50) NOT NULL,
  `android_url` varchar(50) NOT NULL,
  `facebook_api` varchar(200) NOT NULL,
  `google_api` varchar(200) NOT NULL,
  `one_signal_server_api_key` varchar(100) NOT NULL,
  `one_signal_app_id` varchar(50) NOT NULL,
  `sms_notifications` enum('Yes','No') NOT NULL DEFAULT 'No',
  `fcm_push_notifications` enum('Yes','No') NOT NULL DEFAULT 'No',
  PRIMARY KEY (`id`)
) ENGINE=InnoDB  DEFAULT CHARSET=utf8 AUTO_INCREMENT=2 ;

--
-- Dumping data for table `dn_site_settings`
--

INSERT INTO `dn_site_settings` (`id`, `site_title`, `site_name`, `address`, `city`, `state`, `country`, `zip`, `phone`, `land_line`, `fax`, `portal_email`, `site_country`, `from_time`, `to_time`, `language_id`, `design_by`, `rights_reserved_content`, `site_logo`, `currency`, `currency_symbol`, `country_code`, `latitude`, `longitude`, `ios_url`, `android_url`, `facebook_api`, `google_api`, `one_signal_server_api_key`, `one_signal_app_id`, `sms_notifications`, `fcm_push_notifications`) VALUES
(1, 'Crunchy V5', 'Crunchy App For Restaurent ', 'Hitech City', 'Hyderabad', 'Telangana', 'India', '500081', '9876543210', '123456789', '123456789', 'your@gmail.com', 'in', '08:00', '22:30', 1, 'Digital Samaritan', '© Digi Restaurant 2016. All rights reserved.', 'site_logo.png', 'USD', '$', '91', '48.651636', '-123.398947', 'http://www.apple.com/retail/', 'https://play.google.com/store?hl=en', '172320483163959', '707332932771-9lkp1jtigdtedtek9i6cegv7p0cq13jr.apps.googleusercontent.com', 'M2VmZDBjOGItYWJjYS00NjdhLWExMzktYWEwZjM4ZjZhNjE2', 'da39217b-0184-4b26-8ef2-e5704cda9eb1', 'No', 'Yes');

-- --------------------------------------------------------

--
-- Table structure for table `dn_sms_gate_ways`
--

CREATE TABLE IF NOT EXISTS `dn_sms_gate_ways` (
  `sms_gateway_id` int(11) NOT NULL AUTO_INCREMENT,
  `sms_gateway_name` varchar(50) NOT NULL,
  `is_default` enum('Yes','No') NOT NULL DEFAULT 'No',
  `status` enum('Active','Inactive') NOT NULL DEFAULT 'Active',
  PRIMARY KEY (`sms_gateway_id`)
) ENGINE=MyISAM  DEFAULT CHARSET=latin1 AUTO_INCREMENT=8 ;

--
-- Dumping data for table `dn_sms_gate_ways`
--

INSERT INTO `dn_sms_gate_ways` (`sms_gateway_id`, `sms_gateway_name`, `is_default`, `status`) VALUES
(1, 'Cliakatell', 'No', 'Active'),
(2, 'Nexmo', 'No', 'Active'),
(3, 'Plivo', 'Yes', 'Active'),
(4, 'Solutionsinfini', 'No', 'Active'),
(5, 'Twilio', 'No', 'Active'),
(7, 'MSG91', 'No', 'Inactive');

-- --------------------------------------------------------

--
-- Table structure for table `dn_sms_templates`
--

CREATE TABLE IF NOT EXISTS `dn_sms_templates` (
  `sms_template_id` int(11) NOT NULL AUTO_INCREMENT,
  `subject` varchar(50) NOT NULL,
  `sms_template` varchar(500) NOT NULL,
  `status` enum('Active','Inactive') NOT NULL DEFAULT 'Active',
  PRIMARY KEY (`sms_template_id`)
) ENGINE=MyISAM  DEFAULT CHARSET=latin1 AUTO_INCREMENT=6 ;

--
-- Dumping data for table `dn_sms_templates`
--

INSERT INTO `dn_sms_templates` (`sms_template_id`, `subject`, `sms_template`, `status`) VALUES
(1, 'registration_otp', '<p>Your Registration OTP is <strong>__OTP__</strong></p>\r\n', 'Active'),
(2, 'forgot_password_otp', '<p>Your Forgot Password OTP is <strong>__OTP__</strong></p>\n', 'Active'),
(3, 'order_saved', '<p>Thanks for using <strong>__SITE__TITLE__</strong></p>\r\n\r\n<p>Order No <strong>__ORDER__NO__</strong></p>\r\n\r\n<p>Total Cost <strong>__TOTAL__COST__</strong></p>\r\n', 'Active'),
(4, 'order_update', '<p>Your Order No <strong>__ORDER__ID__</strong> Status <strong>__STATUS__</strong> Message <strong>__MESSAGE__</strong></p>\n', 'Active'),
(5, 'item_deleted', '<p>Item Deleted from Order Order No <strong>__ORDER__ID__</strong> Item Name <strong>__ITEM__NAME__</strong></p>\n', 'Active');

-- --------------------------------------------------------

--
-- Table structure for table `dn_system_settings_fields`
--

CREATE TABLE IF NOT EXISTS `dn_system_settings_fields` (
  `field_id` int(11) NOT NULL AUTO_INCREMENT,
  `sms_gateway_id` int(11) DEFAULT NULL,
  `field_name` varchar(256) CHARACTER SET latin1 DEFAULT NULL,
  `field_key` varchar(50) NOT NULL,
  `is_required` char(5) CHARACTER SET latin1 DEFAULT 'No',
  `field_output_value` text,
  `created` timestamp NULL DEFAULT CURRENT_TIMESTAMP,
  `updated` datetime DEFAULT NULL,
  PRIMARY KEY (`field_id`)
) ENGINE=InnoDB  DEFAULT CHARSET=utf8 AUTO_INCREMENT=144 ;

--
-- Dumping data for table `dn_system_settings_fields`
--

INSERT INTO `dn_system_settings_fields` (`field_id`, `sms_gateway_id`, `field_name`, `field_key`, `is_required`, `field_output_value`, `created`, `updated`) VALUES
(125, 1, 'User Name', 'User_Name', 'Yes', 'johnpeter', '2016-07-25 11:20:38', '2016-11-14 06:33:08'),
(126, 1, 'Password', 'Password', 'Yes', 'aYBSNZAOYPdUab', '2016-07-25 12:29:11', '2016-11-14 06:33:08'),
(127, 1, 'From No', 'From_No', 'Yes', '7569861197', '2016-07-25 12:29:47', '2016-11-14 06:33:08'),
(128, 1, 'API Id', 'API_Id', 'Yes', '3614745', '2016-07-25 12:30:10', '2016-11-14 06:33:08'),
(129, 2, 'API KEY', 'API_KEY', 'Yes', 'd0e587bc', '2016-07-26 05:51:28', '2016-10-21 12:43:30'),
(130, 2, 'API SECRET', 'API_SECRET', 'Yes', '66d2cc36a62ab814', '2016-07-26 06:00:50', '2016-10-21 12:43:30'),
(131, 3, 'AUTH ID', 'AUTH_ID', 'Yes', 'MANZU4OTU5YJCZMJIYZM', '2016-07-26 09:26:52', '2016-07-28 05:58:48'),
(132, 3, 'AUTH TOKEN', 'AUTH_TOKEN', 'Yes', 'MGMxMzhmMzM2OGFlZjJkZDNhNWJjMGI4ZTg4OGJk', '2016-07-26 09:27:16', '2016-07-28 05:58:48'),
(133, 3, 'API VERSION', 'API_VERSION', 'Yes', 'v1', '2016-07-26 09:27:49', '2016-07-28 05:58:48'),
(134, 3, 'END POINT', 'END_POINT', 'Yes', 'https://api.plivo.com', '2016-07-26 09:28:14', '2016-07-28 05:58:48'),
(135, 4, 'Working Key', 'working_key', 'Yes', 'A03b780b9662f5cc19f5541a6e3858478', '2016-07-26 09:29:30', NULL),
(136, 4, 'Sender Id', 'sender_id', 'Yes', 'SIDEMO', '2016-07-26 09:29:53', NULL),
(137, 4, 'API URL', 'api', 'Yes', 'http://alerts.solutionsinfini.com/', '2016-07-26 09:30:15', NULL),
(138, 5, 'Account SID', 'account_sid', 'Yes', 'ACd36d992497f42532824a07ec3a9337fd', '2016-07-26 09:31:21', NULL),
(139, 5, 'Auth Token', 'auth_token', 'Yes', 'afa33e8e1241f421278567db3a04ee30', '2016-07-26 09:31:54', NULL),
(140, 5, 'API Version', 'api_version', 'Yes', '2010-04-01', '2016-07-26 09:32:20', NULL),
(141, 5, 'Twilio Phone Number', 'Twilio_Phone_Number', 'Yes', '+15005550006', '2016-07-26 09:32:57', NULL),
(142, 7, 'AUTH', 'AUTH', 'Yes', '129908A4YfZq1kO581745f5', '2016-11-17 08:03:11', '2016-11-17 08:04:17'),
(143, 7, 'SENDER_ID', 'SENDER_ID', 'Yes', '102234', '2016-11-17 08:03:11', '2016-11-17 08:04:17');

-- --------------------------------------------------------

--
-- Table structure for table `dn_users`
--

CREATE TABLE IF NOT EXISTS `dn_users` (
  `id` int(11) unsigned NOT NULL AUTO_INCREMENT,
  `updated_on` date NOT NULL,
  `ip_address` varchar(15) NOT NULL,
  `username` varchar(100) NOT NULL,
  `password` varchar(255) NOT NULL,
  `salt` varchar(255) DEFAULT NULL,
  `email` varchar(100) NOT NULL,
  `activation_code` varchar(40) DEFAULT NULL,
  `forgotten_password_code` varchar(40) DEFAULT NULL,
  `forgotten_password_time` int(11) unsigned DEFAULT NULL,
  `remember_code` varchar(40) DEFAULT NULL,
  `created_on` int(11) unsigned NOT NULL,
  `last_login` int(11) unsigned DEFAULT NULL,
  `active` tinyint(1) unsigned DEFAULT NULL,
  `first_name` varchar(50) DEFAULT NULL,
  `last_name` varchar(50) DEFAULT NULL,
  `phone` varchar(50) DEFAULT NULL,
  `address` varchar(512) NOT NULL,
  `city` varchar(512) NOT NULL,
  `pincode` varchar(50) NOT NULL,
  `landmark` varchar(100) NOT NULL,
  `device_id` varchar(200) NOT NULL,
  `platform` varchar(50) NOT NULL,
  `registered_by` enum('mobile','google','facebook') NOT NULL,
  `record_user_id` int(11) NOT NULL,
  `user_points` int(11) NOT NULL,
  PRIMARY KEY (`id`)
) ENGINE=InnoDB  DEFAULT CHARSET=utf8 AUTO_INCREMENT=182 ;

--
-- Dumping data for table `dn_users`
--

INSERT INTO `dn_users` (`id`, `updated_on`, `ip_address`, `username`, `password`, `salt`, `email`, `activation_code`, `forgotten_password_code`, `forgotten_password_time`, `remember_code`, `created_on`, `last_login`, `active`, `first_name`, `last_name`, `phone`, `address`, `city`, `pincode`, `landmark`, `device_id`, `platform`, `registered_by`, `record_user_id`, `user_points`) VALUES
(1, '2016-06-07', '127.0.0.1', 'Admin istrator', '$2y$08$rwkwWS1FdK9EFvuB0IJZY.U9Cdjn2Cm7L17oPjXBn3eIbE0Q0//Ca', '', 'admin@admin.com', NULL, 'GngTkxRwrVNBZR43hcGYnu70b46e2de38c4cd47e', 1469086847, NULL, 1268889823, 1480334628, 1, 'Admin', 'istrator', '123456789', '2009-12-24', '', '123456', '', '', '', 'mobile', 1, 0),
(75, '2016-06-16', '78.189.204.207', 'mesut-sen@hotmail.com.tr', '$2y$08$9oq5oPgorcOKG0lrIRbWM.MXQwvd3x1GeJ12GARqzE5V.n2yISOi2', NULL, 'mesut-sen@hotmail.com.tr', 'afea6add20a526aa85903281c05c48c5ae9545b1', NULL, NULL, NULL, 1466074890, NULL, 1, 'Mesut', 'Sen', '5555555555', '', '', '', '', '3c96047609c04c3d', 'android', 'mobile', 1, 0),
(76, '2016-06-17', '154.65.34.194', 'khalilmaster@hotmail.fr', '$2y$08$9oq5oPgorcOKG0lrIRbWM.MXQwvd3x1GeJ12GARqzE5V.n2yISOi2', NULL, 'khalilmaster@hotmail.fr', '85a36377c701ffccd3f83baa8b785ae6c027a1fd', NULL, NULL, NULL, 1466195681, NULL, 1, 'Ibrahim', 'Khalil', '2774207011', '', '', '', '', 'f1cbacd819ab43ce', 'android', 'mobile', 1, 0),
(77, '2016-06-20', '213.205.252.51', 'danny@mailinator.com', '$2y$08$9oq5oPgorcOKG0lrIRbWM.MXQwvd3x1GeJ12GARqzE5V.n2yISOi2', NULL, 'danny@mailinator.com', NULL, NULL, NULL, NULL, 1466406431, 1466406499, 1, 'Danny', 'ash', '7542364578', '', '', '', '', '86f2ffce27ced08', 'android', 'mobile', 1, 0),
(78, '2016-06-20', '112.133.244.25', 'sumeetsinghani@gmail.com', '$2y$08$9oq5oPgorcOKG0lrIRbWM.MXQwvd3x1GeJ12GARqzE5V.n2yISOi2', NULL, 'sumeetsinghani@gmail.com', '218df9e1195eb39b965469851c8844e5c01ca51d', NULL, NULL, NULL, 1466408056, NULL, 1, 'Sumeet', 'Jaisinghani', '9011580040', '', '', '', '', 'f42d6a51cc665ee8', 'android', 'mobile', 1, 0),
(79, '2016-06-20', '112.133.244.25', 'gomydad1@gmail.com', '$2y$08$9oq5oPgorcOKG0lrIRbWM.MXQwvd3x1GeJ12GARqzE5V.n2yISOi2', NULL, 'gomydad1@gmail.com', 'ac12a986b4e0014b4f206ad052aad47e20c2c764', NULL, NULL, NULL, 1466408538, NULL, 1, 'go', 'dad', '8983751030', '', '', '', '', 'f42d6a51cc665ee8', 'android', 'mobile', 1, 0),
(80, '2016-06-20', '112.133.244.25', 'facebookmakefast@gmail.com', '$2y$08$9oq5oPgorcOKG0lrIRbWM.MXQwvd3x1GeJ12GARqzE5V.n2yISOi2', NULL, 'facebookmakefast@gmail.com', 'df510be696d6e38b571adfde48a1692085c28fae', NULL, NULL, NULL, 1466425944, NULL, 1, 'Sujal', 'Sharma', '', '', '', '', '', 'f42d6a51cc665ee8', 'android', 'google', 1, 0),
(81, '2016-06-20', '103.10.208.6', 'asifsiddiqui@gmail.com', '$2y$08$9oq5oPgorcOKG0lrIRbWM.MXQwvd3x1GeJ12GARqzE5V.n2yISOi2', NULL, 'asifsiddiqui@gmail.com', '04a1840ac4d4fbadc0ead149d9a20486ab69f877', NULL, NULL, NULL, 1466441845, NULL, 1, 'Asif', 'Siddiqui', '9800050508', '', '', '', '', '92cde293d66500c3', 'android', 'mobile', 1, 0),
(82, '2016-06-20', '85.255.235.61', 'jay jay', '$2y$08$9oq5oPgorcOKG0lrIRbWM.MXQwvd3x1GeJ12GARqzE5V.n2yISOi2', NULL, 'allinone3040@mail.com', NULL, 'DGru-8fcwrQAPsTLQFYYvu451625dc6df8dac4b5', 1466730335, NULL, 1466450983, 1466810510, 0, 'Jay', 'Jay', '7850628799', '12 app road', 'Blackpool', '', 'Lancashire', 'e435f7323e26ad08', 'android', 'mobile', 1, 0),
(84, '2016-06-21', '36.76.230.103', 'ihyatorres@gmail.com', '$2y$08$9oq5oPgorcOKG0lrIRbWM.MXQwvd3x1GeJ12GARqzE5V.n2yISOi2', NULL, 'ihyatorres@gmail.com', '8c96178ec3144d4664338ff9f8e71458aa47070e', NULL, NULL, NULL, 1466531831, NULL, 1, 'Iie', 'Ya', '', '', '', '', '', '788e26c94c6ada24', 'android', 'facebook', 1, 0),
(85, '2016-06-21', '115.245.229.134', 'hdjdj.dhjx@djd.dd', '$2y$08$9oq5oPgorcOKG0lrIRbWM.MXQwvd3x1GeJ12GARqzE5V.n2yISOi2', NULL, 'hdjdj.dhjx@djd.dd', '353111154f0be594707f8c05ea1f605afeb9ff9f', NULL, NULL, NULL, 1466542167, NULL, 0, 'Dhhdhd', 'Dhdjj', '8456464646', '', '', '', '', '5c50c199d2eea625', 'android', 'mobile', 1, 0),
(86, '2016-06-21', '115.245.229.134', 'one@gmai.com', '$2y$08$9oq5oPgorcOKG0lrIRbWM.MXQwvd3x1GeJ12GARqzE5V.n2yISOi2', NULL, 'one@gmai.com', NULL, NULL, NULL, NULL, 1466542384, NULL, 1, 'Dhdh', 'Hdh', '8784484548', '', '', '', '', '5c50c199d2eea625', 'android', 'mobile', 1, 0),
(87, '2016-06-21', '115.245.229.134', 'dev.shekhawat.dev@gmail.com', '$2y$08$9oq5oPgorcOKG0lrIRbWM.MXQwvd3x1GeJ12GARqzE5V.n2yISOi2', NULL, 'dev.shekhawat.dev@gmail.com', NULL, NULL, NULL, NULL, 1466545122, 1466545248, 1, 'Ds', 'Singh', '2554444455', '', '', '', '', '5c50c199d2eea625', 'android', 'mobile', 1, 0),
(88, '2016-06-22', '186.255.208.249', 'pedrocduarte@yahoo.com.br', '$2y$08$9oq5oPgorcOKG0lrIRbWM.MXQwvd3x1GeJ12GARqzE5V.n2yISOi2', NULL, 'pedrocduarte@yahoo.com.br', '2f6cceed06ddb5e67224146c2fa5649bebd81a18', NULL, NULL, NULL, 1466627662, NULL, 1, 'Pedro', 'Duarte', '', '', '', '', '', '243b56de5599813d', 'android', 'facebook', 1, 0),
(89, '2016-06-23', '154.65.34.193', 'ikhalil@nerdslabcorp.com', '$2y$08$9oq5oPgorcOKG0lrIRbWM.MXQwvd3x1GeJ12GARqzE5V.n2yISOi2', NULL, 'ikhalil@nerdslabcorp.com', NULL, NULL, NULL, NULL, 1466655686, NULL, 1, 'Ibrahim', 'Khalil', '2774207011', '', '', '', '', '4c02e5e657896584', 'android', 'mobile', 1, 0),
(90, '2016-06-23', '125.16.167.60', 'nisham.mahsin@gmail.com', '$2y$08$9oq5oPgorcOKG0lrIRbWM.MXQwvd3x1GeJ12GARqzE5V.n2yISOi2', NULL, 'nisham.mahsin@gmail.com', 'dbaf09339c211e11130d8ceb347edab706bb8077', NULL, NULL, NULL, 1466687466, NULL, 1, 'Nisham', 'Mahsin', '', '', '', '', '', '57ab41913c35f38f', 'android', 'google', 1, 0),
(104, '2016-06-25', '118.136.110.22', 'matriks27@yahoo.com', '$2y$08$9oq5oPgorcOKG0lrIRbWM.MXQwvd3x1GeJ12GARqzE5V.n2yISOi2', NULL, 'matriks27@yahoo.com', 'c7e572942741b2a072b3ba10bc98ea40e07c02e4', NULL, NULL, NULL, 1466885343, NULL, 1, 'Pesona Muda', 'Majalah', '', '', '', '', '', 'baa905c930d128e0', 'android', 'facebook', 1, 0),
(105, '2016-06-26', '139.59.128.170', 'mhp387@gmail.com', '$2y$08$9oq5oPgorcOKG0lrIRbWM.MXQwvd3x1GeJ12GARqzE5V.n2yISOi2', NULL, 'mhp387@gmail.com', '7af6c7cc3cb5a30e2861a151b985cc9b399ee148', NULL, NULL, NULL, 1466911576, NULL, 1, 'M', 'Hp', '', '', '', '', '', 'dd8a228847908d2b', 'android', 'google', 1, 0),
(106, '2016-06-26', '117.244.171.125', 'subal.007bond@gmail.com', '$2y$08$9oq5oPgorcOKG0lrIRbWM.MXQwvd3x1GeJ12GARqzE5V.n2yISOi2', NULL, 'subal.007bond@gmail.com', '0b4d3a4938c70452e8dd323b90a274321ac84baf', NULL, NULL, NULL, 1466934319, NULL, 1, 'Subal', 'Kumar', '', '', '', '', '', 'bab41270a85ee9aa', 'android', 'google', 1, 0),
(107, '2016-06-26', '117.244.171.125', 'naazim.ansari@gmail.com', '$2y$08$9oq5oPgorcOKG0lrIRbWM.MXQwvd3x1GeJ12GARqzE5V.n2yISOi2', NULL, 'naazim.ansari@gmail.com', 'a01ed070f8b4759d2c79a56fdc476573816b7402', NULL, NULL, NULL, 1466935200, NULL, 1, 'Naazim', 'Ansari', '', '', '', '', '', '4ce4274ca8f62a6e', 'android', 'google', 1, 0),
(117, '2016-06-27', '172.56.12.85', 'wa2ka@yahoo.fr', '$2y$08$s3VgJ3511neatWH1OVXHFuex4K.Stptjxt8Ee0K3PtmuLsmOBh2MC', NULL, 'wa2ka@yahoo.fr', NULL, NULL, NULL, NULL, 1467058717, 1467058869, 1, 'M', 'D', '1235880746', '', '', '', '', '7cba74e326e05b96', 'android', 'mobile', 1, 0),
(118, '2016-06-28', '78.238.4.30', 'mela_576@hotmail.fr', '$2y$08$xB3caBTF4SKV6yZ2h0PEb.epBckI71vHYTKN14aOifjYQK0hvQpAK', NULL, 'mela_576@hotmail.fr', NULL, '7X9jzbDZnt2f-HWvEK0Lce4bbe1ae862b10b27dd', 1467080372, NULL, 1467080272, 1467080470, 1, 'Maison', 'Maison', '7780549644', '', '', '', '', 'fcfc9d6605eb9f2', 'android', 'mobile', 1, 0),
(119, '2016-06-30', '122.169.137.221', 'williams sandy', '$2y$08$l801IigvuSxDFNZ/jcKY2OHQ9ZWiDWR2GJUAaYTmHCE5d0h71U7Ou', NULL, 'srinivasarao.d@conquerorstech.net', 'a9994d55bdca0dce5d358243eac1ead06be69a0a', NULL, NULL, NULL, 1467117737, 1467289163, 1, 'Williams', 'Sandy', '8142487714', 'Green House', 'Sidney', '', 'Highlands', '717321dc2f439877', 'android', 'google', 1, 0),
(120, '2016-07-01', '112.215.63.11', 'matriks27@gmail.com', '$2y$08$93HilKMZ2aPzE/uXO8BDfeLsXEXMzd2.cIpgPX0YPHJ7/eR7OY5N.', NULL, 'matriks27@gmail.com', 'af881b35b0d260cd2c80c169ec4071d27aacbacc', NULL, NULL, NULL, 1467377195, NULL, 0, 'Akhmad Dharma', 'Kasman', '2158464979', '', '', '', '', 'baa905c930d128e0', 'android', 'mobile', 1, 0),
(121, '2016-07-02', '72.200.16.116', 'mavenlore@gmail.com', '$2y$08$iAeGPY0DQju1RK0Wcz8K5Ol4qLi0JRz2OI5cF.T6meh2ynnTlmLhS', NULL, 'mavenlore@gmail.com', '4f824d8c67533c5687dfd7fde8623eadf3c12d4f', NULL, NULL, NULL, 1467441898, NULL, 1, 'Mavenlore', 'Scalzi', '', '', '', '', '', 'a63301057c3f63be', 'android', 'facebook', 1, 0),
(122, '2016-07-02', '176.232.185.176', 'mesutsen.com@gmail.com', '$2y$08$UMqGcpZkgl7xS2r7winOnOtJs8cAlEzl/b.CddLRMvt70ALxzfSrq', NULL, 'mesutsen.com@gmail.com', '242366a60461beaceae3fe1b66ce5e2ed650299a', NULL, NULL, NULL, 1467503742, NULL, 0, '', '0', '', '', '', '', '', '7703A38A-0882-44BC-AAF1-FF6DFA4FCAD9', 'ios', 'google', 1, 0),
(123, '2016-07-05', '196.11.90.10', 'agascoignebo@yahoo.com', '$2y$08$FgNNHfSJB9Wq.6h.XvcKseOnIGF8BMzh5Spep13/gcNWCsrm3Dlpy', NULL, 'agascoignebo@yahoo.com', '9810fe8521dd93ef02e9a6738748bb73beba0fa4', NULL, NULL, NULL, 1467715233, NULL, 1, 'Acquah', 'Stephen', '7569861197', '', '', '', '', 'cgmgH6Dp7kk:APA91bEfaW4skQKwSs6eeLGOh-SQGpPPX62CB1disEl_CUMu18ZNKqPMeOfl_Hy-HsPxc6IMumbmuR46WMrp0ClXjshx9wmPgedXMp3NEFLUul5t5njSNLlhvojfvFMHBzr3p8jPxuJT', 'android', 'facebook', 1, 0),
(124, '2016-07-10', '203.88.145.32', 'sg prasanth', '$2y$08$2TVnZNokxs1qkO1fXEPKuu2.gbY6P4W7ACteer2W7cFbSdZVjX9Ha', NULL, 'sgpteam1@gmail.com', '3cf57db37b4d2a480b9fb6b216ad0a21a4cc05ad', NULL, NULL, NULL, 1468158597, NULL, 1, 'SG', 'Prasanth', '5555555555', 'delta building', 'mumbai', '', 'juhu', '9a6981c6de729887', 'android', 'google', 1, 0),
(125, '2016-07-10', '201.185.233.211', 'skil.cerox@gmail.com', '$2y$08$qls98gPPJoYg0lnXJbrRsOnBJaxwPcE6c3AXz5z671BR69T3X/GxK', NULL, 'skil.cerox@gmail.com', NULL, NULL, NULL, NULL, 1468170178, 1468170383, 0, 'pedro', 'ramirez', '3114630852', '', '', '', '', '632739f3fbd9ad44', 'android', 'mobile', 1, 0),
(126, '2016-07-15', '125.62.199.138', 'naveenspiky27@gmail.com', '$2y$08$cIGFi2KcpqxuDnsKidzItukmSSNovl5REPDvEgWekmBTPbbpd2av6', NULL, 'naveenspiky27@gmail.com', NULL, 'MmAQa7-6hJpQwMC9reW6D.d3911a2335d4a2dd75', 1469016923, NULL, 1468583693, 1468583735, 0, 'naveen', 'Kumar', '9876543210', '', '', '', '', '7f1f74fd0e3821ad', 'android', 'mobile', 1, 0),
(127, '2016-07-23', '152.248.170.151', 'cleiton tavares', '$2y$08$BvUkQLS5d6yf/y3i7kGstOevHRQZ4e5gw9Nvu.Yby6zsGhZQOW1Qm', NULL, 'petrucci25@gmail.com', NULL, NULL, NULL, NULL, 1468587210, 1468587313, 0, 'Cleiton', 'Tavares', '2197645124', 'Rua Lundia 910', 'Rio de Janeiro', '', 'Campo Grande', '169473088ec3c33b', 'android', 'mobile', 1, 0),
(128, '2016-07-15', '92.62.170.81', 'admin@admins.com', '$2y$08$D9lnctVw1KTvmjyFQDMWSO2/l2.0kz4qH3AnIyRFIMh7hkyqu8NG2', NULL, 'admin@admins.com', '14047cc209c93c626aa4e0adf9c855139e27a376', NULL, NULL, NULL, 1468621444, NULL, 0, 'Admin', 'Admjn', '9617004323', '', '', '', '', '9647e07e13918424', 'android', 'mobile', 1, 0),
(129, '2016-07-19', '115.112.74.10', 'eleveratechmegha@gmail.com', '$2y$08$Jt7vpWvpwsrRDblsfYoZkOHFa0rMNWz9GjoO1WZ2/WlQNXXTnabV6', NULL, 'eleveratechmegha@gmail.com', 'de01697df8449ca3bd62cd6ac18bca2959f56a21', NULL, NULL, NULL, 1468927162, NULL, 1, 'Megha', 'Shrivastav', '', '', '', '', '', 'd050d74689b0898b', 'android', 'google', 1, 0),
(130, '2016-07-20', '125.62.199.97', 'naveen27er@gmail.com', '$2y$08$VXt8zvjToGk31G2iOgwMF.9.q0jks0zuLy98j/9dY06lIvfgJd9p.', NULL, 'naveen27er@gmail.com', 'bde2537cdb7086cfae89c58aa3b1a4f0fba06ea3', NULL, NULL, NULL, 1469017004, NULL, 0, 'Naveen', 'Kumar', '9876543210', '', '', '', '', '7f1f74fd0e3821ad', 'android', 'mobile', 1, 0),
(131, '2016-07-20', '125.62.199.97', 'naveenspiky27@yahoo.com', '$2y$08$f51.RS.dxWxqP7AY.0ZNHuifKCOIUjDbolx9z21qjFnMHxgODysuS', NULL, 'naveenspiky27@yahoo.com', '4f05f0c6f5e1db2271d4b34b6607fadc93d1dcae', NULL, NULL, NULL, 1469017168, NULL, 0, 'Naveen', 'Kumar', '9876543212', '', '', '', '', '7f1f74fd0e3821ad', 'android', 'mobile', 1, 0),
(133, '2016-07-22', '101.187.92.34', 'ravsyd@gmail.com', '$2y$08$mUFaD9mA6pxKQIY0pSl9m.pnVfnWyJt0OKEG09rfpleCFUHXec5wC', NULL, 'ravsyd@gmail.com', '792fab6e7f3d51c42f9cafe7ab37f2cd5e770c61', NULL, NULL, NULL, 1469158323, NULL, 1, 'Rav', 'Syd', '', '', '', '', '', 'f7b81f0725d589d5', 'android', 'google', 1, 0),
(134, '2016-07-23', '115.112.74.10', 'mshri@gmail.com', '$2y$08$OF4M1C1xYCfruUbq74dJIejcYfE8Mrso/xlRvW11DHTqtssHD4/E.', NULL, 'mshri@gmail.com', 'f1189ceb0bd4993ffa9c7225569f185d6f1f3047', NULL, NULL, NULL, 1469260100, NULL, 0, 'megha', 'shrivastava', '9852852989', '', '', '', '', 'd050d74689b0898b', 'android', 'mobile', 1, 0),
(135, '2016-07-24', '179.34.86.29', 'skekeu@gmail.com', '$2y$08$a.Z4smxQF9ez5MYFSfRuZeTIqhpZpOuA3msvKOvYFdV/vqiaXzsoi', NULL, 'skekeu@gmail.com', NULL, NULL, NULL, NULL, 1469326328, 1474382828, 1, 'Cleiton', 'Tavares', '2197649528', '', '', '', '', '169473088ec3c33b', 'android', 'mobile', 1, 0),
(136, '2016-07-25', '201.6.230.205', 'webdiegopaim@gmail.com', '$2y$08$Mkes3TUd/BeEobZ7lLbFwuPZ.2JgvSGLNViB2iDuQrObFBuCQVLA2', NULL, 'webdiegopaim@gmail.com', '24e813ad3673ef54599c83da64049fa227a3e42c', NULL, NULL, NULL, 1469468780, NULL, 1, 'Diego', 'Paim', '', '', '', '', '', '3d5e538c4fe4bd74', 'android', 'google', 1, 0),
(137, '2016-07-25', '200.207.99.89', 'pedro_branco123@hotmail.com', '$2y$08$cpu07GG8l6qhzx3/sJ50reyzX.qagnGIFdbqhKLliX2CrcHUEZazm', NULL, 'pedro_branco123@hotmail.com', '23b3d3a684e8c6a9d83ee5ba35cbd0b8e6695ee0', NULL, NULL, NULL, 1469475965, NULL, 1, 'Pedro', 'Branco', '', '', '', '', '', 'f77153373c262676', 'android', 'facebook', 1, 0),
(138, '2016-07-26', '92.62.170.82', 'mohamad.salma@msn.com', '$2y$08$SiAVMse3yuDLLlVt3Sjms.Mj0SJhvpAaeg9ck0PuCFfUrwOcho2Qa', NULL, 'mohamad.salma@msn.com', '8c3b0295fca8482ed4e0da67b6136600bd40fd18', NULL, NULL, NULL, 1469556280, NULL, 0, 'Mohamad', 'Salma', '9670043234', '', '', '', '', '21d00a90d1db9495', 'android', 'mobile', 1, 0),
(139, '2016-07-26', '80.2.123.165', 'kamsamhamida@hotmail.com', '$2y$08$WxvQ.lqIQsiQrZ3wzhwzCOixWDKnwdZS1GPexnZ2Ht18Swvy5qmJq', NULL, 'kamsamhamida@hotmail.com', NULL, NULL, NULL, NULL, 1469571437, 1469609465, 1, 'Kamsam', 'Hamida', '4456321546', '', '', '', '', 'ec92c05af65fee44', 'android', 'mobile', 1, 0),
(151, '2016-07-27', '122.169.139.185', 'srinhchch@gmail.com', '$2y$08$S8Jp3Qn78Smb7RlD4jJCbuVSpVErDV5Aga24BqMSLYzp8x61r7Gcq', NULL, 'srinhchch@gmail.com', '095fed9ed37d4ec76f2eb8e211b68cfe07c50997', NULL, NULL, NULL, 1469619149, NULL, 0, 'hxhxh', 'xhcjc', '917569861197', '', '', '', '', 'APA91bHxvNqdKyge0XHdthjuAlvn5MLuiYBAK-62NVzTfe1GSoJ--ORAHDAYUsDEuCITeQeFn434pGuHN_r4WgbJCwuGfIfnXqSBUgwcHKCgnWIr0aQN7gRbnLBqN9xzBreDf4NaLFje', 'android', 'mobile', 1, 0),
(154, '2016-07-27', '122.169.139.185', 'srinu@gmail.com', '$2y$08$2jUDvfNgZY0lvtIG/.AiV.Xy57lQlLEhPIuJZKJPIkTh95OqsE.1i', NULL, 'srinu@gmail.com', NULL, NULL, NULL, NULL, 1469620170, NULL, 1, 'hxjcjfj', 'xjcmk', '7569861197', '', '', '', '', 'APA91bHxvNqdKyge0XHdthjuAlvn5MLuiYBAK-62NVzTfe1GSoJ--ORAHDAYUsDEuCITeQeFn434pGuHN_r4WgbJCwuGfIfnXqSBUgwcHKCgnWIr0aQN7gRbnLBqN9xzBreDf4NaLFje', 'android', 'mobile', 1, 0),
(162, '2016-07-29', '27.58.168.136', 'optimusblade2007@gmail.com', '$2y$08$9.2OWQE/Godxs1fH68.7kOj4SJ6FjrFCvEizhuxl52ZwtI7zKR4OC', NULL, 'optimusblade2007@gmail.com', NULL, NULL, NULL, NULL, 1469792145, 1469792274, 1, 'Toniwa', 'Awa', '9787545546', '', '', '', '', '56e20bd5d0378aff', 'android', 'mobile', 1, 0),
(163, '2016-08-01', '101.223.123.239', 'konerugovardhanreddy@gmaip.com', '$2y$08$/MK0Ybs9M.IEsgPq7187O.6x9Oq8fYOlL.AFBB.BzH3gwPKvnLq5u', NULL, 'konerugovardhanreddy@gmaip.com', NULL, NULL, NULL, NULL, 1470069426, NULL, 1, 'Koneru', 'Govardhanreddy', '9154411888', '', '', '', '', 'b5bba1a09fbed5f2', 'android', 'mobile', 1, 0),
(172, '2016-08-04', '183.82.114.32', 'pavanconquerors@gmail.com', '$2y$08$gz3.lh90ExadXx4iORY42uyuhvffGhiKo8hw4DEy/jrL6Irwqqn.W', NULL, 'pavanconquerors@gmail.com', NULL, NULL, NULL, NULL, 1470313319, 1470316827, 1, 'Pavan', 'Kumar', '7207757581', '', '', '', '', 'APA91bE1Ssl0DsBb0jDatfUVqirGCwvKunRhqkDOcWfZ9Meqr4vZfISl0aj7TwlGN3b3SgU9-1rKiySwZNVHQgmSegjt4UkoS4kN4BWnnsp_XmegslZpMfD9tP4W8Fr_Sin7QChDytzx', 'android', 'mobile', 1, 0),
(174, '2016-08-30', '122.169.159.108', 'srinivasaraouesi@gmail.com', '$2y$08$BDMtD4RKsgppdtqcvYFTOu6V7.sH2BoG9rk5IIZiY8iKdtSkpLL9i', NULL, 'srinivasaraouesi@gmail.com', NULL, NULL, NULL, NULL, 1472556829, 1480070325, 1, 'srinivasarao', 'dharnasi', '8142487714', '', '', '', '', 'APA91bEHnSuw0c0e-xZYEKuYwYX9s7ESHpBABvNZUI3NTT5AddwBu8Oi57hD8ushBXEGQDd8JgqrVxF4ISKazwnrgBafJ6DNobl7hux1J1qZN0SwQCU1iccYxILGcUkSIXoguHY1TqBb', 'android', 'mobile', 0, 0),
(175, '2016-08-30', '183.82.114.32', 'sai kumar', '$2y$08$0FFkShXYPjLCHdwALJzIc.VRy7R1lmnRIFuqIWz9jVkqHhMpkpcw6', NULL, 'raju72314@gmail.com', NULL, NULL, NULL, NULL, 1472562911, NULL, 1, 'Sai', 'Kumar', '8341052387', 'Hydgh', 'Hyd', '', 'Sr nagat', 'APA91bHivJZO_4mLgkGlOyA3L1bHAs9YbzWvGm5q8udlbsmYHq-fKioM8wWkylXAKCk5BJpAvE0p0y8VRLmjcnIy-snWWme2mWTBihwn3v_CCur8BqcRgVm98lZtXArRXT9qZpVFy2Ek', 'android', 'mobile', 0, 0),
(176, '2016-09-13', '183.82.114.32', '', '0', NULL, '', 'ace4d395fed83b923a440f60b67151f54cf31bfa', NULL, NULL, NULL, 1473762793, NULL, 0, 'vikram', 'kagde', '8600406072', '', '', '', '', 'cgsbs', 'androis', 'mobile', 0, 0),
(177, '2016-09-13', '183.82.114.32', 'vikramkagde@gmail.com', '0', NULL, 'vikramkagde@gmail.com', 'f3865dcbd34cf5f39cb4269473d4f2a784c60652', NULL, NULL, NULL, 1473763953, NULL, 0, 'vikram', 'kagde', '8600406072', '', '', '', '', 'Voltadnsns', 'Android ', 'mobile', 0, 0),
(178, '2016-10-01', '183.82.114.32', 'gollapallijohnpete@gmail.com', '$2y$08$fZ6UNYjApGnH5Con6KRT9uPp3HjIttnnANz.I7VYjcMYeE1uQmkyq', NULL, 'gollapallijohnpete@gmail.com', NULL, NULL, NULL, NULL, 1475309875, NULL, 1, 'Gollapalli', 'Bryson Mario', '7569861197', '', '', '', '', 'cgmgH6Dp7kk:APA91bEfaW4skQKwSs6eeLGOh-SQGpPPX62CB1disEl_CUMu18ZNKqPMeOfl_Hy-HsPxc6IMumbmuR46WMrp0ClXjshx9wmPgedXMp3NEFLUul5t5njSNLlhvojfvFMHBzr3p8jPxuJT', 'android', 'mobile', 0, 0),
(179, '2016-10-01', '183.82.114.32', 'gollapalli john', '$2y$08$s81NZqlOrSnldQRx8khjwuIJ92F6K5whWUu5hoBsZrSrM5jdsEmQe', NULL, 'gollapallijohnpeter@gmail.com', 'ca3b6d492e4431092e0514c754ef8fb56855a233', NULL, NULL, NULL, 1475317301, NULL, 1, 'Gollapalli', 'john', '7569861197', 'Teachers Colony', 'Secunderabad', '', 'Marredpally', 'dO2dauSgBDI:APA91bG9QzAdpBeTCy_k4sefufadSH0L6O-rMjnlPdr7EfY3GvIaRyEFa8hEgrxuvN0p3JsYSJgCPhB_2FWRjpAh83E0mEraxLjhFdZaRjGZDPCWLbCVyVzDXUSpdB-zFfW-ehfGeXXu', 'android', 'google', 0, 0),
(180, '2016-11-24', '183.82.114.32', 'sai ram', '$2y$08$G/pmOdID3M5HpGzDLCr8cOJtBpXLABDLbSO5fBb8gR4vle95MxK82', NULL, 'sai84130@gmail.com', '40fce5dc72b9d90bce9082f5c749e81dcec84390', NULL, NULL, NULL, 1479982833, 1479983661, 1, 'Sai', 'Ram', '8341052387', 'H.no 34/64_85', 'Hyderabad', '', 'Sr nagar', '154d117f-6451-4827-bc85-d3710bb11072', 'android', 'facebook', 0, 0),
(181, '2016-11-28', '183.82.114.32', 'aruna yellanuru', '$2y$08$dLmvtqFCCANsVR9n0RRtGOUgGUgfsxK0557iudUTlPB8I7DpQ8U3W', NULL, 'arunayellanuru@gmail.com', 'bc5fac0209c9e7f1673509ff6f30d958ab6dce11', NULL, NULL, NULL, 1480063928, 1480336102, 1, 'aruna', 'yellanuru', '8341052387', 'Vinayaka apartments', 'Hyderabad', '', 'Sr nsgar', '154d117f-6451-4827-bc85-d3710bb11072', 'android', 'google', 0, 0);

-- --------------------------------------------------------

--
-- Table structure for table `dn_users_groups`
--

CREATE TABLE IF NOT EXISTS `dn_users_groups` (
  `id` int(11) unsigned NOT NULL AUTO_INCREMENT,
  `user_id` int(11) unsigned NOT NULL,
  `group_id` mediumint(8) unsigned NOT NULL,
  PRIMARY KEY (`id`),
  UNIQUE KEY `uc_users_groups` (`user_id`,`group_id`),
  KEY `fk_users_groups_users1_idx` (`user_id`),
  KEY `fk_users_groups_groups1_idx` (`group_id`)
) ENGINE=InnoDB  DEFAULT CHARSET=utf8 AUTO_INCREMENT=203 ;

--
-- Dumping data for table `dn_users_groups`
--

INSERT INTO `dn_users_groups` (`id`, `user_id`, `group_id`) VALUES
(1, 1, 1),
(96, 75, 2),
(97, 76, 2),
(98, 77, 2),
(99, 78, 2),
(100, 79, 2),
(101, 80, 2),
(102, 81, 2),
(103, 82, 2),
(105, 84, 2),
(106, 85, 2),
(107, 86, 2),
(108, 87, 2),
(109, 88, 2),
(110, 89, 2),
(111, 90, 2),
(125, 104, 2),
(126, 105, 2),
(127, 106, 2),
(128, 107, 2),
(138, 117, 2),
(139, 118, 2),
(140, 119, 2),
(141, 120, 2),
(142, 121, 2),
(143, 122, 2),
(144, 123, 2),
(145, 124, 2),
(146, 125, 2),
(147, 126, 2),
(148, 127, 2),
(149, 128, 2),
(150, 129, 2),
(151, 130, 2),
(152, 131, 2),
(154, 133, 2),
(155, 134, 2),
(156, 135, 2),
(157, 136, 2),
(158, 137, 2),
(159, 138, 2),
(160, 139, 2),
(172, 151, 2),
(175, 154, 2),
(183, 162, 2),
(184, 163, 2),
(193, 172, 2),
(195, 174, 2),
(196, 175, 2),
(197, 176, 2),
(198, 177, 2),
(199, 178, 2),
(200, 179, 2),
(201, 180, 2),
(202, 181, 2);

-- --------------------------------------------------------

--
-- Table structure for table `dn_user_address`
--

CREATE TABLE IF NOT EXISTS `dn_user_address` (
  `ua_id` int(11) NOT NULL AUTO_INCREMENT,
  `user_id` int(11) unsigned DEFAULT NULL,
  `house_no` varchar(50) DEFAULT NULL,
  `apartment_name` varchar(50) DEFAULT NULL,
  `other` varchar(50) DEFAULT NULL,
  `landmark` varchar(50) DEFAULT NULL,
  `city` varchar(50) DEFAULT NULL,
  `is_default` enum('0','1') NOT NULL DEFAULT '0',
  KEY `ua_id` (`ua_id`),
  KEY `fk_ua_id` (`user_id`)
) ENGINE=InnoDB  DEFAULT CHARSET=utf8 AUTO_INCREMENT=99 ;

--
-- Dumping data for table `dn_user_address`
--

INSERT INTO `dn_user_address` (`ua_id`, `user_id`, `house_no`, `apartment_name`, `other`, `landmark`, `city`, `is_default`) VALUES
(49, 119, '2-246', 'High lands', 'Green park', 'Begumpet', 'Hyderabad', ''),
(51, 122, 'Asd', '14124', 'Cee', 'Noombal', 'Chennai', ''),
(53, 75, '626616', 'kanaja', 'amkskss', 'Begumpet', 'Hyderabad', ''),
(54, 75, 'test', 'deneme', 'yanı', 'Secundrabad', 'Bengaluru', ''),
(55, 75, 'r', 'k', 'k', 'Noombal', 'Chennai', ''),
(56, 88, '56', 'Gh', 'Hbvf', 'Marathahalli', 'Bengaluru', ''),
(57, 126, 'Rgd', 'Fgd', 'Check hf', 'Begumpet', 'Hyderabad', ''),
(58, 123, '', '', '', 'Madhapur', 'Hyderabad', ''),
(59, 135, '45', 'Test1', '', 'Sanjay Lake', 'Delhi', ''),
(60, 136, '548', '56', '', 'Begumpet', 'Hyderabad', ''),
(61, 137, 'Jdjshsjs', 'Nnsbsbssb', '', 'Nemilichery', 'Chennai', ''),
(62, 139, '1', '', '', 'Madhapur', 'Hyderabad', ''),
(64, 162, '7a', 'Thffg', 'Gggg', 'Nemilichery', 'Chennai', ''),
(65, 81, 'Ggg', 'Ggg', 'Ggg', 'Madhapur', 'Hyderabad', ''),
(66, 1, '12', 'tete', 'tetet', 'Begumpet', 'Hyderabad', ''),
(69, 172, 'Cvv', 'Gghh', '', 'Madhapur', 'Hyderabad', ''),
(83, 175, 'Ggvg jhh', 'Fdjvhjv jhg', 'Hjjc jhfg', 'Begumpet', 'Hyderabad', ''),
(84, 123, '', '', '', 'Madhapur', 'Hyderabad', ''),
(85, 178, '107', 'Lohiya', 'Marredpally', 'Secundrabad', 'Hyderabad', ''),
(86, 179, '10', 'Lalitha Apartments', '', 'Secundrabad', 'Hyderabad', ''),
(88, 180, 'H.no78/45-3/8', 'Kr puram', 'Gj and jh', 'KR Puram', 'Bangalore', ''),
(96, 181, 'H.no 45/75-68', 'Test apartments', 'Test avg', 'KR Puram', 'Bangalore', ''),
(97, 181, 'H.no 53/12-74', 'Villas apartments', 'Gandhi Nagar main road', 'JANGOAN', 'Warangal', '');

--
-- Constraints for dumped tables
--

--
-- Constraints for table `dn_items`
--
ALTER TABLE `dn_items`
  ADD CONSTRAINT `fk_menu` FOREIGN KEY (`menu_id`) REFERENCES `dn_menu` (`menu_id`) ON DELETE CASCADE ON UPDATE NO ACTION;

--
-- Constraints for table `dn_item_addons`
--
ALTER TABLE `dn_item_addons`
  ADD CONSTRAINT `fk_item_addon_id` FOREIGN KEY (`addon_id`) REFERENCES `dn_addons` (`addon_id`) ON DELETE CASCADE ON UPDATE NO ACTION,
  ADD CONSTRAINT `fk_item_item_id` FOREIGN KEY (`item_id`) REFERENCES `dn_items` (`item_id`) ON DELETE CASCADE ON UPDATE NO ACTION;

--
-- Constraints for table `dn_item_options`
--
ALTER TABLE `dn_item_options`
  ADD CONSTRAINT `fk_item_size_id` FOREIGN KEY (`option_id`) REFERENCES `dn_options` (`option_id`) ON DELETE CASCADE;

--
-- Constraints for table `dn_offer_products`
--
ALTER TABLE `dn_offer_products`
  ADD CONSTRAINT `fk_offers` FOREIGN KEY (`offer_id`) REFERENCES `dn_offers` (`offer_id`) ON DELETE CASCADE ON UPDATE NO ACTION;

--
-- Constraints for table `dn_order_products`
--
ALTER TABLE `dn_order_products`
  ADD CONSTRAINT `fk_order_id` FOREIGN KEY (`order_id`) REFERENCES `dn_orders` (`order_id`) ON DELETE CASCADE;

--
-- Constraints for table `dn_service_provide_locations`
--
ALTER TABLE `dn_service_provide_locations`
  ADD CONSTRAINT `fk_city_id` FOREIGN KEY (`city_id`) REFERENCES `dn_pl_cities` (`city_id`) ON DELETE CASCADE;

--
-- Constraints for table `dn_users_groups`
--
ALTER TABLE `dn_users_groups`
  ADD CONSTRAINT `fk_users_groups_groups1` FOREIGN KEY (`group_id`) REFERENCES `dn_groups` (`id`) ON DELETE CASCADE ON UPDATE NO ACTION,
  ADD CONSTRAINT `fk_users_groups_users1` FOREIGN KEY (`user_id`) REFERENCES `dn_users` (`id`) ON DELETE CASCADE ON UPDATE NO ACTION;

--
-- Constraints for table `dn_user_address`
--
ALTER TABLE `dn_user_address`
  ADD CONSTRAINT `fk_ua_id` FOREIGN KEY (`user_id`) REFERENCES `dn_users` (`id`) ON DELETE CASCADE;

/*!40101 SET CHARACTER_SET_CLIENT=@OLD_CHARACTER_SET_CLIENT */;
/*!40101 SET CHARACTER_SET_RESULTS=@OLD_CHARACTER_SET_RESULTS */;
/*!40101 SET COLLATION_CONNECTION=@OLD_COLLATION_CONNECTION */;
